Running sim_takane_6m Takane_no_Nadeshiko
[sim_takane_6m] step=0 iso=2025-07-05 display=Saturday, July 5, 2025 08:00 stale=1
[sim_takane_6m] open unread inbox item at 2025-07-05
[sim_takane_6m] open unread inbox item at 2025-07-05
[sim_takane_6m] open unread inbox item at 2025-07-05
[sim_takane_6m] step=25 iso=2025-07-18 display=Friday, July 18, 2025 08:00 stale=0
[sim_takane_6m] step=50 iso=2025-08-01 display=Friday, August 1, 2025 08:00 stale=0
[sim_takane_6m] open today's live schedule at 2025-08-01
[sim_takane_6m] open today's live schedule at 2025-08-01
[sim_takane_6m] open today's live schedule at 2025-08-01
[sim_takane_6m] open today's live schedule at 2025-08-01
[sim_takane_6m] open today's live schedule at 2025-08-01
[sim_takane_6m] open today's live schedule at 2025-08-01
[sim_takane_6m] open today's live schedule at 2025-08-01
[sim_takane_6m] open today's live schedule at 2025-08-01
[sim_takane_6m] open today's live schedule at 2025-08-01
[sim_takane_6m] open today's live schedule at 2025-08-01
[sim_takane_6m] open today's live schedule at 2025-08-01
[sim_takane_6m] open today's live schedule at 2025-08-01
[sim_takane_6m] open today's live schedule at 2025-08-01
[sim_takane_6m] open today's live schedule at 2025-08-01
[sim_takane_6m] open today's live schedule at 2025-08-01
[sim_takane_6m] open today's live schedule at 2025-08-01
[sim_takane_6m] open today's live schedule at 2025-08-01
[sim_takane_6m] open today's live schedule at 2025-08-01
[sim_takane_6m] open today's live schedule at 2025-08-01
[sim_takane_6m] open today's live schedule at 2025-08-01
[sim_takane_6m] stale buttons Friday, August 1, 2025 19:20 :: [{"text":"Main menu","disabled":false,"id":"btn-main-menu"},{"text":"Save game","disabled":false,"id":"btn-save"},{"text":"Load game","disabled":false,"id":"btn-load"},{"text":"New game","disabled":false,"id":"btn-new"},{"text":"Clear slot","disabled":false,"id":"btn-clear"},{"text":"‹","disabled":false,"id":""},{"text":"›","disabled":true,"id":""},{"text":"Friday, August 1, 2025 19:20","disabled":false,"id":"btn-goto-schedule"},{"text":"Next","disabled":false,"id":"btn-next-day"},{"text":"Inbox","disabled":false,"id":""},{"text":"Idols","disabled":false,"id":""},{"text":"Groups","disabled":false,"id":""},{"text":"Training","disabled":false,"id":""},{"text":"Schedule","disabled":false,"id":""},{"text":"Lives","disabled":false,"id":""},{"text":"Songs","disabled":false,"id":""},{"text":"Making","disabled":false,"id":""},{"text":"Media","disabled":false,"id":""},{"text":"Scout","disabled":false,"id":""},{"text":"Finances","disabled":false,"id":""},{"text":"Mark all read","disabled":true,"id":"btn-inbox-mark-all"},{"text":"* Today's live schedule\n        2025-08-01 - Assistant","disabled":false,"id":""},{"text":"Morning training ended\n        2025-07-31 - Training","disabled":false,"id":""},{"text":"Morning training ended\n        2025-07-30 - Training","disabled":false,"id":""},{"text":"Morning training ended\n        2025-07-29 - Training","disabled":false,"id":""},{"text":"Afternoon training ended\n        2025-07-28 - Training","disabled":false,"id":""},{"text":"Morning training ended\n        2025-07-28 - Training","disabled":false,"id":""},{"text":"Weekly news roundup\n        2025-07-28 - News","disabled":false,"id":""},{"text":"Morning training ended\n        2025-07-25 - Training","disabled":false,"id":""},{"text":"Morning training ended\n        2025-07-24 - Training","disabled":false,"id":""},{"text":"Morning training ended\n        2025-07-23 - Training","disabled":false,"id":""},{"text":"Morning training ended\n        2025-07-22 - Training","disabled":false,"id":""},{"text":"Morning training ended\n        2025-07-21 - Training","disabled":false,"id":""},{"text":"Weekly news roundup\n        2025-07-21 - News","disabled":false,"id":""},{"text":"Morning training ended\n        2025-07-18 - Training","disabled":false,"id":""},{"text":"Morning training ended\n        2025-07-17 - Training","disabled":false,"id":""},{"text":"Morning training ended\n        2025-07-16 - Training","disabled":false,"id":""},{"text":"Morning training ended\n        2025-07-15 - Training","disabled":false,"id":""},{"text":"Morning training ended\n        2025-07-14 - Training","disabled":false,"id":""},{"text":"Weekly news roundup\n        2025-07-14 - News","disabled":false,"id":""}]
[sim_takane_6m] open today's live schedule at 2025-08-01
[sim_takane_6m] open today's live schedule at 2025-08-01
[sim_takane_6m] open today's live schedule at 2025-08-01
[sim_takane_6m] open today's live schedule at 2025-08-01
[sim_takane_6m] step=75 iso=2025-08-01 display=Friday, August 1, 2025 19:20 stale=24
[sim_takane_6m] open today's live schedule at 2025-08-01
[sim_takane_6m] open today's live schedule at 2025-08-01
[sim_takane_6m] open today's live schedule at 2025-08-01
[sim_takane_6m] open today's live schedule at 2025-08-01
[sim_takane_6m] open today's live schedule at 2025-08-01
[sim_takane_6m] open today's live schedule at 2025-08-01
[sim_takane_6m] open today's live schedule at 2025-08-01
[sim_takane_6m] open today's live schedule at 2025-08-01
[sim_takane_6m] open today's live schedule at 2025-08-01
[sim_takane_6m] open today's live schedule at 2025-08-01
[sim_takane_6m] open today's live schedule at 2025-08-01
[sim_takane_6m] open today's live schedule at 2025-08-01
[sim_takane_6m] open today's live schedule at 2025-08-01
[sim_takane_6m] open today's live schedule at 2025-08-01
[sim_takane_6m] open today's live schedule at 2025-08-01
[sim_takane_6m] open today's live schedule at 2025-08-01
[sim_takane_6m] stale buttons Friday, August 1, 2025 19:20 :: [{"text":"Main menu","disabled":false,"id":"btn-main-menu"},{"text":"Save game","disabled":false,"id":"btn-save"},{"text":"Load game","disabled":false,"id":"btn-load"},{"text":"New game","disabled":false,"id":"btn-new"},{"text":"Clear slot","disabled":false,"id":"btn-clear"},{"text":"‹","disabled":false,"id":""},{"text":"›","disabled":true,"id":""},{"text":"Friday, August 1, 2025 19:20","disabled":false,"id":"btn-goto-schedule"},{"text":"Next","disabled":false,"id":"btn-next-day"},{"text":"Inbox","disabled":false,"id":""},{"text":"Idols","disabled":false,"id":""},{"text":"Groups","disabled":false,"id":""},{"text":"Training","disabled":false,"id":""},{"text":"Schedule","disabled":false,"id":""},{"text":"Lives","disabled":false,"id":""},{"text":"Songs","disabled":false,"id":""},{"text":"Making","disabled":false,"id":""},{"text":"Media","disabled":false,"id":""},{"text":"Scout","disabled":false,"id":""},{"text":"Finances","disabled":false,"id":""},{"text":"Mark all read","disabled":true,"id":"btn-inbox-mark-all"},{"text":"* Today's live schedule\n        2025-08-01 - Assistant","disabled":false,"id":""},{"text":"Morning training ended\n        2025-07-31 - Training","disabled":false,"id":""},{"text":"Morning training ended\n        2025-07-30 - Training","disabled":false,"id":""},{"text":"Morning training ended\n        2025-07-29 - Training","disabled":false,"id":""},{"text":"Afternoon training ended\n        2025-07-28 - Training","disabled":false,"id":""},{"text":"Morning training ended\n        2025-07-28 - Training","disabled":false,"id":""},{"text":"Weekly news roundup\n        2025-07-28 - News","disabled":false,"id":""},{"text":"Morning training ended\n        2025-07-25 - Training","disabled":false,"id":""},{"text":"Morning training ended\n        2025-07-24 - Training","disabled":false,"id":""},{"text":"Morning training ended\n        2025-07-23 - Training","disabled":false,"id":""},{"text":"Morning training ended\n        2025-07-22 - Training","disabled":false,"id":""},{"text":"Morning training ended\n        2025-07-21 - Training","disabled":false,"id":""},{"text":"Weekly news roundup\n        2025-07-21 - News","disabled":false,"id":""},{"text":"Morning training ended\n        2025-07-18 - Training","disabled":false,"id":""},{"text":"Morning training ended\n        2025-07-17 - Training","disabled":false,"id":""},{"text":"Morning training ended\n        2025-07-16 - Training","disabled":false,"id":""},{"text":"Morning training ended\n        2025-07-15 - Training","disabled":false,"id":""},{"text":"Morning training ended\n        2025-07-14 - Training","disabled":false,"id":""},{"text":"Weekly news roundup\n        2025-07-14 - News","disabled":false,"id":""}]
[sim_takane_6m] open today's live schedule at 2025-08-01
[sim_takane_6m] open today's live schedule at 2025-08-01
[sim_takane_6m] open today's live schedule at 2025-08-01
[sim_takane_6m] open today's live schedule at 2025-08-01
[sim_takane_6m] open today's live schedule at 2025-08-01
[sim_takane_6m] open today's live schedule at 2025-08-01
[sim_takane_6m] open today's live schedule at 2025-08-01
[sim_takane_6m] open today's live schedule at 2025-08-01
[sim_takane_6m] open today's live schedule at 2025-08-01
[sim_takane_6m] step=100 iso=2025-08-01 display=Friday, August 1, 2025 19:20 stale=49
[sim_takane_6m] open today's live schedule at 2025-08-01
[sim_takane_6m] open today's live schedule at 2025-08-01
[sim_takane_6m] open today's live schedule at 2025-08-01
[sim_takane_6m] open today's live schedule at 2025-08-01
[sim_takane_6m] open today's live schedule at 2025-08-01
[sim_takane_6m] open today's live schedule at 2025-08-01
[sim_takane_6m] open today's live schedule at 2025-08-01
[sim_takane_6m] open today's live schedule at 2025-08-01
[sim_takane_6m] open today's live schedule at 2025-08-01
[sim_takane_6m] open today's live schedule at 2025-08-01
[sim_takane_6m] open today's live schedule at 2025-08-01
[sim_takane_6m] stale buttons Friday, August 1, 2025 19:20 :: [{"text":"Main menu","disabled":false,"id":"btn-main-menu"},{"text":"Save game","disabled":false,"id":"btn-save"},{"text":"Load game","disabled":false,"id":"btn-load"},{"text":"New game","disabled":false,"id":"btn-new"},{"text":"Clear slot","disabled":false,"id":"btn-clear"},{"text":"‹","disabled":false,"id":""},{"text":"›","disabled":true,"id":""},{"text":"Friday, August 1, 2025 19:20","disabled":false,"id":"btn-goto-schedule"},{"text":"Next","disabled":false,"id":"btn-next-day"},{"text":"Inbox","disabled":false,"id":""},{"text":"Idols","disabled":false,"id":""},{"text":"Groups","disabled":false,"id":""},{"text":"Training","disabled":false,"id":""},{"text":"Schedule","disabled":false,"id":""},{"text":"Lives","disabled":false,"id":""},{"text":"Songs","disabled":false,"id":""},{"text":"Making","disabled":false,"id":""},{"text":"Media","disabled":false,"id":""},{"text":"Scout","disabled":false,"id":""},{"text":"Finances","disabled":false,"id":""},{"text":"Mark all read","disabled":true,"id":"btn-inbox-mark-all"},{"text":"* Today's live schedule\n        2025-08-01 - Assistant","disabled":false,"id":""},{"text":"Morning training ended\n        2025-07-31 - Training","disabled":false,"id":""},{"text":"Morning training ended\n        2025-07-30 - Training","disabled":false,"id":""},{"text":"Morning training ended\n        2025-07-29 - Training","disabled":false,"id":""},{"text":"Afternoon training ended\n        2025-07-28 - Training","disabled":false,"id":""},{"text":"Morning training ended\n        2025-07-28 - Training","disabled":false,"id":""},{"text":"Weekly news roundup\n        2025-07-28 - News","disabled":false,"id":""},{"text":"Morning training ended\n        2025-07-25 - Training","disabled":false,"id":""},{"text":"Morning training ended\n        2025-07-24 - Training","disabled":false,"id":""},{"text":"Morning training ended\n        2025-07-23 - Training","disabled":false,"id":""},{"text":"Morning training ended\n        2025-07-22 - Training","disabled":false,"id":""},{"text":"Morning training ended\n        2025-07-21 - Training","disabled":false,"id":""},{"text":"Weekly news roundup\n        2025-07-21 - News","disabled":false,"id":""},{"text":"Morning training ended\n        2025-07-18 - Training","disabled":false,"id":""},{"text":"Morning training ended\n        2025-07-17 - Training","disabled":false,"id":""},{"text":"Morning training ended\n        2025-07-16 - Training","disabled":false,"id":""},{"text":"Morning training ended\n        2025-07-15 - Training","disabled":false,"id":""},{"text":"Morning training ended\n        2025-07-14 - Training","disabled":false,"id":""},{"text":"Weekly news roundup\n        2025-07-14 - News","disabled":false,"id":""}]
[sim_takane_6m] open today's live schedule at 2025-08-01
[sim_takane_6m] open today's live schedule at 2025-08-01
[sim_takane_6m] open today's live schedule at 2025-08-01
[sim_takane_6m] open today's live schedule at 2025-08-01
[sim_takane_6m] open today's live schedule at 2025-08-01
[sim_takane_6m] open today's live schedule at 2025-08-01
[sim_takane_6m] open today's live schedule at 2025-08-01
[sim_takane_6m] open today's live schedule at 2025-08-01
[sim_takane_6m] open today's live schedule at 2025-08-01
[sim_takane_6m] open today's live schedule at 2025-08-01
[sim_takane_6m] open today's live schedule at 2025-08-01
[sim_takane_6m] open today's live schedule at 2025-08-01
[sim_takane_6m] open today's live schedule at 2025-08-01
[sim_takane_6m] open today's live schedule at 2025-08-01
[sim_takane_6m] step=125 iso=2025-08-01 display=Friday, August 1, 2025 19:20 stale=74
[sim_takane_6m] open today's live schedule at 2025-08-01
[sim_takane_6m] open today's live schedule at 2025-08-01
[sim_takane_6m] open today's live schedule at 2025-08-01
[sim_takane_6m] open today's live schedule at 2025-08-01
[sim_takane_6m] open today's live schedule at 2025-08-01
[sim_takane_6m] open today's live schedule at 2025-08-01
[sim_takane_6m] stale buttons Friday, August 1, 2025 19:20 :: [{"text":"Main menu","disabled":false,"id":"btn-main-menu"},{"text":"Save game","disabled":false,"id":"btn-save"},{"text":"Load game","disabled":false,"id":"btn-load"},{"text":"New game","disabled":false,"id":"btn-new"},{"text":"Clear slot","disabled":false,"id":"btn-clear"},{"text":"‹","disabled":false,"id":""},{"text":"›","disabled":true,"id":""},{"text":"Friday, August 1, 2025 19:20","disabled":false,"id":"btn-goto-schedule"},{"text":"Next","disabled":false,"id":"btn-next-day"},{"text":"Inbox","disabled":false,"id":""},{"text":"Idols","disabled":false,"id":""},{"text":"Groups","disabled":false,"id":""},{"text":"Training","disabled":false,"id":""},{"text":"Schedule","disabled":false,"id":""},{"text":"Lives","disabled":false,"id":""},{"text":"Songs","disabled":false,"id":""},{"text":"Making","disabled":false,"id":""},{"text":"Media","disabled":false,"id":""},{"text":"Scout","disabled":false,"id":""},{"text":"Finances","disabled":false,"id":""},{"text":"Mark all read","disabled":true,"id":"btn-inbox-mark-all"},{"text":"* Today's live schedule\n        2025-08-01 - Assistant","disabled":false,"id":""},{"text":"Morning training ended\n        2025-07-31 - Training","disabled":false,"id":""},{"text":"Morning training ended\n        2025-07-30 - Training","disabled":false,"id":""},{"text":"Morning training ended\n        2025-07-29 - Training","disabled":false,"id":""},{"text":"Afternoon training ended\n        2025-07-28 - Training","disabled":false,"id":""},{"text":"Morning training ended\n        2025-07-28 - Training","disabled":false,"id":""},{"text":"Weekly news roundup\n        2025-07-28 - News","disabled":false,"id":""},{"text":"Morning training ended\n        2025-07-25 - Training","disabled":false,"id":""},{"text":"Morning training ended\n        2025-07-24 - Training","disabled":false,"id":""},{"text":"Morning training ended\n        2025-07-23 - Training","disabled":false,"id":""},{"text":"Morning training ended\n        2025-07-22 - Training","disabled":false,"id":""},{"text":"Morning training ended\n        2025-07-21 - Training","disabled":false,"id":""},{"text":"Weekly news roundup\n        2025-07-21 - News","disabled":false,"id":""},{"text":"Morning training ended\n        2025-07-18 - Training","disabled":false,"id":""},{"text":"Morning training ended\n        2025-07-17 - Training","disabled":false,"id":""},{"text":"Morning training ended\n        2025-07-16 - Training","disabled":false,"id":""},{"text":"Morning training ended\n        2025-07-15 - Training","disabled":false,"id":""},{"text":"Morning training ended\n        2025-07-14 - Training","disabled":false,"id":""},{"text":"Weekly news roundup\n        2025-07-14 - News","disabled":false,"id":""}]
[sim_takane_6m] open today's live schedule at 2025-08-01
[sim_takane_6m] open today's live schedule at 2025-08-01
[sim_takane_6m] open today's live schedule at 2025-08-01
[sim_takane_6m] open today's live schedule at 2025-08-01
[sim_takane_6m] open today's live schedule at 2025-08-01
[sim_takane_6m] open today's live schedule at 2025-08-01
[sim_takane_6m] open today's live schedule at 2025-08-01
[sim_takane_6m] open today's live schedule at 2025-08-01
[sim_takane_6m] open today's live schedule at 2025-08-01
[sim_takane_6m] open today's live schedule at 2025-08-01
[sim_takane_6m] open today's live schedule at 2025-08-01
[sim_takane_6m] open today's live schedule at 2025-08-01
[sim_takane_6m] open today's live schedule at 2025-08-01
[sim_takane_6m] open today's live schedule at 2025-08-01
[sim_takane_6m] open today's live schedule at 2025-08-01
[sim_takane_6m] open today's live schedule at 2025-08-01
[sim_takane_6m] open today's live schedule at 2025-08-01
[sim_takane_6m] open today's live schedule at 2025-08-01
[sim_takane_6m] open today's live schedule at 2025-08-01
[sim_takane_6m] step=150 iso=2025-08-01 display=Friday, August 1, 2025 19:20 stale=99
[sim_takane_6m] open today's live schedule at 2025-08-01
[sim_takane_6m] stale buttons Friday, August 1, 2025 19:20 :: [{"text":"Main menu","disabled":false,"id":"btn-main-menu"},{"text":"Save game","disabled":false,"id":"btn-save"},{"text":"Load game","disabled":false,"id":"btn-load"},{"text":"New game","disabled":false,"id":"btn-new"},{"text":"Clear slot","disabled":false,"id":"btn-clear"},{"text":"‹","disabled":false,"id":""},{"text":"›","disabled":true,"id":""},{"text":"Friday, August 1, 2025 19:20","disabled":false,"id":"btn-goto-schedule"},{"text":"Next","disabled":false,"id":"btn-next-day"},{"text":"Inbox","disabled":false,"id":""},{"text":"Idols","disabled":false,"id":""},{"text":"Groups","disabled":false,"id":""},{"text":"Training","disabled":false,"id":""},{"text":"Schedule","disabled":false,"id":""},{"text":"Lives","disabled":false,"id":""},{"text":"Songs","disabled":false,"id":""},{"text":"Making","disabled":false,"id":""},{"text":"Media","disabled":false,"id":""},{"text":"Scout","disabled":false,"id":""},{"text":"Finances","disabled":false,"id":""},{"text":"Mark all read","disabled":true,"id":"btn-inbox-mark-all"},{"text":"* Today's live schedule\n        2025-08-01 - Assistant","disabled":false,"id":""},{"text":"Morning training ended\n        2025-07-31 - Training","disabled":false,"id":""},{"text":"Morning training ended\n        2025-07-30 - Training","disabled":false,"id":""},{"text":"Morning training ended\n        2025-07-29 - Training","disabled":false,"id":""},{"text":"Afternoon training ended\n        2025-07-28 - Training","disabled":false,"id":""},{"text":"Morning training ended\n        2025-07-28 - Training","disabled":false,"id":""},{"text":"Weekly news roundup\n        2025-07-28 - News","disabled":false,"id":""},{"text":"Morning training ended\n        2025-07-25 - Training","disabled":false,"id":""},{"text":"Morning training ended\n        2025-07-24 - Training","disabled":false,"id":""},{"text":"Morning training ended\n        2025-07-23 - Training","disabled":false,"id":""},{"text":"Morning training ended\n        2025-07-22 - Training","disabled":false,"id":""},{"text":"Morning training ended\n        2025-07-21 - Training","disabled":false,"id":""},{"text":"Weekly news roundup\n        2025-07-21 - News","disabled":false,"id":""},{"text":"Morning training ended\n        2025-07-18 - Training","disabled":false,"id":""},{"text":"Morning training ended\n        2025-07-17 - Training","disabled":false,"id":""},{"text":"Morning training ended\n        2025-07-16 - Training","disabled":false,"id":""},{"text":"Morning training ended\n        2025-07-15 - Training","disabled":false,"id":""},{"text":"Morning training ended\n        2025-07-14 - Training","disabled":false,"id":""},{"text":"Weekly news roundup\n        2025-07-14 - News","disabled":false,"id":""}]
[sim_takane_6m] open today's live schedule at 2025-08-01
[sim_takane_6m] open today's live schedule at 2025-08-01
[sim_takane_6m] open today's live schedule at 2025-08-01
[sim_takane_6m] open today's live schedule at 2025-08-01
[sim_takane_6m] open today's live schedule at 2025-08-01
[sim_takane_6m] open today's live schedule at 2025-08-01
[sim_takane_6m] open today's live schedule at 2025-08-01
[sim_takane_6m] open today's live schedule at 2025-08-01
[sim_takane_6m] open today's live schedule at 2025-08-01
[sim_takane_6m] open today's live schedule at 2025-08-01
[sim_takane_6m] open today's live schedule at 2025-08-01
[sim_takane_6m] open today's live schedule at 2025-08-01
[sim_takane_6m] open today's live schedule at 2025-08-01
[sim_takane_6m] open today's live schedule at 2025-08-01
[sim_takane_6m] open today's live schedule at 2025-08-01
[sim_takane_6m] open today's live schedule at 2025-08-01
[sim_takane_6m] open today's live schedule at 2025-08-01
[sim_takane_6m] open today's live schedule at 2025-08-01
[sim_takane_6m] open today's live schedule at 2025-08-01
[sim_takane_6m] open today's live schedule at 2025-08-01
[sim_takane_6m] stale buttons Friday, August 1, 2025 19:20 :: [{"text":"Main menu","disabled":false,"id":"btn-main-menu"},{"text":"Save game","disabled":false,"id":"btn-save"},{"text":"Load game","disabled":false,"id":"btn-load"},{"text":"New game","disabled":false,"id":"btn-new"},{"text":"Clear slot","disabled":false,"id":"btn-clear"},{"text":"‹","disabled":false,"id":""},{"text":"›","disabled":true,"id":""},{"text":"Friday, August 1, 2025 19:20","disabled":false,"id":"btn-goto-schedule"},{"text":"Next","disabled":false,"id":"btn-next-day"},{"text":"Inbox","disabled":false,"id":""},{"text":"Idols","disabled":false,"id":""},{"text":"Groups","disabled":false,"id":""},{"text":"Training","disabled":false,"id":""},{"text":"Schedule","disabled":false,"id":""},{"text":"Lives","disabled":false,"id":""},{"text":"Songs","disabled":false,"id":""},{"text":"Making","disabled":false,"id":""},{"text":"Media","disabled":false,"id":""},{"text":"Scout","disabled":false,"id":""},{"text":"Finances","disabled":false,"id":""},{"text":"Mark all read","disabled":true,"id":"btn-inbox-mark-all"},{"text":"* Today's live schedule\n        2025-08-01 - Assistant","disabled":false,"id":""},{"text":"Morning training ended\n        2025-07-31 - Training","disabled":false,"id":""},{"text":"Morning training ended\n        2025-07-30 - Training","disabled":false,"id":""},{"text":"Morning training ended\n        2025-07-29 - Training","disabled":false,"id":""},{"text":"Afternoon training ended\n        2025-07-28 - Training","disabled":false,"id":""},{"text":"Morning training ended\n        2025-07-28 - Training","disabled":false,"id":""},{"text":"Weekly news roundup\n        2025-07-28 - News","disabled":false,"id":""},{"text":"Morning training ended\n        2025-07-25 - Training","disabled":false,"id":""},{"text":"Morning training ended\n        2025-07-24 - Training","disabled":false,"id":""},{"text":"Morning training ended\n        2025-07-23 - Training","disabled":false,"id":""},{"text":"Morning training ended\n        2025-07-22 - Training","disabled":false,"id":""},{"text":"Morning training ended\n        2025-07-21 - Training","disabled":false,"id":""},{"text":"Weekly news roundup\n        2025-07-21 - News","disabled":false,"id":""},{"text":"Morning training ended\n        2025-07-18 - Training","disabled":false,"id":""},{"text":"Morning training ended\n        2025-07-17 - Training","disabled":false,"id":""},{"text":"Morning training ended\n        2025-07-16 - Training","disabled":false,"id":""},{"text":"Morning training ended\n        2025-07-15 - Training","disabled":false,"id":""},{"text":"Morning training ended\n        2025-07-14 - Training","disabled":false,"id":""},{"text":"Weekly news roundup\n        2025-07-14 - News","disabled":false,"id":""}]
[sim_takane_6m] open today's live schedule at 2025-08-01
[sim_takane_6m] open today's live schedule at 2025-08-01
[sim_takane_6m] open today's live schedule at 2025-08-01
[sim_takane_6m] open today's live schedule at 2025-08-01
[sim_takane_6m] step=175 iso=2025-08-01 display=Friday, August 1, 2025 19:20 stale=124
[sim_takane_6m] open today's live schedule at 2025-08-01
[sim_takane_6m] open today's live schedule at 2025-08-01
[sim_takane_6m] open today's live schedule at 2025-08-01
[sim_takane_6m] open today's live schedule at 2025-08-01
[sim_takane_6m] open today's live schedule at 2025-08-01
[sim_takane_6m] open today's live schedule at 2025-08-01
[sim_takane_6m] open today's live schedule at 2025-08-01
[sim_takane_6m] open today's live schedule at 2025-08-01
[sim_takane_6m] open today's live schedule at 2025-08-01
[sim_takane_6m] open today's live schedule at 2025-08-01
[sim_takane_6m] open today's live schedule at 2025-08-01
[sim_takane_6m] open today's live schedule at 2025-08-01
[sim_takane_6m] open today's live schedule at 2025-08-01
[sim_takane_6m] open today's live schedule at 2025-08-01
[sim_takane_6m] open today's live schedule at 2025-08-01
[sim_takane_6m] open today's live schedule at 2025-08-01
[sim_takane_6m] stale buttons Friday, August 1, 2025 19:20 :: [{"text":"Main menu","disabled":false,"id":"btn-main-menu"},{"text":"Save game","disabled":false,"id":"btn-save"},{"text":"Load game","disabled":false,"id":"btn-load"},{"text":"New game","disabled":false,"id":"btn-new"},{"text":"Clear slot","disabled":false,"id":"btn-clear"},{"text":"‹","disabled":false,"id":""},{"text":"›","disabled":true,"id":""},{"text":"Friday, August 1, 2025 19:20","disabled":false,"id":"btn-goto-schedule"},{"text":"Next","disabled":false,"id":"btn-next-day"},{"text":"Inbox","disabled":false,"id":""},{"text":"Idols","disabled":false,"id":""},{"text":"Groups","disabled":false,"id":""},{"text":"Training","disabled":false,"id":""},{"text":"Schedule","disabled":false,"id":""},{"text":"Lives","disabled":false,"id":""},{"text":"Songs","disabled":false,"id":""},{"text":"Making","disabled":false,"id":""},{"text":"Media","disabled":false,"id":""},{"text":"Scout","disabled":false,"id":""},{"text":"Finances","disabled":false,"id":""},{"text":"Mark all read","disabled":true,"id":"btn-inbox-mark-all"},{"text":"* Today's live schedule\n        2025-08-01 - Assistant","disabled":false,"id":""},{"text":"Morning training ended\n        2025-07-31 - Training","disabled":false,"id":""},{"text":"Morning training ended\n        2025-07-30 - Training","disabled":false,"id":""},{"text":"Morning training ended\n        2025-07-29 - Training","disabled":false,"id":""},{"text":"Afternoon training ended\n        2025-07-28 - Training","disabled":false,"id":""},{"text":"Morning training ended\n        2025-07-28 - Training","disabled":false,"id":""},{"text":"Weekly news roundup\n        2025-07-28 - News","disabled":false,"id":""},{"text":"Morning training ended\n        2025-07-25 - Training","disabled":false,"id":""},{"text":"Morning training ended\n        2025-07-24 - Training","disabled":false,"id":""},{"text":"Morning training ended\n        2025-07-23 - Training","disabled":false,"id":""},{"text":"Morning training ended\n        2025-07-22 - Training","disabled":false,"id":""},{"text":"Morning training ended\n        2025-07-21 - Training","disabled":false,"id":""},{"text":"Weekly news roundup\n        2025-07-21 - News","disabled":false,"id":""},{"text":"Morning training ended\n        2025-07-18 - Training","disabled":false,"id":""},{"text":"Morning training ended\n        2025-07-17 - Training","disabled":false,"id":""},{"text":"Morning training ended\n        2025-07-16 - Training","disabled":false,"id":""},{"text":"Morning training ended\n        2025-07-15 - Training","disabled":false,"id":""},{"text":"Morning training ended\n        2025-07-14 - Training","disabled":false,"id":""},{"text":"Weekly news roundup\n        2025-07-14 - News","disabled":false,"id":""}]
[sim_takane_6m] open today's live schedule at 2025-08-01
[sim_takane_6m] open today's live schedule at 2025-08-01
[sim_takane_6m] open today's live schedule at 2025-08-01
[sim_takane_6m] open today's live schedule at 2025-08-01
[sim_takane_6m] open today's live schedule at 2025-08-01
[sim_takane_6m] open today's live schedule at 2025-08-01
[sim_takane_6m] open today's live schedule at 2025-08-01
[sim_takane_6m] open today's live schedule at 2025-08-01
[sim_takane_6m] open today's live schedule at 2025-08-01
[sim_takane_6m] step=200 iso=2025-08-01 display=Friday, August 1, 2025 19:20 stale=149
[sim_takane_6m] open today's live schedule at 2025-08-01
[sim_takane_6m] open today's live schedule at 2025-08-01
[sim_takane_6m] open today's live schedule at 2025-08-01
[sim_takane_6m] open today's live schedule at 2025-08-01
[sim_takane_6m] open today's live schedule at 2025-08-01
[sim_takane_6m] open today's live schedule at 2025-08-01
[sim_takane_6m] open today's live schedule at 2025-08-01
[sim_takane_6m] open today's live schedule at 2025-08-01
[sim_takane_6m] open today's live schedule at 2025-08-01
[sim_takane_6m] open today's live schedule at 2025-08-01
[sim_takane_6m] open today's live schedule at 2025-08-01
[sim_takane_6m] stale buttons Friday, August 1, 2025 19:20 :: [{"text":"Main menu","disabled":false,"id":"btn-main-menu"},{"text":"Save game","disabled":false,"id":"btn-save"},{"text":"Load game","disabled":false,"id":"btn-load"},{"text":"New game","disabled":false,"id":"btn-new"},{"text":"Clear slot","disabled":false,"id":"btn-clear"},{"text":"‹","disabled":false,"id":""},{"text":"›","disabled":true,"id":""},{"text":"Friday, August 1, 2025 19:20","disabled":false,"id":"btn-goto-schedule"},{"text":"Next","disabled":false,"id":"btn-next-day"},{"text":"Inbox","disabled":false,"id":""},{"text":"Idols","disabled":false,"id":""},{"text":"Groups","disabled":false,"id":""},{"text":"Training","disabled":false,"id":""},{"text":"Schedule","disabled":false,"id":""},{"text":"Lives","disabled":false,"id":""},{"text":"Songs","disabled":false,"id":""},{"text":"Making","disabled":false,"id":""},{"text":"Media","disabled":false,"id":""},{"text":"Scout","disabled":false,"id":""},{"text":"Finances","disabled":false,"id":""},{"text":"Mark all read","disabled":true,"id":"btn-inbox-mark-all"},{"text":"* Today's live schedule\n        2025-08-01 - Assistant","disabled":false,"id":""},{"text":"Morning training ended\n        2025-07-31 - Training","disabled":false,"id":""},{"text":"Morning training ended\n        2025-07-30 - Training","disabled":false,"id":""},{"text":"Morning training ended\n        2025-07-29 - Training","disabled":false,"id":""},{"text":"Afternoon training ended\n        2025-07-28 - Training","disabled":false,"id":""},{"text":"Morning training ended\n        2025-07-28 - Training","disabled":false,"id":""},{"text":"Weekly news roundup\n        2025-07-28 - News","disabled":false,"id":""},{"text":"Morning training ended\n        2025-07-25 - Training","disabled":false,"id":""},{"text":"Morning training ended\n        2025-07-24 - Training","disabled":false,"id":""},{"text":"Morning training ended\n        2025-07-23 - Training","disabled":false,"id":""},{"text":"Morning training ended\n        2025-07-22 - Training","disabled":false,"id":""},{"text":"Morning training ended\n        2025-07-21 - Training","disabled":false,"id":""},{"text":"Weekly news roundup\n        2025-07-21 - News","disabled":false,"id":""},{"text":"Morning training ended\n        2025-07-18 - Training","disabled":false,"id":""},{"text":"Morning training ended\n        2025-07-17 - Training","disabled":false,"id":""},{"text":"Morning training ended\n        2025-07-16 - Training","disabled":false,"id":""},{"text":"Morning training ended\n        2025-07-15 - Training","disabled":false,"id":""},{"text":"Morning training ended\n        2025-07-14 - Training","disabled":false,"id":""},{"text":"Weekly news roundup\n        2025-07-14 - News","disabled":false,"id":""}]
[sim_takane_6m] open today's live schedule at 2025-08-01
[sim_takane_6m] open today's live schedule at 2025-08-01
[sim_takane_6m] open today's live schedule at 2025-08-01
[sim_takane_6m] open today's live schedule at 2025-08-01
[sim_takane_6m] open today's live schedule at 2025-08-01
[sim_takane_6m] open today's live schedule at 2025-08-01
[sim_takane_6m] open today's live schedule at 2025-08-01
[sim_takane_6m] open today's live schedule at 2025-08-01
[sim_takane_6m] open today's live schedule at 2025-08-01
[sim_takane_6m] open today's live schedule at 2025-08-01
[sim_takane_6m] open today's live schedule at 2025-08-01
[sim_takane_6m] open today's live schedule at 2025-08-01
[sim_takane_6m] open today's live schedule at 2025-08-01
[sim_takane_6m] open today's live schedule at 2025-08-01
[sim_takane_6m] step=225 iso=2025-08-01 display=Friday, August 1, 2025 19:20 stale=174
[sim_takane_6m] open today's live schedule at 2025-08-01
[sim_takane_6m] open today's live schedule at 2025-08-01
[sim_takane_6m] open today's live schedule at 2025-08-01
[sim_takane_6m] open today's live schedule at 2025-08-01
[sim_takane_6m] open today's live schedule at 2025-08-01
[sim_takane_6m] open today's live schedule at 2025-08-01
[sim_takane_6m] stale buttons Friday, August 1, 2025 19:20 :: [{"text":"Main menu","disabled":false,"id":"btn-main-menu"},{"text":"Save game","disabled":false,"id":"btn-save"},{"text":"Load game","disabled":false,"id":"btn-load"},{"text":"New game","disabled":false,"id":"btn-new"},{"text":"Clear slot","disabled":false,"id":"btn-clear"},{"text":"‹","disabled":false,"id":""},{"text":"›","disabled":true,"id":""},{"text":"Friday, August 1, 2025 19:20","disabled":false,"id":"btn-goto-schedule"},{"text":"Next","disabled":false,"id":"btn-next-day"},{"text":"Inbox","disabled":false,"id":""},{"text":"Idols","disabled":false,"id":""},{"text":"Groups","disabled":false,"id":""},{"text":"Training","disabled":false,"id":""},{"text":"Schedule","disabled":false,"id":""},{"text":"Lives","disabled":false,"id":""},{"text":"Songs","disabled":false,"id":""},{"text":"Making","disabled":false,"id":""},{"text":"Media","disabled":false,"id":""},{"text":"Scout","disabled":false,"id":""},{"text":"Finances","disabled":false,"id":""},{"text":"Mark all read","disabled":true,"id":"btn-inbox-mark-all"},{"text":"* Today's live schedule\n        2025-08-01 - Assistant","disabled":false,"id":""},{"text":"Morning training ended\n        2025-07-31 - Training","disabled":false,"id":""},{"text":"Morning training ended\n        2025-07-30 - Training","disabled":false,"id":""},{"text":"Morning training ended\n        2025-07-29 - Training","disabled":false,"id":""},{"text":"Afternoon training ended\n        2025-07-28 - Training","disabled":false,"id":""},{"text":"Morning training ended\n        2025-07-28 - Training","disabled":false,"id":""},{"text":"Weekly news roundup\n        2025-07-28 - News","disabled":false,"id":""},{"text":"Morning training ended\n        2025-07-25 - Training","disabled":false,"id":""},{"text":"Morning training ended\n        2025-07-24 - Training","disabled":false,"id":""},{"text":"Morning training ended\n        2025-07-23 - Training","disabled":false,"id":""},{"text":"Morning training ended\n        2025-07-22 - Training","disabled":false,"id":""},{"text":"Morning training ended\n        2025-07-21 - Training","disabled":false,"id":""},{"text":"Weekly news roundup\n        2025-07-21 - News","disabled":false,"id":""},{"text":"Morning training ended\n        2025-07-18 - Training","disabled":false,"id":""},{"text":"Morning training ended\n        2025-07-17 - Training","disabled":false,"id":""},{"text":"Morning training ended\n        2025-07-16 - Training","disabled":false,"id":""},{"text":"Morning training ended\n        2025-07-15 - Training","disabled":false,"id":""},{"text":"Morning training ended\n        2025-07-14 - Training","disabled":false,"id":""},{"text":"Weekly news roundup\n        2025-07-14 - News","disabled":false,"id":""}]
[sim_takane_6m] open today's live schedule at 2025-08-01
[sim_takane_6m] open today's live schedule at 2025-08-01
[sim_takane_6m] open today's live schedule at 2025-08-01
[sim_takane_6m] open today's live schedule at 2025-08-01
[sim_takane_6m] open today's live schedule at 2025-08-01
[sim_takane_6m] open today's live schedule at 2025-08-01
[sim_takane_6m] open today's live schedule at 2025-08-01
[sim_takane_6m] open today's live schedule at 2025-08-01
[sim_takane_6m] open today's live schedule at 2025-08-01
[sim_takane_6m] open today's live schedule at 2025-08-01
[sim_takane_6m] open today's live schedule at 2025-08-01
[sim_takane_6m] open today's live schedule at 2025-08-01
[sim_takane_6m] open today's live schedule at 2025-08-01
[sim_takane_6m] open today's live schedule at 2025-08-01
[sim_takane_6m] open today's live schedule at 2025-08-01
[sim_takane_6m] open today's live schedule at 2025-08-01
[sim_takane_6m] open today's live schedule at 2025-08-01
[sim_takane_6m] open today's live schedule at 2025-08-01
[sim_takane_6m] open today's live schedule at 2025-08-01
[sim_takane_6m] step=250 iso=2025-08-01 display=Friday, August 1, 2025 19:20 stale=199
[sim_takane_6m] open today's live schedule at 2025-08-01
[sim_takane_6m] stale buttons Friday, August 1, 2025 19:20 :: [{"text":"Main menu","disabled":false,"id":"btn-main-menu"},{"text":"Save game","disabled":false,"id":"btn-save"},{"text":"Load game","disabled":false,"id":"btn-load"},{"text":"New game","disabled":false,"id":"btn-new"},{"text":"Clear slot","disabled":false,"id":"btn-clear"},{"text":"‹","disabled":false,"id":""},{"text":"›","disabled":true,"id":""},{"text":"Friday, August 1, 2025 19:20","disabled":false,"id":"btn-goto-schedule"},{"text":"Next","disabled":false,"id":"btn-next-day"},{"text":"Inbox","disabled":false,"id":""},{"text":"Idols","disabled":false,"id":""},{"text":"Groups","disabled":false,"id":""},{"text":"Training","disabled":false,"id":""},{"text":"Schedule","disabled":false,"id":""},{"text":"Lives","disabled":false,"id":""},{"text":"Songs","disabled":false,"id":""},{"text":"Making","disabled":false,"id":""},{"text":"Media","disabled":false,"id":""},{"text":"Scout","disabled":false,"id":""},{"text":"Finances","disabled":false,"id":""},{"text":"Mark all read","disabled":true,"id":"btn-inbox-mark-all"},{"text":"* Today's live schedule\n        2025-08-01 - Assistant","disabled":false,"id":""},{"text":"Morning training ended\n        2025-07-31 - Training","disabled":false,"id":""},{"text":"Morning training ended\n        2025-07-30 - Training","disabled":false,"id":""},{"text":"Morning training ended\n        2025-07-29 - Training","disabled":false,"id":""},{"text":"Afternoon training ended\n        2025-07-28 - Training","disabled":false,"id":""},{"text":"Morning training ended\n        2025-07-28 - Training","disabled":false,"id":""},{"text":"Weekly news roundup\n        2025-07-28 - News","disabled":false,"id":""},{"text":"Morning training ended\n        2025-07-25 - Training","disabled":false,"id":""},{"text":"Morning training ended\n        2025-07-24 - Training","disabled":false,"id":""},{"text":"Morning training ended\n        2025-07-23 - Training","disabled":false,"id":""},{"text":"Morning training ended\n        2025-07-22 - Training","disabled":false,"id":""},{"text":"Morning training ended\n        2025-07-21 - Training","disabled":false,"id":""},{"text":"Weekly news roundup\n        2025-07-21 - News","disabled":false,"id":""},{"text":"Morning training ended\n        2025-07-18 - Training","disabled":false,"id":""},{"text":"Morning training ended\n        2025-07-17 - Training","disabled":false,"id":""},{"text":"Morning training ended\n        2025-07-16 - Training","disabled":false,"id":""},{"text":"Morning training ended\n        2025-07-15 - Training","disabled":false,"id":""},{"text":"Morning training ended\n        2025-07-14 - Training","disabled":false,"id":""},{"text":"Weekly news roundup\n        2025-07-14 - News","disabled":false,"id":""}]
[sim_takane_6m] open today's live schedule at 2025-08-01
[sim_takane_6m] open today's live schedule at 2025-08-01
[sim_takane_6m] open today's live schedule at 2025-08-01
[sim_takane_6m] open today's live schedule at 2025-08-01
[sim_takane_6m] open today's live schedule at 2025-08-01
[sim_takane_6m] open today's live schedule at 2025-08-01
[sim_takane_6m] open today's live schedule at 2025-08-01
[sim_takane_6m] open today's live schedule at 2025-08-01
[sim_takane_6m] open today's live schedule at 2025-08-01
[sim_takane_6m] open today's live schedule at 2025-08-01
[sim_takane_6m] open today's live schedule at 2025-08-01
[sim_takane_6m] open today's live schedule at 2025-08-01
[sim_takane_6m] open today's live schedule at 2025-08-01
[sim_takane_6m] open today's live schedule at 2025-08-01
[sim_takane_6m] open today's live schedule at 2025-08-01
[sim_takane_6m] open today's live schedule at 2025-08-01
[sim_takane_6m] open today's live schedule at 2025-08-01
[sim_takane_6m] open today's live schedule at 2025-08-01
[sim_takane_6m] open today's live schedule at 2025-08-01
[sim_takane_6m] open today's live schedule at 2025-08-01
[sim_takane_6m] stale buttons Friday, August 1, 2025 19:20 :: [{"text":"Main menu","disabled":false,"id":"btn-main-menu"},{"text":"Save game","disabled":false,"id":"btn-save"},{"text":"Load game","disabled":false,"id":"btn-load"},{"text":"New game","disabled":false,"id":"btn-new"},{"text":"Clear slot","disabled":false,"id":"btn-clear"},{"text":"‹","disabled":false,"id":""},{"text":"›","disabled":true,"id":""},{"text":"Friday, August 1, 2025 19:20","disabled":false,"id":"btn-goto-schedule"},{"text":"Next","disabled":false,"id":"btn-next-day"},{"text":"Inbox","disabled":false,"id":""},{"text":"Idols","disabled":false,"id":""},{"text":"Groups","disabled":false,"id":""},{"text":"Training","disabled":false,"id":""},{"text":"Schedule","disabled":false,"id":""},{"text":"Lives","disabled":false,"id":""},{"text":"Songs","disabled":false,"id":""},{"text":"Making","disabled":false,"id":""},{"text":"Media","disabled":false,"id":""},{"text":"Scout","disabled":false,"id":""},{"text":"Finances","disabled":false,"id":""},{"text":"Mark all read","disabled":true,"id":"btn-inbox-mark-all"},{"text":"* Today's live schedule\n        2025-08-01 - Assistant","disabled":false,"id":""},{"text":"Morning training ended\n        2025-07-31 - Training","disabled":false,"id":""},{"text":"Morning training ended\n        2025-07-30 - Training","disabled":false,"id":""},{"text":"Morning training ended\n        2025-07-29 - Training","disabled":false,"id":""},{"text":"Afternoon training ended\n        2025-07-28 - Training","disabled":false,"id":""},{"text":"Morning training ended\n        2025-07-28 - Training","disabled":false,"id":""},{"text":"Weekly news roundup\n        2025-07-28 - News","disabled":false,"id":""},{"text":"Morning training ended\n        2025-07-25 - Training","disabled":false,"id":""},{"text":"Morning training ended\n        2025-07-24 - Training","disabled":false,"id":""},{"text":"Morning training ended\n        2025-07-23 - Training","disabled":false,"id":""},{"text":"Morning training ended\n        2025-07-22 - Training","disabled":false,"id":""},{"text":"Morning training ended\n        2025-07-21 - Training","disabled":false,"id":""},{"text":"Weekly news roundup\n        2025-07-21 - News","disabled":false,"id":""},{"text":"Morning training ended\n        2025-07-18 - Training","disabled":false,"id":""},{"text":"Morning training ended\n        2025-07-17 - Training","disabled":false,"id":""},{"text":"Morning training ended\n        2025-07-16 - Training","disabled":false,"id":""},{"text":"Morning training ended\n        2025-07-15 - Training","disabled":false,"id":""},{"text":"Morning training ended\n        2025-07-14 - Training","disabled":false,"id":""},{"text":"Weekly news roundup\n        2025-07-14 - News","disabled":false,"id":""}]
[sim_takane_6m] open today's live schedule at 2025-08-01
[sim_takane_6m] open today's live schedule at 2025-08-01
[sim_takane_6m] open today's live schedule at 2025-08-01
[sim_takane_6m] open today's live schedule at 2025-08-01
[sim_takane_6m] step=275 iso=2025-08-01 display=Friday, August 1, 2025 19:20 stale=224
[sim_takane_6m] open today's live schedule at 2025-08-01
[sim_takane_6m] open today's live schedule at 2025-08-01
[sim_takane_6m] open today's live schedule at 2025-08-01
[sim_takane_6m] open today's live schedule at 2025-08-01
[sim_takane_6m] open today's live schedule at 2025-08-01
[sim_takane_6m] open today's live schedule at 2025-08-01
[sim_takane_6m] open today's live schedule at 2025-08-01
[sim_takane_6m] open today's live schedule at 2025-08-01
[sim_takane_6m] open today's live schedule at 2025-08-01
[sim_takane_6m] open today's live schedule at 2025-08-01
[sim_takane_6m] open today's live schedule at 2025-08-01
[sim_takane_6m] open today's live schedule at 2025-08-01
[sim_takane_6m] open today's live schedule at 2025-08-01
[sim_takane_6m] open today's live schedule at 2025-08-01
[sim_takane_6m] open today's live schedule at 2025-08-01
[sim_takane_6m] open today's live schedule at 2025-08-01
[sim_takane_6m] stale buttons Friday, August 1, 2025 19:20 :: [{"text":"Main menu","disabled":false,"id":"btn-main-menu"},{"text":"Save game","disabled":false,"id":"btn-save"},{"text":"Load game","disabled":false,"id":"btn-load"},{"text":"New game","disabled":false,"id":"btn-new"},{"text":"Clear slot","disabled":false,"id":"btn-clear"},{"text":"‹","disabled":false,"id":""},{"text":"›","disabled":true,"id":""},{"text":"Friday, August 1, 2025 19:20","disabled":false,"id":"btn-goto-schedule"},{"text":"Next","disabled":false,"id":"btn-next-day"},{"text":"Inbox","disabled":false,"id":""},{"text":"Idols","disabled":false,"id":""},{"text":"Groups","disabled":false,"id":""},{"text":"Training","disabled":false,"id":""},{"text":"Schedule","disabled":false,"id":""},{"text":"Lives","disabled":false,"id":""},{"text":"Songs","disabled":false,"id":""},{"text":"Making","disabled":false,"id":""},{"text":"Media","disabled":false,"id":""},{"text":"Scout","disabled":false,"id":""},{"text":"Finances","disabled":false,"id":""},{"text":"Mark all read","disabled":true,"id":"btn-inbox-mark-all"},{"text":"* Today's live schedule\n        2025-08-01 - Assistant","disabled":false,"id":""},{"text":"Morning training ended\n        2025-07-31 - Training","disabled":false,"id":""},{"text":"Morning training ended\n        2025-07-30 - Training","disabled":false,"id":""},{"text":"Morning training ended\n        2025-07-29 - Training","disabled":false,"id":""},{"text":"Afternoon training ended\n        2025-07-28 - Training","disabled":false,"id":""},{"text":"Morning training ended\n        2025-07-28 - Training","disabled":false,"id":""},{"text":"Weekly news roundup\n        2025-07-28 - News","disabled":false,"id":""},{"text":"Morning training ended\n        2025-07-25 - Training","disabled":false,"id":""},{"text":"Morning training ended\n        2025-07-24 - Training","disabled":false,"id":""},{"text":"Morning training ended\n        2025-07-23 - Training","disabled":false,"id":""},{"text":"Morning training ended\n        2025-07-22 - Training","disabled":false,"id":""},{"text":"Morning training ended\n        2025-07-21 - Training","disabled":false,"id":""},{"text":"Weekly news roundup\n        2025-07-21 - News","disabled":false,"id":""},{"text":"Morning training ended\n        2025-07-18 - Training","disabled":false,"id":""},{"text":"Morning training ended\n        2025-07-17 - Training","disabled":false,"id":""},{"text":"Morning training ended\n        2025-07-16 - Training","disabled":false,"id":""},{"text":"Morning training ended\n        2025-07-15 - Training","disabled":false,"id":""},{"text":"Morning training ended\n        2025-07-14 - Training","disabled":false,"id":""},{"text":"Weekly news roundup\n        2025-07-14 - News","disabled":false,"id":""}]
[sim_takane_6m] open today's live schedule at 2025-08-01
[sim_takane_6m] open today's live schedule at 2025-08-01
[sim_takane_6m] open today's live schedule at 2025-08-01
[sim_takane_6m] open today's live schedule at 2025-08-01
[sim_takane_6m] open today's live schedule at 2025-08-01
[sim_takane_6m] open today's live schedule at 2025-08-01
[sim_takane_6m] open today's live schedule at 2025-08-01
[sim_takane_6m] open today's live schedule at 2025-08-01
[sim_takane_6m] open today's live schedule at 2025-08-01
[sim_takane_6m] step=300 iso=2025-08-01 display=Friday, August 1, 2025 19:20 stale=249
[sim_takane_6m] open today's live schedule at 2025-08-01
[sim_takane_6m] open today's live schedule at 2025-08-01
[sim_takane_6m] open today's live schedule at 2025-08-01
[sim_takane_6m] open today's live schedule at 2025-08-01
[sim_takane_6m] open today's live schedule at 2025-08-01
[sim_takane_6m] open today's live schedule at 2025-08-01
[sim_takane_6m] open today's live schedule at 2025-08-01
[sim_takane_6m] open today's live schedule at 2025-08-01
[sim_takane_6m] open today's live schedule at 2025-08-01
[sim_takane_6m] open today's live schedule at 2025-08-01
[sim_takane_6m] open today's live schedule at 2025-08-01
[sim_takane_6m] stale buttons Friday, August 1, 2025 19:20 :: [{"text":"Main menu","disabled":false,"id":"btn-main-menu"},{"text":"Save game","disabled":false,"id":"btn-save"},{"text":"Load game","disabled":false,"id":"btn-load"},{"text":"New game","disabled":false,"id":"btn-new"},{"text":"Clear slot","disabled":false,"id":"btn-clear"},{"text":"‹","disabled":false,"id":""},{"text":"›","disabled":true,"id":""},{"text":"Friday, August 1, 2025 19:20","disabled":false,"id":"btn-goto-schedule"},{"text":"Next","disabled":false,"id":"btn-next-day"},{"text":"Inbox","disabled":false,"id":""},{"text":"Idols","disabled":false,"id":""},{"text":"Groups","disabled":false,"id":""},{"text":"Training","disabled":false,"id":""},{"text":"Schedule","disabled":false,"id":""},{"text":"Lives","disabled":false,"id":""},{"text":"Songs","disabled":false,"id":""},{"text":"Making","disabled":false,"id":""},{"text":"Media","disabled":false,"id":""},{"text":"Scout","disabled":false,"id":""},{"text":"Finances","disabled":false,"id":""},{"text":"Mark all read","disabled":true,"id":"btn-inbox-mark-all"},{"text":"* Today's live schedule\n        2025-08-01 - Assistant","disabled":false,"id":""},{"text":"Morning training ended\n        2025-07-31 - Training","disabled":false,"id":""},{"text":"Morning training ended\n        2025-07-30 - Training","disabled":false,"id":""},{"text":"Morning training ended\n        2025-07-29 - Training","disabled":false,"id":""},{"text":"Afternoon training ended\n        2025-07-28 - Training","disabled":false,"id":""},{"text":"Morning training ended\n        2025-07-28 - Training","disabled":false,"id":""},{"text":"Weekly news roundup\n        2025-07-28 - News","disabled":false,"id":""},{"text":"Morning training ended\n        2025-07-25 - Training","disabled":false,"id":""},{"text":"Morning training ended\n        2025-07-24 - Training","disabled":false,"id":""},{"text":"Morning training ended\n        2025-07-23 - Training","disabled":false,"id":""},{"text":"Morning training ended\n        2025-07-22 - Training","disabled":false,"id":""},{"text":"Morning training ended\n        2025-07-21 - Training","disabled":false,"id":""},{"text":"Weekly news roundup\n        2025-07-21 - News","disabled":false,"id":""},{"text":"Morning training ended\n        2025-07-18 - Training","disabled":false,"id":""},{"text":"Morning training ended\n        2025-07-17 - Training","disabled":false,"id":""},{"text":"Morning training ended\n        2025-07-16 - Training","disabled":false,"id":""},{"text":"Morning training ended\n        2025-07-15 - Training","disabled":false,"id":""},{"text":"Morning training ended\n        2025-07-14 - Training","disabled":false,"id":""},{"text":"Weekly news roundup\n        2025-07-14 - News","disabled":false,"id":""}]
[sim_takane_6m] open today's live schedule at 2025-08-01
[sim_takane_6m] open today's live schedule at 2025-08-01
[sim_takane_6m] open today's live schedule at 2025-08-01
[sim_takane_6m] open today's live schedule at 2025-08-01
[sim_takane_6m] open today's live schedule at 2025-08-01
[sim_takane_6m] open today's live schedule at 2025-08-01
[sim_takane_6m] open today's live schedule at 2025-08-01
[sim_takane_6m] open today's live schedule at 2025-08-01
[sim_takane_6m] open today's live schedule at 2025-08-01
[sim_takane_6m] open today's live schedule at 2025-08-01
[sim_takane_6m] open today's live schedule at 2025-08-01
[sim_takane_6m] open today's live schedule at 2025-08-01
[sim_takane_6m] open today's live schedule at 2025-08-01
[sim_takane_6m] open today's live schedule at 2025-08-01
[sim_takane_6m] step=325 iso=2025-08-01 display=Friday, August 1, 2025 19:20 stale=274
[sim_takane_6m] open today's live schedule at 2025-08-01
[sim_takane_6m] open today's live schedule at 2025-08-01
[sim_takane_6m] open today's live schedule at 2025-08-01
[sim_takane_6m] open today's live schedule at 2025-08-01
[sim_takane_6m] open today's live schedule at 2025-08-01
[sim_takane_6m] open today's live schedule at 2025-08-01
[sim_takane_6m] stale buttons Friday, August 1, 2025 19:20 :: [{"text":"Main menu","disabled":false,"id":"btn-main-menu"},{"text":"Save game","disabled":false,"id":"btn-save"},{"text":"Load game","disabled":false,"id":"btn-load"},{"text":"New game","disabled":false,"id":"btn-new"},{"text":"Clear slot","disabled":false,"id":"btn-clear"},{"text":"‹","disabled":false,"id":""},{"text":"›","disabled":true,"id":""},{"text":"Friday, August 1, 2025 19:20","disabled":false,"id":"btn-goto-schedule"},{"text":"Next","disabled":false,"id":"btn-next-day"},{"text":"Inbox","disabled":false,"id":""},{"text":"Idols","disabled":false,"id":""},{"text":"Groups","disabled":false,"id":""},{"text":"Training","disabled":false,"id":""},{"text":"Schedule","disabled":false,"id":""},{"text":"Lives","disabled":false,"id":""},{"text":"Songs","disabled":false,"id":""},{"text":"Making","disabled":false,"id":""},{"text":"Media","disabled":false,"id":""},{"text":"Scout","disabled":false,"id":""},{"text":"Finances","disabled":false,"id":""},{"text":"Mark all read","disabled":true,"id":"btn-inbox-mark-all"},{"text":"* Today's live schedule\n        2025-08-01 - Assistant","disabled":false,"id":""},{"text":"Morning training ended\n        2025-07-31 - Training","disabled":false,"id":""},{"text":"Morning training ended\n        2025-07-30 - Training","disabled":false,"id":""},{"text":"Morning training ended\n        2025-07-29 - Training","disabled":false,"id":""},{"text":"Afternoon training ended\n        2025-07-28 - Training","disabled":false,"id":""},{"text":"Morning training ended\n        2025-07-28 - Training","disabled":false,"id":""},{"text":"Weekly news roundup\n        2025-07-28 - News","disabled":false,"id":""},{"text":"Morning training ended\n        2025-07-25 - Training","disabled":false,"id":""},{"text":"Morning training ended\n        2025-07-24 - Training","disabled":false,"id":""},{"text":"Morning training ended\n        2025-07-23 - Training","disabled":false,"id":""},{"text":"Morning training ended\n        2025-07-22 - Training","disabled":false,"id":""},{"text":"Morning training ended\n        2025-07-21 - Training","disabled":false,"id":""},{"text":"Weekly news roundup\n        2025-07-21 - News","disabled":false,"id":""},{"text":"Morning training ended\n        2025-07-18 - Training","disabled":false,"id":""},{"text":"Morning training ended\n        2025-07-17 - Training","disabled":false,"id":""},{"text":"Morning training ended\n        2025-07-16 - Training","disabled":false,"id":""},{"text":"Morning training ended\n        2025-07-15 - Training","disabled":false,"id":""},{"text":"Morning training ended\n        2025-07-14 - Training","disabled":false,"id":""},{"text":"Weekly news roundup\n        2025-07-14 - News","disabled":false,"id":""}]
[sim_takane_6m] open today's live schedule at 2025-08-01
[sim_takane_6m] open today's live schedule at 2025-08-01
[sim_takane_6m] open today's live schedule at 2025-08-01
[sim_takane_6m] open today's live schedule at 2025-08-01
[sim_takane_6m] open today's live schedule at 2025-08-01
[sim_takane_6m] open today's live schedule at 2025-08-01
[sim_takane_6m] open today's live schedule at 2025-08-01
[sim_takane_6m] open today's live schedule at 2025-08-01
[sim_takane_6m] open today's live schedule at 2025-08-01
[sim_takane_6m] open today's live schedule at 2025-08-01
[sim_takane_6m] open today's live schedule at 2025-08-01
[sim_takane_6m] open today's live schedule at 2025-08-01
[sim_takane_6m] open today's live schedule at 2025-08-01
[sim_takane_6m] open today's live schedule at 2025-08-01
[sim_takane_6m] open today's live schedule at 2025-08-01
[sim_takane_6m] open today's live schedule at 2025-08-01
[sim_takane_6m] open today's live schedule at 2025-08-01
[sim_takane_6m] open today's live schedule at 2025-08-01
[sim_takane_6m] open today's live schedule at 2025-08-01
[sim_takane_6m] step=350 iso=2025-08-01 display=Friday, August 1, 2025 19:20 stale=299
[sim_takane_6m] open today's live schedule at 2025-08-01
[sim_takane_6m] stale buttons Friday, August 1, 2025 19:20 :: [{"text":"Main menu","disabled":false,"id":"btn-main-menu"},{"text":"Save game","disabled":false,"id":"btn-save"},{"text":"Load game","disabled":false,"id":"btn-load"},{"text":"New game","disabled":false,"id":"btn-new"},{"text":"Clear slot","disabled":false,"id":"btn-clear"},{"text":"‹","disabled":false,"id":""},{"text":"›","disabled":true,"id":""},{"text":"Friday, August 1, 2025 19:20","disabled":false,"id":"btn-goto-schedule"},{"text":"Next","disabled":false,"id":"btn-next-day"},{"text":"Inbox","disabled":false,"id":""},{"text":"Idols","disabled":false,"id":""},{"text":"Groups","disabled":false,"id":""},{"text":"Training","disabled":false,"id":""},{"text":"Schedule","disabled":false,"id":""},{"text":"Lives","disabled":false,"id":""},{"text":"Songs","disabled":false,"id":""},{"text":"Making","disabled":false,"id":""},{"text":"Media","disabled":false,"id":""},{"text":"Scout","disabled":false,"id":""},{"text":"Finances","disabled":false,"id":""},{"text":"Mark all read","disabled":true,"id":"btn-inbox-mark-all"},{"text":"* Today's live schedule\n        2025-08-01 - Assistant","disabled":false,"id":""},{"text":"Morning training ended\n        2025-07-31 - Training","disabled":false,"id":""},{"text":"Morning training ended\n        2025-07-30 - Training","disabled":false,"id":""},{"text":"Morning training ended\n        2025-07-29 - Training","disabled":false,"id":""},{"text":"Afternoon training ended\n        2025-07-28 - Training","disabled":false,"id":""},{"text":"Morning training ended\n        2025-07-28 - Training","disabled":false,"id":""},{"text":"Weekly news roundup\n        2025-07-28 - News","disabled":false,"id":""},{"text":"Morning training ended\n        2025-07-25 - Training","disabled":false,"id":""},{"text":"Morning training ended\n        2025-07-24 - Training","disabled":false,"id":""},{"text":"Morning training ended\n        2025-07-23 - Training","disabled":false,"id":""},{"text":"Morning training ended\n        2025-07-22 - Training","disabled":false,"id":""},{"text":"Morning training ended\n        2025-07-21 - Training","disabled":false,"id":""},{"text":"Weekly news roundup\n        2025-07-21 - News","disabled":false,"id":""},{"text":"Morning training ended\n        2025-07-18 - Training","disabled":false,"id":""},{"text":"Morning training ended\n        2025-07-17 - Training","disabled":false,"id":""},{"text":"Morning training ended\n        2025-07-16 - Training","disabled":false,"id":""},{"text":"Morning training ended\n        2025-07-15 - Training","disabled":false,"id":""},{"text":"Morning training ended\n        2025-07-14 - Training","disabled":false,"id":""},{"text":"Weekly news roundup\n        2025-07-14 - News","disabled":false,"id":""}]
[sim_takane_6m] open today's live schedule at 2025-08-01
[sim_takane_6m] open today's live schedule at 2025-08-01
[sim_takane_6m] open today's live schedule at 2025-08-01
[sim_takane_6m] open today's live schedule at 2025-08-01
[sim_takane_6m] open today's live schedule at 2025-08-01
[sim_takane_6m] open today's live schedule at 2025-08-01
[sim_takane_6m] open today's live schedule at 2025-08-01
[sim_takane_6m] open today's live schedule at 2025-08-01
[sim_takane_6m] open today's live schedule at 2025-08-01
[sim_takane_6m] open today's live schedule at 2025-08-01
[sim_takane_6m] open today's live schedule at 2025-08-01
[sim_takane_6m] open today's live schedule at 2025-08-01
[sim_takane_6m] open today's live schedule at 2025-08-01
[sim_takane_6m] open today's live schedule at 2025-08-01
[sim_takane_6m] open today's live schedule at 2025-08-01
[sim_takane_6m] open today's live schedule at 2025-08-01
[sim_takane_6m] open today's live schedule at 2025-08-01
[sim_takane_6m] open today's live schedule at 2025-08-01
[sim_takane_6m] open today's live schedule at 2025-08-01
[sim_takane_6m] open today's live schedule at 2025-08-01
[sim_takane_6m] stale buttons Friday, August 1, 2025 19:20 :: [{"text":"Main menu","disabled":false,"id":"btn-main-menu"},{"text":"Save game","disabled":false,"id":"btn-save"},{"text":"Load game","disabled":false,"id":"btn-load"},{"text":"New game","disabled":false,"id":"btn-new"},{"text":"Clear slot","disabled":false,"id":"btn-clear"},{"text":"‹","disabled":false,"id":""},{"text":"›","disabled":true,"id":""},{"text":"Friday, August 1, 2025 19:20","disabled":false,"id":"btn-goto-schedule"},{"text":"Next","disabled":false,"id":"btn-next-day"},{"text":"Inbox","disabled":false,"id":""},{"text":"Idols","disabled":false,"id":""},{"text":"Groups","disabled":false,"id":""},{"text":"Training","disabled":false,"id":""},{"text":"Schedule","disabled":false,"id":""},{"text":"Lives","disabled":false,"id":""},{"text":"Songs","disabled":false,"id":""},{"text":"Making","disabled":false,"id":""},{"text":"Media","disabled":false,"id":""},{"text":"Scout","disabled":false,"id":""},{"text":"Finances","disabled":false,"id":""},{"text":"Mark all read","disabled":true,"id":"btn-inbox-mark-all"},{"text":"* Today's live schedule\n        2025-08-01 - Assistant","disabled":false,"id":""},{"text":"Morning training ended\n        2025-07-31 - Training","disabled":false,"id":""},{"text":"Morning training ended\n        2025-07-30 - Training","disabled":false,"id":""},{"text":"Morning training ended\n        2025-07-29 - Training","disabled":false,"id":""},{"text":"Afternoon training ended\n        2025-07-28 - Training","disabled":false,"id":""},{"text":"Morning training ended\n        2025-07-28 - Training","disabled":false,"id":""},{"text":"Weekly news roundup\n        2025-07-28 - News","disabled":false,"id":""},{"text":"Morning training ended\n        2025-07-25 - Training","disabled":false,"id":""},{"text":"Morning training ended\n        2025-07-24 - Training","disabled":false,"id":""},{"text":"Morning training ended\n        2025-07-23 - Training","disabled":false,"id":""},{"text":"Morning training ended\n        2025-07-22 - Training","disabled":false,"id":""},{"text":"Morning training ended\n        2025-07-21 - Training","disabled":false,"id":""},{"text":"Weekly news roundup\n        2025-07-21 - News","disabled":false,"id":""},{"text":"Morning training ended\n        2025-07-18 - Training","disabled":false,"id":""},{"text":"Morning training ended\n        2025-07-17 - Training","disabled":false,"id":""},{"text":"Morning training ended\n        2025-07-16 - Training","disabled":false,"id":""},{"text":"Morning training ended\n        2025-07-15 - Training","disabled":false,"id":""},{"text":"Morning training ended\n        2025-07-14 - Training","disabled":false,"id":""},{"text":"Weekly news roundup\n        2025-07-14 - News","disabled":false,"id":""}]
[sim_takane_6m] open today's live schedule at 2025-08-01
[sim_takane_6m] open today's live schedule at 2025-08-01
[sim_takane_6m] open today's live schedule at 2025-08-01
[sim_takane_6m] open today's live schedule at 2025-08-01
[sim_takane_6m] step=375 iso=2025-08-01 display=Friday, August 1, 2025 19:20 stale=324
[sim_takane_6m] open today's live schedule at 2025-08-01
[sim_takane_6m] open today's live schedule at 2025-08-01
[sim_takane_6m] open today's live schedule at 2025-08-01
[sim_takane_6m] open today's live schedule at 2025-08-01
[sim_takane_6m] open today's live schedule at 2025-08-01
[sim_takane_6m] open today's live schedule at 2025-08-01
[sim_takane_6m] open today's live schedule at 2025-08-01
[sim_takane_6m] open today's live schedule at 2025-08-01
[sim_takane_6m] open today's live schedule at 2025-08-01
[sim_takane_6m] open today's live schedule at 2025-08-01
[sim_takane_6m] open today's live schedule at 2025-08-01
[sim_takane_6m] open today's live schedule at 2025-08-01
[sim_takane_6m] open today's live schedule at 2025-08-01
[sim_takane_6m] open today's live schedule at 2025-08-01
[sim_takane_6m] open today's live schedule at 2025-08-01
[sim_takane_6m] open today's live schedule at 2025-08-01
[sim_takane_6m] stale buttons Friday, August 1, 2025 19:20 :: [{"text":"Main menu","disabled":false,"id":"btn-main-menu"},{"text":"Save game","disabled":false,"id":"btn-save"},{"text":"Load game","disabled":false,"id":"btn-load"},{"text":"New game","disabled":false,"id":"btn-new"},{"text":"Clear slot","disabled":false,"id":"btn-clear"},{"text":"‹","disabled":false,"id":""},{"text":"›","disabled":true,"id":""},{"text":"Friday, August 1, 2025 19:20","disabled":false,"id":"btn-goto-schedule"},{"text":"Next","disabled":false,"id":"btn-next-day"},{"text":"Inbox","disabled":false,"id":""},{"text":"Idols","disabled":false,"id":""},{"text":"Groups","disabled":false,"id":""},{"text":"Training","disabled":false,"id":""},{"text":"Schedule","disabled":false,"id":""},{"text":"Lives","disabled":false,"id":""},{"text":"Songs","disabled":false,"id":""},{"text":"Making","disabled":false,"id":""},{"text":"Media","disabled":false,"id":""},{"text":"Scout","disabled":false,"id":""},{"text":"Finances","disabled":false,"id":""},{"text":"Mark all read","disabled":true,"id":"btn-inbox-mark-all"},{"text":"* Today's live schedule\n        2025-08-01 - Assistant","disabled":false,"id":""},{"text":"Morning training ended\n        2025-07-31 - Training","disabled":false,"id":""},{"text":"Morning training ended\n        2025-07-30 - Training","disabled":false,"id":""},{"text":"Morning training ended\n        2025-07-29 - Training","disabled":false,"id":""},{"text":"Afternoon training ended\n        2025-07-28 - Training","disabled":false,"id":""},{"text":"Morning training ended\n        2025-07-28 - Training","disabled":false,"id":""},{"text":"Weekly news roundup\n        2025-07-28 - News","disabled":false,"id":""},{"text":"Morning training ended\n        2025-07-25 - Training","disabled":false,"id":""},{"text":"Morning training ended\n        2025-07-24 - Training","disabled":false,"id":""},{"text":"Morning training ended\n        2025-07-23 - Training","disabled":false,"id":""},{"text":"Morning training ended\n        2025-07-22 - Training","disabled":false,"id":""},{"text":"Morning training ended\n        2025-07-21 - Training","disabled":false,"id":""},{"text":"Weekly news roundup\n        2025-07-21 - News","disabled":false,"id":""},{"text":"Morning training ended\n        2025-07-18 - Training","disabled":false,"id":""},{"text":"Morning training ended\n        2025-07-17 - Training","disabled":false,"id":""},{"text":"Morning training ended\n        2025-07-16 - Training","disabled":false,"id":""},{"text":"Morning training ended\n        2025-07-15 - Training","disabled":false,"id":""},{"text":"Morning training ended\n        2025-07-14 - Training","disabled":false,"id":""},{"text":"Weekly news roundup\n        2025-07-14 - News","disabled":false,"id":""}]
[sim_takane_6m] open today's live schedule at 2025-08-01
[sim_takane_6m] open today's live schedule at 2025-08-01
[sim_takane_6m] open today's live schedule at 2025-08-01
[sim_takane_6m] open today's live schedule at 2025-08-01
[sim_takane_6m] open today's live schedule at 2025-08-01
[sim_takane_6m] open today's live schedule at 2025-08-01
[sim_takane_6m] open today's live schedule at 2025-08-01
[sim_takane_6m] open today's live schedule at 2025-08-01
[sim_takane_6m] open today's live schedule at 2025-08-01
[sim_takane_6m] step=400 iso=2025-08-01 display=Friday, August 1, 2025 19:20 stale=349
[sim_takane_6m] open today's live schedule at 2025-08-01
[sim_takane_6m] open today's live schedule at 2025-08-01
[sim_takane_6m] open today's live schedule at 2025-08-01
[sim_takane_6m] open today's live schedule at 2025-08-01
[sim_takane_6m] open today's live schedule at 2025-08-01
[sim_takane_6m] open today's live schedule at 2025-08-01
[sim_takane_6m] open today's live schedule at 2025-08-01
[sim_takane_6m] open today's live schedule at 2025-08-01
[sim_takane_6m] open today's live schedule at 2025-08-01
[sim_takane_6m] open today's live schedule at 2025-08-01
[sim_takane_6m] open today's live schedule at 2025-08-01
[sim_takane_6m] stale buttons Friday, August 1, 2025 19:20 :: [{"text":"Main menu","disabled":false,"id":"btn-main-menu"},{"text":"Save game","disabled":false,"id":"btn-save"},{"text":"Load game","disabled":false,"id":"btn-load"},{"text":"New game","disabled":false,"id":"btn-new"},{"text":"Clear slot","disabled":false,"id":"btn-clear"},{"text":"‹","disabled":false,"id":""},{"text":"›","disabled":true,"id":""},{"text":"Friday, August 1, 2025 19:20","disabled":false,"id":"btn-goto-schedule"},{"text":"Next","disabled":false,"id":"btn-next-day"},{"text":"Inbox","disabled":false,"id":""},{"text":"Idols","disabled":false,"id":""},{"text":"Groups","disabled":false,"id":""},{"text":"Training","disabled":false,"id":""},{"text":"Schedule","disabled":false,"id":""},{"text":"Lives","disabled":false,"id":""},{"text":"Songs","disabled":false,"id":""},{"text":"Making","disabled":false,"id":""},{"text":"Media","disabled":false,"id":""},{"text":"Scout","disabled":false,"id":""},{"text":"Finances","disabled":false,"id":""},{"text":"Mark all read","disabled":true,"id":"btn-inbox-mark-all"},{"text":"* Today's live schedule\n        2025-08-01 - Assistant","disabled":false,"id":""},{"text":"Morning training ended\n        2025-07-31 - Training","disabled":false,"id":""},{"text":"Morning training ended\n        2025-07-30 - Training","disabled":false,"id":""},{"text":"Morning training ended\n        2025-07-29 - Training","disabled":false,"id":""},{"text":"Afternoon training ended\n        2025-07-28 - Training","disabled":false,"id":""},{"text":"Morning training ended\n        2025-07-28 - Training","disabled":false,"id":""},{"text":"Weekly news roundup\n        2025-07-28 - News","disabled":false,"id":""},{"text":"Morning training ended\n        2025-07-25 - Training","disabled":false,"id":""},{"text":"Morning training ended\n        2025-07-24 - Training","disabled":false,"id":""},{"text":"Morning training ended\n        2025-07-23 - Training","disabled":false,"id":""},{"text":"Morning training ended\n        2025-07-22 - Training","disabled":false,"id":""},{"text":"Morning training ended\n        2025-07-21 - Training","disabled":false,"id":""},{"text":"Weekly news roundup\n        2025-07-21 - News","disabled":false,"id":""},{"text":"Morning training ended\n        2025-07-18 - Training","disabled":false,"id":""},{"text":"Morning training ended\n        2025-07-17 - Training","disabled":false,"id":""},{"text":"Morning training ended\n        2025-07-16 - Training","disabled":false,"id":""},{"text":"Morning training ended\n        2025-07-15 - Training","disabled":false,"id":""},{"text":"Morning training ended\n        2025-07-14 - Training","disabled":false,"id":""},{"text":"Weekly news roundup\n        2025-07-14 - News","disabled":false,"id":""}]
[sim_takane_6m] open today's live schedule at 2025-08-01
[sim_takane_6m] open today's live schedule at 2025-08-01
[sim_takane_6m] open today's live schedule at 2025-08-01
[sim_takane_6m] open today's live schedule at 2025-08-01
[sim_takane_6m] open today's live schedule at 2025-08-01
[sim_takane_6m] open today's live schedule at 2025-08-01
[sim_takane_6m] open today's live schedule at 2025-08-01
[sim_takane_6m] open today's live schedule at 2025-08-01
[sim_takane_6m] open today's live schedule at 2025-08-01
[sim_takane_6m] open today's live schedule at 2025-08-01
[sim_takane_6m] open today's live schedule at 2025-08-01
[sim_takane_6m] open today's live schedule at 2025-08-01
[sim_takane_6m] open today's live schedule at 2025-08-01
[sim_takane_6m] open today's live schedule at 2025-08-01
[sim_takane_6m] step=425 iso=2025-08-01 display=Friday, August 1, 2025 19:20 stale=374
[sim_takane_6m] open today's live schedule at 2025-08-01
[sim_takane_6m] open today's live schedule at 2025-08-01
[sim_takane_6m] open today's live schedule at 2025-08-01
[sim_takane_6m] open today's live schedule at 2025-08-01
[sim_takane_6m] open today's live schedule at 2025-08-01
[sim_takane_6m] open today's live schedule at 2025-08-01
[sim_takane_6m] stale buttons Friday, August 1, 2025 19:20 :: [{"text":"Main menu","disabled":false,"id":"btn-main-menu"},{"text":"Save game","disabled":false,"id":"btn-save"},{"text":"Load game","disabled":false,"id":"btn-load"},{"text":"New game","disabled":false,"id":"btn-new"},{"text":"Clear slot","disabled":false,"id":"btn-clear"},{"text":"‹","disabled":false,"id":""},{"text":"›","disabled":true,"id":""},{"text":"Friday, August 1, 2025 19:20","disabled":false,"id":"btn-goto-schedule"},{"text":"Next","disabled":false,"id":"btn-next-day"},{"text":"Inbox","disabled":false,"id":""},{"text":"Idols","disabled":false,"id":""},{"text":"Groups","disabled":false,"id":""},{"text":"Training","disabled":false,"id":""},{"text":"Schedule","disabled":false,"id":""},{"text":"Lives","disabled":false,"id":""},{"text":"Songs","disabled":false,"id":""},{"text":"Making","disabled":false,"id":""},{"text":"Media","disabled":false,"id":""},{"text":"Scout","disabled":false,"id":""},{"text":"Finances","disabled":false,"id":""},{"text":"Mark all read","disabled":true,"id":"btn-inbox-mark-all"},{"text":"* Today's live schedule\n        2025-08-01 - Assistant","disabled":false,"id":""},{"text":"Morning training ended\n        2025-07-31 - Training","disabled":false,"id":""},{"text":"Morning training ended\n        2025-07-30 - Training","disabled":false,"id":""},{"text":"Morning training ended\n        2025-07-29 - Training","disabled":false,"id":""},{"text":"Afternoon training ended\n        2025-07-28 - Training","disabled":false,"id":""},{"text":"Morning training ended\n        2025-07-28 - Training","disabled":false,"id":""},{"text":"Weekly news roundup\n        2025-07-28 - News","disabled":false,"id":""},{"text":"Morning training ended\n        2025-07-25 - Training","disabled":false,"id":""},{"text":"Morning training ended\n        2025-07-24 - Training","disabled":false,"id":""},{"text":"Morning training ended\n        2025-07-23 - Training","disabled":false,"id":""},{"text":"Morning training ended\n        2025-07-22 - Training","disabled":false,"id":""},{"text":"Morning training ended\n        2025-07-21 - Training","disabled":false,"id":""},{"text":"Weekly news roundup\n        2025-07-21 - News","disabled":false,"id":""},{"text":"Morning training ended\n        2025-07-18 - Training","disabled":false,"id":""},{"text":"Morning training ended\n        2025-07-17 - Training","disabled":false,"id":""},{"text":"Morning training ended\n        2025-07-16 - Training","disabled":false,"id":""},{"text":"Morning training ended\n        2025-07-15 - Training","disabled":false,"id":""},{"text":"Morning training ended\n        2025-07-14 - Training","disabled":false,"id":""},{"text":"Weekly news roundup\n        2025-07-14 - News","disabled":false,"id":""}]
[sim_takane_6m] open today's live schedule at 2025-08-01
[sim_takane_6m] open today's live schedule at 2025-08-01
[sim_takane_6m] open today's live schedule at 2025-08-01
[sim_takane_6m] open today's live schedule at 2025-08-01
[sim_takane_6m] open today's live schedule at 2025-08-01
[sim_takane_6m] open today's live schedule at 2025-08-01
[sim_takane_6m] open today's live schedule at 2025-08-01
[sim_takane_6m] open today's live schedule at 2025-08-01
[sim_takane_6m] open today's live schedule at 2025-08-01
[sim_takane_6m] open today's live schedule at 2025-08-01
[sim_takane_6m] open today's live schedule at 2025-08-01
[sim_takane_6m] open today's live schedule at 2025-08-01
[sim_takane_6m] open today's live schedule at 2025-08-01
[sim_takane_6m] open today's live schedule at 2025-08-01
[sim_takane_6m] open today's live schedule at 2025-08-01
[sim_takane_6m] open today's live schedule at 2025-08-01
[sim_takane_6m] open today's live schedule at 2025-08-01
[sim_takane_6m] open today's live schedule at 2025-08-01
[sim_takane_6m] open today's live schedule at 2025-08-01
[sim_takane_6m] step=450 iso=2025-08-01 display=Friday, August 1, 2025 19:20 stale=399
[sim_takane_6m] open today's live schedule at 2025-08-01
[sim_takane_6m] stale buttons Friday, August 1, 2025 19:20 :: [{"text":"Main menu","disabled":false,"id":"btn-main-menu"},{"text":"Save game","disabled":false,"id":"btn-save"},{"text":"Load game","disabled":false,"id":"btn-load"},{"text":"New game","disabled":false,"id":"btn-new"},{"text":"Clear slot","disabled":false,"id":"btn-clear"},{"text":"‹","disabled":false,"id":""},{"text":"›","disabled":true,"id":""},{"text":"Friday, August 1, 2025 19:20","disabled":false,"id":"btn-goto-schedule"},{"text":"Next","disabled":false,"id":"btn-next-day"},{"text":"Inbox","disabled":false,"id":""},{"text":"Idols","disabled":false,"id":""},{"text":"Groups","disabled":false,"id":""},{"text":"Training","disabled":false,"id":""},{"text":"Schedule","disabled":false,"id":""},{"text":"Lives","disabled":false,"id":""},{"text":"Songs","disabled":false,"id":""},{"text":"Making","disabled":false,"id":""},{"text":"Media","disabled":false,"id":""},{"text":"Scout","disabled":false,"id":""},{"text":"Finances","disabled":false,"id":""},{"text":"Mark all read","disabled":true,"id":"btn-inbox-mark-all"},{"text":"* Today's live schedule\n        2025-08-01 - Assistant","disabled":false,"id":""},{"text":"Morning training ended\n        2025-07-31 - Training","disabled":false,"id":""},{"text":"Morning training ended\n        2025-07-30 - Training","disabled":false,"id":""},{"text":"Morning training ended\n        2025-07-29 - Training","disabled":false,"id":""},{"text":"Afternoon training ended\n        2025-07-28 - Training","disabled":false,"id":""},{"text":"Morning training ended\n        2025-07-28 - Training","disabled":false,"id":""},{"text":"Weekly news roundup\n        2025-07-28 - News","disabled":false,"id":""},{"text":"Morning training ended\n        2025-07-25 - Training","disabled":false,"id":""},{"text":"Morning training ended\n        2025-07-24 - Training","disabled":false,"id":""},{"text":"Morning training ended\n        2025-07-23 - Training","disabled":false,"id":""},{"text":"Morning training ended\n        2025-07-22 - Training","disabled":false,"id":""},{"text":"Morning training ended\n        2025-07-21 - Training","disabled":false,"id":""},{"text":"Weekly news roundup\n        2025-07-21 - News","disabled":false,"id":""},{"text":"Morning training ended\n        2025-07-18 - Training","disabled":false,"id":""},{"text":"Morning training ended\n        2025-07-17 - Training","disabled":false,"id":""},{"text":"Morning training ended\n        2025-07-16 - Training","disabled":false,"id":""},{"text":"Morning training ended\n        2025-07-15 - Training","disabled":false,"id":""},{"text":"Morning training ended\n        2025-07-14 - Training","disabled":false,"id":""},{"text":"Weekly news roundup\n        2025-07-14 - News","disabled":false,"id":""}]
[sim_takane_6m] open today's live schedule at 2025-08-01
[sim_takane_6m] open today's live schedule at 2025-08-01
[sim_takane_6m] open today's live schedule at 2025-08-01
[sim_takane_6m] open today's live schedule at 2025-08-01
[sim_takane_6m] open today's live schedule at 2025-08-01
[sim_takane_6m] open today's live schedule at 2025-08-01
[sim_takane_6m] open today's live schedule at 2025-08-01
[sim_takane_6m] open today's live schedule at 2025-08-01
[sim_takane_6m] open today's live schedule at 2025-08-01
[sim_takane_6m] open today's live schedule at 2025-08-01
[sim_takane_6m] open today's live schedule at 2025-08-01
[sim_takane_6m] open today's live schedule at 2025-08-01
[sim_takane_6m] open today's live schedule at 2025-08-01
[sim_takane_6m] open today's live schedule at 2025-08-01
[sim_takane_6m] open today's live schedule at 2025-08-01
[sim_takane_6m] open today's live schedule at 2025-08-01
[sim_takane_6m] open today's live schedule at 2025-08-01
[sim_takane_6m] open today's live schedule at 2025-08-01
[sim_takane_6m] open today's live schedule at 2025-08-01
[sim_takane_6m] open today's live schedule at 2025-08-01
[sim_takane_6m] stale buttons Friday, August 1, 2025 19:20 :: [{"text":"Main menu","disabled":false,"id":"btn-main-menu"},{"text":"Save game","disabled":false,"id":"btn-save"},{"text":"Load game","disabled":false,"id":"btn-load"},{"text":"New game","disabled":false,"id":"btn-new"},{"text":"Clear slot","disabled":false,"id":"btn-clear"},{"text":"‹","disabled":false,"id":""},{"text":"›","disabled":true,"id":""},{"text":"Friday, August 1, 2025 19:20","disabled":false,"id":"btn-goto-schedule"},{"text":"Next","disabled":false,"id":"btn-next-day"},{"text":"Inbox","disabled":false,"id":""},{"text":"Idols","disabled":false,"id":""},{"text":"Groups","disabled":false,"id":""},{"text":"Training","disabled":false,"id":""},{"text":"Schedule","disabled":false,"id":""},{"text":"Lives","disabled":false,"id":""},{"text":"Songs","disabled":false,"id":""},{"text":"Making","disabled":false,"id":""},{"text":"Media","disabled":false,"id":""},{"text":"Scout","disabled":false,"id":""},{"text":"Finances","disabled":false,"id":""},{"text":"Mark all read","disabled":true,"id":"btn-inbox-mark-all"},{"text":"* Today's live schedule\n        2025-08-01 - Assistant","disabled":false,"id":""},{"text":"Morning training ended\n        2025-07-31 - Training","disabled":false,"id":""},{"text":"Morning training ended\n        2025-07-30 - Training","disabled":false,"id":""},{"text":"Morning training ended\n        2025-07-29 - Training","disabled":false,"id":""},{"text":"Afternoon training ended\n        2025-07-28 - Training","disabled":false,"id":""},{"text":"Morning training ended\n        2025-07-28 - Training","disabled":false,"id":""},{"text":"Weekly news roundup\n        2025-07-28 - News","disabled":false,"id":""},{"text":"Morning training ended\n        2025-07-25 - Training","disabled":false,"id":""},{"text":"Morning training ended\n        2025-07-24 - Training","disabled":false,"id":""},{"text":"Morning training ended\n        2025-07-23 - Training","disabled":false,"id":""},{"text":"Morning training ended\n        2025-07-22 - Training","disabled":false,"id":""},{"text":"Morning training ended\n        2025-07-21 - Training","disabled":false,"id":""},{"text":"Weekly news roundup\n        2025-07-21 - News","disabled":false,"id":""},{"text":"Morning training ended\n        2025-07-18 - Training","disabled":false,"id":""},{"text":"Morning training ended\n        2025-07-17 - Training","disabled":false,"id":""},{"text":"Morning training ended\n        2025-07-16 - Training","disabled":false,"id":""},{"text":"Morning training ended\n        2025-07-15 - Training","disabled":false,"id":""},{"text":"Morning training ended\n        2025-07-14 - Training","disabled":false,"id":""},{"text":"Weekly news roundup\n        2025-07-14 - News","disabled":false,"id":""}]
[sim_takane_6m] open today's live schedule at 2025-08-01
[sim_takane_6m] open today's live schedule at 2025-08-01
[sim_takane_6m] open today's live schedule at 2025-08-01
[sim_takane_6m] open today's live schedule at 2025-08-01
[sim_takane_6m] step=475 iso=2025-08-01 display=Friday, August 1, 2025 19:20 stale=424
[sim_takane_6m] open today's live schedule at 2025-08-01
[sim_takane_6m] open today's live schedule at 2025-08-01
[sim_takane_6m] open today's live schedule at 2025-08-01
[sim_takane_6m] open today's live schedule at 2025-08-01
[sim_takane_6m] open today's live schedule at 2025-08-01
[sim_takane_6m] open today's live schedule at 2025-08-01
[sim_takane_6m] open today's live schedule at 2025-08-01
[sim_takane_6m] open today's live schedule at 2025-08-01
[sim_takane_6m] open today's live schedule at 2025-08-01
[sim_takane_6m] open today's live schedule at 2025-08-01
[sim_takane_6m] open today's live schedule at 2025-08-01
[sim_takane_6m] open today's live schedule at 2025-08-01
[sim_takane_6m] open today's live schedule at 2025-08-01
[sim_takane_6m] open today's live schedule at 2025-08-01
[sim_takane_6m] open today's live schedule at 2025-08-01
[sim_takane_6m] open today's live schedule at 2025-08-01
[sim_takane_6m] stale buttons Friday, August 1, 2025 19:20 :: [{"text":"Main menu","disabled":false,"id":"btn-main-menu"},{"text":"Save game","disabled":false,"id":"btn-save"},{"text":"Load game","disabled":false,"id":"btn-load"},{"text":"New game","disabled":false,"id":"btn-new"},{"text":"Clear slot","disabled":false,"id":"btn-clear"},{"text":"‹","disabled":false,"id":""},{"text":"›","disabled":true,"id":""},{"text":"Friday, August 1, 2025 19:20","disabled":false,"id":"btn-goto-schedule"},{"text":"Next","disabled":false,"id":"btn-next-day"},{"text":"Inbox","disabled":false,"id":""},{"text":"Idols","disabled":false,"id":""},{"text":"Groups","disabled":false,"id":""},{"text":"Training","disabled":false,"id":""},{"text":"Schedule","disabled":false,"id":""},{"text":"Lives","disabled":false,"id":""},{"text":"Songs","disabled":false,"id":""},{"text":"Making","disabled":false,"id":""},{"text":"Media","disabled":false,"id":""},{"text":"Scout","disabled":false,"id":""},{"text":"Finances","disabled":false,"id":""},{"text":"Mark all read","disabled":true,"id":"btn-inbox-mark-all"},{"text":"* Today's live schedule\n        2025-08-01 - Assistant","disabled":false,"id":""},{"text":"Morning training ended\n        2025-07-31 - Training","disabled":false,"id":""},{"text":"Morning training ended\n        2025-07-30 - Training","disabled":false,"id":""},{"text":"Morning training ended\n        2025-07-29 - Training","disabled":false,"id":""},{"text":"Afternoon training ended\n        2025-07-28 - Training","disabled":false,"id":""},{"text":"Morning training ended\n        2025-07-28 - Training","disabled":false,"id":""},{"text":"Weekly news roundup\n        2025-07-28 - News","disabled":false,"id":""},{"text":"Morning training ended\n        2025-07-25 - Training","disabled":false,"id":""},{"text":"Morning training ended\n        2025-07-24 - Training","disabled":false,"id":""},{"text":"Morning training ended\n        2025-07-23 - Training","disabled":false,"id":""},{"text":"Morning training ended\n        2025-07-22 - Training","disabled":false,"id":""},{"text":"Morning training ended\n        2025-07-21 - Training","disabled":false,"id":""},{"text":"Weekly news roundup\n        2025-07-21 - News","disabled":false,"id":""},{"text":"Morning training ended\n        2025-07-18 - Training","disabled":false,"id":""},{"text":"Morning training ended\n        2025-07-17 - Training","disabled":false,"id":""},{"text":"Morning training ended\n        2025-07-16 - Training","disabled":false,"id":""},{"text":"Morning training ended\n        2025-07-15 - Training","disabled":false,"id":""},{"text":"Morning training ended\n        2025-07-14 - Training","disabled":false,"id":""},{"text":"Weekly news roundup\n        2025-07-14 - News","disabled":false,"id":""}]
[sim_takane_6m] open today's live schedule at 2025-08-01
[sim_takane_6m] open today's live schedule at 2025-08-01
[sim_takane_6m] open today's live schedule at 2025-08-01
[sim_takane_6m] open today's live schedule at 2025-08-01
[sim_takane_6m] open today's live schedule at 2025-08-01
[sim_takane_6m] open today's live schedule at 2025-08-01
[sim_takane_6m] open today's live schedule at 2025-08-01
[sim_takane_6m] open today's live schedule at 2025-08-01
[sim_takane_6m] open today's live schedule at 2025-08-01
[sim_takane_6m] step=500 iso=2025-08-01 display=Friday, August 1, 2025 19:20 stale=449
[sim_takane_6m] open today's live schedule at 2025-08-01
[sim_takane_6m] open today's live schedule at 2025-08-01
[sim_takane_6m] open today's live schedule at 2025-08-01
[sim_takane_6m] open today's live schedule at 2025-08-01
[sim_takane_6m] open today's live schedule at 2025-08-01
[sim_takane_6m] open today's live schedule at 2025-08-01
[sim_takane_6m] open today's live schedule at 2025-08-01
[sim_takane_6m] open today's live schedule at 2025-08-01
[sim_takane_6m] open today's live schedule at 2025-08-01
[sim_takane_6m] open today's live schedule at 2025-08-01
[sim_takane_6m] open today's live schedule at 2025-08-01
[sim_takane_6m] stale buttons Friday, August 1, 2025 19:20 :: [{"text":"Main menu","disabled":false,"id":"btn-main-menu"},{"text":"Save game","disabled":false,"id":"btn-save"},{"text":"Load game","disabled":false,"id":"btn-load"},{"text":"New game","disabled":false,"id":"btn-new"},{"text":"Clear slot","disabled":false,"id":"btn-clear"},{"text":"‹","disabled":false,"id":""},{"text":"›","disabled":true,"id":""},{"text":"Friday, August 1, 2025 19:20","disabled":false,"id":"btn-goto-schedule"},{"text":"Next","disabled":false,"id":"btn-next-day"},{"text":"Inbox","disabled":false,"id":""},{"text":"Idols","disabled":false,"id":""},{"text":"Groups","disabled":false,"id":""},{"text":"Training","disabled":false,"id":""},{"text":"Schedule","disabled":false,"id":""},{"text":"Lives","disabled":false,"id":""},{"text":"Songs","disabled":false,"id":""},{"text":"Making","disabled":false,"id":""},{"text":"Media","disabled":false,"id":""},{"text":"Scout","disabled":false,"id":""},{"text":"Finances","disabled":false,"id":""},{"text":"Mark all read","disabled":true,"id":"btn-inbox-mark-all"},{"text":"* Today's live schedule\n        2025-08-01 - Assistant","disabled":false,"id":""},{"text":"Morning training ended\n        2025-07-31 - Training","disabled":false,"id":""},{"text":"Morning training ended\n        2025-07-30 - Training","disabled":false,"id":""},{"text":"Morning training ended\n        2025-07-29 - Training","disabled":false,"id":""},{"text":"Afternoon training ended\n        2025-07-28 - Training","disabled":false,"id":""},{"text":"Morning training ended\n        2025-07-28 - Training","disabled":false,"id":""},{"text":"Weekly news roundup\n        2025-07-28 - News","disabled":false,"id":""},{"text":"Morning training ended\n        2025-07-25 - Training","disabled":false,"id":""},{"text":"Morning training ended\n        2025-07-24 - Training","disabled":false,"id":""},{"text":"Morning training ended\n        2025-07-23 - Training","disabled":false,"id":""},{"text":"Morning training ended\n        2025-07-22 - Training","disabled":false,"id":""},{"text":"Morning training ended\n        2025-07-21 - Training","disabled":false,"id":""},{"text":"Weekly news roundup\n        2025-07-21 - News","disabled":false,"id":""},{"text":"Morning training ended\n        2025-07-18 - Training","disabled":false,"id":""},{"text":"Morning training ended\n        2025-07-17 - Training","disabled":false,"id":""},{"text":"Morning training ended\n        2025-07-16 - Training","disabled":false,"id":""},{"text":"Morning training ended\n        2025-07-15 - Training","disabled":false,"id":""},{"text":"Morning training ended\n        2025-07-14 - Training","disabled":false,"id":""},{"text":"Weekly news roundup\n        2025-07-14 - News","disabled":false,"id":""}]
[sim_takane_6m] open today's live schedule at 2025-08-01
[sim_takane_6m] open today's live schedule at 2025-08-01
[sim_takane_6m] open today's live schedule at 2025-08-01
[sim_takane_6m] open today's live schedule at 2025-08-01
[sim_takane_6m] open today's live schedule at 2025-08-01
[sim_takane_6m] open today's live schedule at 2025-08-01
[sim_takane_6m] open today's live schedule at 2025-08-01
[sim_takane_6m] open today's live schedule at 2025-08-01
[sim_takane_6m] open today's live schedule at 2025-08-01
[sim_takane_6m] open today's live schedule at 2025-08-01
[sim_takane_6m] open today's live schedule at 2025-08-01
[sim_takane_6m] open today's live schedule at 2025-08-01
[sim_takane_6m] open today's live schedule at 2025-08-01
[sim_takane_6m] open today's live schedule at 2025-08-01
[sim_takane_6m] step=525 iso=2025-08-01 display=Friday, August 1, 2025 19:20 stale=474
[sim_takane_6m] open today's live schedule at 2025-08-01
[sim_takane_6m] open today's live schedule at 2025-08-01
[sim_takane_6m] open today's live schedule at 2025-08-01
[sim_takane_6m] open today's live schedule at 2025-08-01
[sim_takane_6m] open today's live schedule at 2025-08-01
[sim_takane_6m] open today's live schedule at 2025-08-01
[sim_takane_6m] stale buttons Friday, August 1, 2025 19:20 :: [{"text":"Main menu","disabled":false,"id":"btn-main-menu"},{"text":"Save game","disabled":false,"id":"btn-save"},{"text":"Load game","disabled":false,"id":"btn-load"},{"text":"New game","disabled":false,"id":"btn-new"},{"text":"Clear slot","disabled":false,"id":"btn-clear"},{"text":"‹","disabled":false,"id":""},{"text":"›","disabled":true,"id":""},{"text":"Friday, August 1, 2025 19:20","disabled":false,"id":"btn-goto-schedule"},{"text":"Next","disabled":false,"id":"btn-next-day"},{"text":"Inbox","disabled":false,"id":""},{"text":"Idols","disabled":false,"id":""},{"text":"Groups","disabled":false,"id":""},{"text":"Training","disabled":false,"id":""},{"text":"Schedule","disabled":false,"id":""},{"text":"Lives","disabled":false,"id":""},{"text":"Songs","disabled":false,"id":""},{"text":"Making","disabled":false,"id":""},{"text":"Media","disabled":false,"id":""},{"text":"Scout","disabled":false,"id":""},{"text":"Finances","disabled":false,"id":""},{"text":"Mark all read","disabled":true,"id":"btn-inbox-mark-all"},{"text":"* Today's live schedule\n        2025-08-01 - Assistant","disabled":false,"id":""},{"text":"Morning training ended\n        2025-07-31 - Training","disabled":false,"id":""},{"text":"Morning training ended\n        2025-07-30 - Training","disabled":false,"id":""},{"text":"Morning training ended\n        2025-07-29 - Training","disabled":false,"id":""},{"text":"Afternoon training ended\n        2025-07-28 - Training","disabled":false,"id":""},{"text":"Morning training ended\n        2025-07-28 - Training","disabled":false,"id":""},{"text":"Weekly news roundup\n        2025-07-28 - News","disabled":false,"id":""},{"text":"Morning training ended\n        2025-07-25 - Training","disabled":false,"id":""},{"text":"Morning training ended\n        2025-07-24 - Training","disabled":false,"id":""},{"text":"Morning training ended\n        2025-07-23 - Training","disabled":false,"id":""},{"text":"Morning training ended\n        2025-07-22 - Training","disabled":false,"id":""},{"text":"Morning training ended\n        2025-07-21 - Training","disabled":false,"id":""},{"text":"Weekly news roundup\n        2025-07-21 - News","disabled":false,"id":""},{"text":"Morning training ended\n        2025-07-18 - Training","disabled":false,"id":""},{"text":"Morning training ended\n        2025-07-17 - Training","disabled":false,"id":""},{"text":"Morning training ended\n        2025-07-16 - Training","disabled":false,"id":""},{"text":"Morning training ended\n        2025-07-15 - Training","disabled":false,"id":""},{"text":"Morning training ended\n        2025-07-14 - Training","disabled":false,"id":""},{"text":"Weekly news roundup\n        2025-07-14 - News","disabled":false,"id":""}]
[sim_takane_6m] open today's live schedule at 2025-08-01
[sim_takane_6m] open today's live schedule at 2025-08-01
[sim_takane_6m] open today's live schedule at 2025-08-01
[sim_takane_6m] open today's live schedule at 2025-08-01
[sim_takane_6m] open today's live schedule at 2025-08-01
[sim_takane_6m] open today's live schedule at 2025-08-01
[sim_takane_6m] open today's live schedule at 2025-08-01
[sim_takane_6m] open today's live schedule at 2025-08-01
[sim_takane_6m] open today's live schedule at 2025-08-01
[sim_takane_6m] open today's live schedule at 2025-08-01
[sim_takane_6m] open today's live schedule at 2025-08-01
[sim_takane_6m] open today's live schedule at 2025-08-01
[sim_takane_6m] open today's live schedule at 2025-08-01
[sim_takane_6m] open today's live schedule at 2025-08-01
[sim_takane_6m] open today's live schedule at 2025-08-01
[sim_takane_6m] open today's live schedule at 2025-08-01
[sim_takane_6m] open today's live schedule at 2025-08-01
[sim_takane_6m] open today's live schedule at 2025-08-01
[sim_takane_6m] open today's live schedule at 2025-08-01
[sim_takane_6m] step=550 iso=2025-08-01 display=Friday, August 1, 2025 19:20 stale=499
[sim_takane_6m] open today's live schedule at 2025-08-01
[sim_takane_6m] stale buttons Friday, August 1, 2025 19:20 :: [{"text":"Main menu","disabled":false,"id":"btn-main-menu"},{"text":"Save game","disabled":false,"id":"btn-save"},{"text":"Load game","disabled":false,"id":"btn-load"},{"text":"New game","disabled":false,"id":"btn-new"},{"text":"Clear slot","disabled":false,"id":"btn-clear"},{"text":"‹","disabled":false,"id":""},{"text":"›","disabled":true,"id":""},{"text":"Friday, August 1, 2025 19:20","disabled":false,"id":"btn-goto-schedule"},{"text":"Next","disabled":false,"id":"btn-next-day"},{"text":"Inbox","disabled":false,"id":""},{"text":"Idols","disabled":false,"id":""},{"text":"Groups","disabled":false,"id":""},{"text":"Training","disabled":false,"id":""},{"text":"Schedule","disabled":false,"id":""},{"text":"Lives","disabled":false,"id":""},{"text":"Songs","disabled":false,"id":""},{"text":"Making","disabled":false,"id":""},{"text":"Media","disabled":false,"id":""},{"text":"Scout","disabled":false,"id":""},{"text":"Finances","disabled":false,"id":""},{"text":"Mark all read","disabled":true,"id":"btn-inbox-mark-all"},{"text":"* Today's live schedule\n        2025-08-01 - Assistant","disabled":false,"id":""},{"text":"Morning training ended\n        2025-07-31 - Training","disabled":false,"id":""},{"text":"Morning training ended\n        2025-07-30 - Training","disabled":false,"id":""},{"text":"Morning training ended\n        2025-07-29 - Training","disabled":false,"id":""},{"text":"Afternoon training ended\n        2025-07-28 - Training","disabled":false,"id":""},{"text":"Morning training ended\n        2025-07-28 - Training","disabled":false,"id":""},{"text":"Weekly news roundup\n        2025-07-28 - News","disabled":false,"id":""},{"text":"Morning training ended\n        2025-07-25 - Training","disabled":false,"id":""},{"text":"Morning training ended\n        2025-07-24 - Training","disabled":false,"id":""},{"text":"Morning training ended\n        2025-07-23 - Training","disabled":false,"id":""},{"text":"Morning training ended\n        2025-07-22 - Training","disabled":false,"id":""},{"text":"Morning training ended\n        2025-07-21 - Training","disabled":false,"id":""},{"text":"Weekly news roundup\n        2025-07-21 - News","disabled":false,"id":""},{"text":"Morning training ended\n        2025-07-18 - Training","disabled":false,"id":""},{"text":"Morning training ended\n        2025-07-17 - Training","disabled":false,"id":""},{"text":"Morning training ended\n        2025-07-16 - Training","disabled":false,"id":""},{"text":"Morning training ended\n        2025-07-15 - Training","disabled":false,"id":""},{"text":"Morning training ended\n        2025-07-14 - Training","disabled":false,"id":""},{"text":"Weekly news roundup\n        2025-07-14 - News","disabled":false,"id":""}]
[sim_takane_6m] open today's live schedule at 2025-08-01
[sim_takane_6m] open today's live schedule at 2025-08-01
[sim_takane_6m] open today's live schedule at 2025-08-01
[sim_takane_6m] open today's live schedule at 2025-08-01
[sim_takane_6m] open today's live schedule at 2025-08-01
[sim_takane_6m] open today's live schedule at 2025-08-01
[sim_takane_6m] open today's live schedule at 2025-08-01
[sim_takane_6m] open today's live schedule at 2025-08-01
[sim_takane_6m] open today's live schedule at 2025-08-01
[sim_takane_6m] open today's live schedule at 2025-08-01
[sim_takane_6m] open today's live schedule at 2025-08-01
[sim_takane_6m] open today's live schedule at 2025-08-01
[sim_takane_6m] open today's live schedule at 2025-08-01
[sim_takane_6m] open today's live schedule at 2025-08-01
[sim_takane_6m] open today's live schedule at 2025-08-01
[sim_takane_6m] open today's live schedule at 2025-08-01
[sim_takane_6m] open today's live schedule at 2025-08-01
[sim_takane_6m] open today's live schedule at 2025-08-01
[sim_takane_6m] open today's live schedule at 2025-08-01
[sim_takane_6m] open today's live schedule at 2025-08-01
[sim_takane_6m] stale buttons Friday, August 1, 2025 19:20 :: [{"text":"Main menu","disabled":false,"id":"btn-main-menu"},{"text":"Save game","disabled":false,"id":"btn-save"},{"text":"Load game","disabled":false,"id":"btn-load"},{"text":"New game","disabled":false,"id":"btn-new"},{"text":"Clear slot","disabled":false,"id":"btn-clear"},{"text":"‹","disabled":false,"id":""},{"text":"›","disabled":true,"id":""},{"text":"Friday, August 1, 2025 19:20","disabled":false,"id":"btn-goto-schedule"},{"text":"Next","disabled":false,"id":"btn-next-day"},{"text":"Inbox","disabled":false,"id":""},{"text":"Idols","disabled":false,"id":""},{"text":"Groups","disabled":false,"id":""},{"text":"Training","disabled":false,"id":""},{"text":"Schedule","disabled":false,"id":""},{"text":"Lives","disabled":false,"id":""},{"text":"Songs","disabled":false,"id":""},{"text":"Making","disabled":false,"id":""},{"text":"Media","disabled":false,"id":""},{"text":"Scout","disabled":false,"id":""},{"text":"Finances","disabled":false,"id":""},{"text":"Mark all read","disabled":true,"id":"btn-inbox-mark-all"},{"text":"* Today's live schedule\n        2025-08-01 - Assistant","disabled":false,"id":""},{"text":"Morning training ended\n        2025-07-31 - Training","disabled":false,"id":""},{"text":"Morning training ended\n        2025-07-30 - Training","disabled":false,"id":""},{"text":"Morning training ended\n        2025-07-29 - Training","disabled":false,"id":""},{"text":"Afternoon training ended\n        2025-07-28 - Training","disabled":false,"id":""},{"text":"Morning training ended\n        2025-07-28 - Training","disabled":false,"id":""},{"text":"Weekly news roundup\n        2025-07-28 - News","disabled":false,"id":""},{"text":"Morning training ended\n        2025-07-25 - Training","disabled":false,"id":""},{"text":"Morning training ended\n        2025-07-24 - Training","disabled":false,"id":""},{"text":"Morning training ended\n        2025-07-23 - Training","disabled":false,"id":""},{"text":"Morning training ended\n        2025-07-22 - Training","disabled":false,"id":""},{"text":"Morning training ended\n        2025-07-21 - Training","disabled":false,"id":""},{"text":"Weekly news roundup\n        2025-07-21 - News","disabled":false,"id":""},{"text":"Morning training ended\n        2025-07-18 - Training","disabled":false,"id":""},{"text":"Morning training ended\n        2025-07-17 - Training","disabled":false,"id":""},{"text":"Morning training ended\n        2025-07-16 - Training","disabled":false,"id":""},{"text":"Morning training ended\n        2025-07-15 - Training","disabled":false,"id":""},{"text":"Morning training ended\n        2025-07-14 - Training","disabled":false,"id":""},{"text":"Weekly news roundup\n        2025-07-14 - News","disabled":false,"id":""}]
[sim_takane_6m] open today's live schedule at 2025-08-01
[sim_takane_6m] open today's live schedule at 2025-08-01
[sim_takane_6m] open today's live schedule at 2025-08-01
[sim_takane_6m] open today's live schedule at 2025-08-01
[sim_takane_6m] step=575 iso=2025-08-01 display=Friday, August 1, 2025 19:20 stale=524
[sim_takane_6m] open today's live schedule at 2025-08-01
[sim_takane_6m] open today's live schedule at 2025-08-01
[sim_takane_6m] open today's live schedule at 2025-08-01
[sim_takane_6m] open today's live schedule at 2025-08-01
[sim_takane_6m] open today's live schedule at 2025-08-01
[sim_takane_6m] open today's live schedule at 2025-08-01
[sim_takane_6m] open today's live schedule at 2025-08-01
[sim_takane_6m] open today's live schedule at 2025-08-01
[sim_takane_6m] open today's live schedule at 2025-08-01
[sim_takane_6m] open today's live schedule at 2025-08-01
[sim_takane_6m] open today's live schedule at 2025-08-01
[sim_takane_6m] open today's live schedule at 2025-08-01
[sim_takane_6m] open today's live schedule at 2025-08-01
[sim_takane_6m] open today's live schedule at 2025-08-01
[sim_takane_6m] open today's live schedule at 2025-08-01
[sim_takane_6m] open today's live schedule at 2025-08-01
[sim_takane_6m] stale buttons Friday, August 1, 2025 19:20 :: [{"text":"Main menu","disabled":false,"id":"btn-main-menu"},{"text":"Save game","disabled":false,"id":"btn-save"},{"text":"Load game","disabled":false,"id":"btn-load"},{"text":"New game","disabled":false,"id":"btn-new"},{"text":"Clear slot","disabled":false,"id":"btn-clear"},{"text":"‹","disabled":false,"id":""},{"text":"›","disabled":true,"id":""},{"text":"Friday, August 1, 2025 19:20","disabled":false,"id":"btn-goto-schedule"},{"text":"Next","disabled":false,"id":"btn-next-day"},{"text":"Inbox","disabled":false,"id":""},{"text":"Idols","disabled":false,"id":""},{"text":"Groups","disabled":false,"id":""},{"text":"Training","disabled":false,"id":""},{"text":"Schedule","disabled":false,"id":""},{"text":"Lives","disabled":false,"id":""},{"text":"Songs","disabled":false,"id":""},{"text":"Making","disabled":false,"id":""},{"text":"Media","disabled":false,"id":""},{"text":"Scout","disabled":false,"id":""},{"text":"Finances","disabled":false,"id":""},{"text":"Mark all read","disabled":true,"id":"btn-inbox-mark-all"},{"text":"* Today's live schedule\n        2025-08-01 - Assistant","disabled":false,"id":""},{"text":"Morning training ended\n        2025-07-31 - Training","disabled":false,"id":""},{"text":"Morning training ended\n        2025-07-30 - Training","disabled":false,"id":""},{"text":"Morning training ended\n        2025-07-29 - Training","disabled":false,"id":""},{"text":"Afternoon training ended\n        2025-07-28 - Training","disabled":false,"id":""},{"text":"Morning training ended\n        2025-07-28 - Training","disabled":false,"id":""},{"text":"Weekly news roundup\n        2025-07-28 - News","disabled":false,"id":""},{"text":"Morning training ended\n        2025-07-25 - Training","disabled":false,"id":""},{"text":"Morning training ended\n        2025-07-24 - Training","disabled":false,"id":""},{"text":"Morning training ended\n        2025-07-23 - Training","disabled":false,"id":""},{"text":"Morning training ended\n        2025-07-22 - Training","disabled":false,"id":""},{"text":"Morning training ended\n        2025-07-21 - Training","disabled":false,"id":""},{"text":"Weekly news roundup\n        2025-07-21 - News","disabled":false,"id":""},{"text":"Morning training ended\n        2025-07-18 - Training","disabled":false,"id":""},{"text":"Morning training ended\n        2025-07-17 - Training","disabled":false,"id":""},{"text":"Morning training ended\n        2025-07-16 - Training","disabled":false,"id":""},{"text":"Morning training ended\n        2025-07-15 - Training","disabled":false,"id":""},{"text":"Morning training ended\n        2025-07-14 - Training","disabled":false,"id":""},{"text":"Weekly news roundup\n        2025-07-14 - News","disabled":false,"id":""}]
[sim_takane_6m] open today's live schedule at 2025-08-01
[sim_takane_6m] open today's live schedule at 2025-08-01
[sim_takane_6m] open today's live schedule at 2025-08-01
[sim_takane_6m] open today's live schedule at 2025-08-01
[sim_takane_6m] open today's live schedule at 2025-08-01
[sim_takane_6m] open today's live schedule at 2025-08-01
[sim_takane_6m] open today's live schedule at 2025-08-01
[sim_takane_6m] open today's live schedule at 2025-08-01
[sim_takane_6m] open today's live schedule at 2025-08-01
[sim_takane_6m] step=600 iso=2025-08-01 display=Friday, August 1, 2025 19:20 stale=549
[sim_takane_6m] open today's live schedule at 2025-08-01
[sim_takane_6m] open today's live schedule at 2025-08-01
[sim_takane_6m] open today's live schedule at 2025-08-01
[sim_takane_6m] open today's live schedule at 2025-08-01
[sim_takane_6m] open today's live schedule at 2025-08-01
[sim_takane_6m] open today's live schedule at 2025-08-01
[sim_takane_6m] open today's live schedule at 2025-08-01
[sim_takane_6m] open today's live schedule at 2025-08-01
[sim_takane_6m] open today's live schedule at 2025-08-01
[sim_takane_6m] open today's live schedule at 2025-08-01
[sim_takane_6m] open today's live schedule at 2025-08-01
[sim_takane_6m] stale buttons Friday, August 1, 2025 19:20 :: [{"text":"Main menu","disabled":false,"id":"btn-main-menu"},{"text":"Save game","disabled":false,"id":"btn-save"},{"text":"Load game","disabled":false,"id":"btn-load"},{"text":"New game","disabled":false,"id":"btn-new"},{"text":"Clear slot","disabled":false,"id":"btn-clear"},{"text":"‹","disabled":false,"id":""},{"text":"›","disabled":true,"id":""},{"text":"Friday, August 1, 2025 19:20","disabled":false,"id":"btn-goto-schedule"},{"text":"Next","disabled":false,"id":"btn-next-day"},{"text":"Inbox","disabled":false,"id":""},{"text":"Idols","disabled":false,"id":""},{"text":"Groups","disabled":false,"id":""},{"text":"Training","disabled":false,"id":""},{"text":"Schedule","disabled":false,"id":""},{"text":"Lives","disabled":false,"id":""},{"text":"Songs","disabled":false,"id":""},{"text":"Making","disabled":false,"id":""},{"text":"Media","disabled":false,"id":""},{"text":"Scout","disabled":false,"id":""},{"text":"Finances","disabled":false,"id":""},{"text":"Mark all read","disabled":true,"id":"btn-inbox-mark-all"},{"text":"* Today's live schedule\n        2025-08-01 - Assistant","disabled":false,"id":""},{"text":"Morning training ended\n        2025-07-31 - Training","disabled":false,"id":""},{"text":"Morning training ended\n        2025-07-30 - Training","disabled":false,"id":""},{"text":"Morning training ended\n        2025-07-29 - Training","disabled":false,"id":""},{"text":"Afternoon training ended\n        2025-07-28 - Training","disabled":false,"id":""},{"text":"Morning training ended\n        2025-07-28 - Training","disabled":false,"id":""},{"text":"Weekly news roundup\n        2025-07-28 - News","disabled":false,"id":""},{"text":"Morning training ended\n        2025-07-25 - Training","disabled":false,"id":""},{"text":"Morning training ended\n        2025-07-24 - Training","disabled":false,"id":""},{"text":"Morning training ended\n        2025-07-23 - Training","disabled":false,"id":""},{"text":"Morning training ended\n        2025-07-22 - Training","disabled":false,"id":""},{"text":"Morning training ended\n        2025-07-21 - Training","disabled":false,"id":""},{"text":"Weekly news roundup\n        2025-07-21 - News","disabled":false,"id":""},{"text":"Morning training ended\n        2025-07-18 - Training","disabled":false,"id":""},{"text":"Morning training ended\n        2025-07-17 - Training","disabled":false,"id":""},{"text":"Morning training ended\n        2025-07-16 - Training","disabled":false,"id":""},{"text":"Morning training ended\n        2025-07-15 - Training","disabled":false,"id":""},{"text":"Morning training ended\n        2025-07-14 - Training","disabled":false,"id":""},{"text":"Weekly news roundup\n        2025-07-14 - News","disabled":false,"id":""}]
[sim_takane_6m] open today's live schedule at 2025-08-01
[sim_takane_6m] open today's live schedule at 2025-08-01
[sim_takane_6m] open today's live schedule at 2025-08-01
[sim_takane_6m] open today's live schedule at 2025-08-01
[sim_takane_6m] open today's live schedule at 2025-08-01
[sim_takane_6m] open today's live schedule at 2025-08-01
[sim_takane_6m] open today's live schedule at 2025-08-01
[sim_takane_6m] open today's live schedule at 2025-08-01
[sim_takane_6m] open today's live schedule at 2025-08-01
[sim_takane_6m] open today's live schedule at 2025-08-01
[sim_takane_6m] open today's live schedule at 2025-08-01
[sim_takane_6m] open today's live schedule at 2025-08-01
[sim_takane_6m] open today's live schedule at 2025-08-01
[sim_takane_6m] open today's live schedule at 2025-08-01
[sim_takane_6m] step=625 iso=2025-08-01 display=Friday, August 1, 2025 19:20 stale=574
[sim_takane_6m] open today's live schedule at 2025-08-01
[sim_takane_6m] open today's live schedule at 2025-08-01
[sim_takane_6m] open today's live schedule at 2025-08-01
[sim_takane_6m] open today's live schedule at 2025-08-01
[sim_takane_6m] open today's live schedule at 2025-08-01
[sim_takane_6m] open today's live schedule at 2025-08-01
[sim_takane_6m] stale buttons Friday, August 1, 2025 19:20 :: [{"text":"Main menu","disabled":false,"id":"btn-main-menu"},{"text":"Save game","disabled":false,"id":"btn-save"},{"text":"Load game","disabled":false,"id":"btn-load"},{"text":"New game","disabled":false,"id":"btn-new"},{"text":"Clear slot","disabled":false,"id":"btn-clear"},{"text":"‹","disabled":false,"id":""},{"text":"›","disabled":true,"id":""},{"text":"Friday, August 1, 2025 19:20","disabled":false,"id":"btn-goto-schedule"},{"text":"Next","disabled":false,"id":"btn-next-day"},{"text":"Inbox","disabled":false,"id":""},{"text":"Idols","disabled":false,"id":""},{"text":"Groups","disabled":false,"id":""},{"text":"Training","disabled":false,"id":""},{"text":"Schedule","disabled":false,"id":""},{"text":"Lives","disabled":false,"id":""},{"text":"Songs","disabled":false,"id":""},{"text":"Making","disabled":false,"id":""},{"text":"Media","disabled":false,"id":""},{"text":"Scout","disabled":false,"id":""},{"text":"Finances","disabled":false,"id":""},{"text":"Mark all read","disabled":true,"id":"btn-inbox-mark-all"},{"text":"* Today's live schedule\n        2025-08-01 - Assistant","disabled":false,"id":""},{"text":"Morning training ended\n        2025-07-31 - Training","disabled":false,"id":""},{"text":"Morning training ended\n        2025-07-30 - Training","disabled":false,"id":""},{"text":"Morning training ended\n        2025-07-29 - Training","disabled":false,"id":""},{"text":"Afternoon training ended\n        2025-07-28 - Training","disabled":false,"id":""},{"text":"Morning training ended\n        2025-07-28 - Training","disabled":false,"id":""},{"text":"Weekly news roundup\n        2025-07-28 - News","disabled":false,"id":""},{"text":"Morning training ended\n        2025-07-25 - Training","disabled":false,"id":""},{"text":"Morning training ended\n        2025-07-24 - Training","disabled":false,"id":""},{"text":"Morning training ended\n        2025-07-23 - Training","disabled":false,"id":""},{"text":"Morning training ended\n        2025-07-22 - Training","disabled":false,"id":""},{"text":"Morning training ended\n        2025-07-21 - Training","disabled":false,"id":""},{"text":"Weekly news roundup\n        2025-07-21 - News","disabled":false,"id":""},{"text":"Morning training ended\n        2025-07-18 - Training","disabled":false,"id":""},{"text":"Morning training ended\n        2025-07-17 - Training","disabled":false,"id":""},{"text":"Morning training ended\n        2025-07-16 - Training","disabled":false,"id":""},{"text":"Morning training ended\n        2025-07-15 - Training","disabled":false,"id":""},{"text":"Morning training ended\n        2025-07-14 - Training","disabled":false,"id":""},{"text":"Weekly news roundup\n        2025-07-14 - News","disabled":false,"id":""}]
[sim_takane_6m] open today's live schedule at 2025-08-01
[sim_takane_6m] open today's live schedule at 2025-08-01
[sim_takane_6m] open today's live schedule at 2025-08-01
[sim_takane_6m] open today's live schedule at 2025-08-01
[sim_takane_6m] open today's live schedule at 2025-08-01
[sim_takane_6m] open today's live schedule at 2025-08-01
[sim_takane_6m] open today's live schedule at 2025-08-01
[sim_takane_6m] open today's live schedule at 2025-08-01
[sim_takane_6m] open today's live schedule at 2025-08-01
[sim_takane_6m] open today's live schedule at 2025-08-01
[sim_takane_6m] open today's live schedule at 2025-08-01
[sim_takane_6m] open today's live schedule at 2025-08-01
[sim_takane_6m] open today's live schedule at 2025-08-01
[sim_takane_6m] open today's live schedule at 2025-08-01
[sim_takane_6m] open today's live schedule at 2025-08-01
[sim_takane_6m] open today's live schedule at 2025-08-01
[sim_takane_6m] open today's live schedule at 2025-08-01
[sim_takane_6m] open today's live schedule at 2025-08-01
[sim_takane_6m] open today's live schedule at 2025-08-01
[sim_takane_6m] step=650 iso=2025-08-01 display=Friday, August 1, 2025 19:20 stale=599
[sim_takane_6m] open today's live schedule at 2025-08-01
[sim_takane_6m] stale buttons Friday, August 1, 2025 19:20 :: [{"text":"Main menu","disabled":false,"id":"btn-main-menu"},{"text":"Save game","disabled":false,"id":"btn-save"},{"text":"Load game","disabled":false,"id":"btn-load"},{"text":"New game","disabled":false,"id":"btn-new"},{"text":"Clear slot","disabled":false,"id":"btn-clear"},{"text":"‹","disabled":false,"id":""},{"text":"›","disabled":true,"id":""},{"text":"Friday, August 1, 2025 19:20","disabled":false,"id":"btn-goto-schedule"},{"text":"Next","disabled":false,"id":"btn-next-day"},{"text":"Inbox","disabled":false,"id":""},{"text":"Idols","disabled":false,"id":""},{"text":"Groups","disabled":false,"id":""},{"text":"Training","disabled":false,"id":""},{"text":"Schedule","disabled":false,"id":""},{"text":"Lives","disabled":false,"id":""},{"text":"Songs","disabled":false,"id":""},{"text":"Making","disabled":false,"id":""},{"text":"Media","disabled":false,"id":""},{"text":"Scout","disabled":false,"id":""},{"text":"Finances","disabled":false,"id":""},{"text":"Mark all read","disabled":true,"id":"btn-inbox-mark-all"},{"text":"* Today's live schedule\n        2025-08-01 - Assistant","disabled":false,"id":""},{"text":"Morning training ended\n        2025-07-31 - Training","disabled":false,"id":""},{"text":"Morning training ended\n        2025-07-30 - Training","disabled":false,"id":""},{"text":"Morning training ended\n        2025-07-29 - Training","disabled":false,"id":""},{"text":"Afternoon training ended\n        2025-07-28 - Training","disabled":false,"id":""},{"text":"Morning training ended\n        2025-07-28 - Training","disabled":false,"id":""},{"text":"Weekly news roundup\n        2025-07-28 - News","disabled":false,"id":""},{"text":"Morning training ended\n        2025-07-25 - Training","disabled":false,"id":""},{"text":"Morning training ended\n        2025-07-24 - Training","disabled":false,"id":""},{"text":"Morning training ended\n        2025-07-23 - Training","disabled":false,"id":""},{"text":"Morning training ended\n        2025-07-22 - Training","disabled":false,"id":""},{"text":"Morning training ended\n        2025-07-21 - Training","disabled":false,"id":""},{"text":"Weekly news roundup\n        2025-07-21 - News","disabled":false,"id":""},{"text":"Morning training ended\n        2025-07-18 - Training","disabled":false,"id":""},{"text":"Morning training ended\n        2025-07-17 - Training","disabled":false,"id":""},{"text":"Morning training ended\n        2025-07-16 - Training","disabled":false,"id":""},{"text":"Morning training ended\n        2025-07-15 - Training","disabled":false,"id":""},{"text":"Morning training ended\n        2025-07-14 - Training","disabled":false,"id":""},{"text":"Weekly news roundup\n        2025-07-14 - News","disabled":false,"id":""}]
[sim_takane_6m] open today's live schedule at 2025-08-01
[sim_takane_6m] open today's live schedule at 2025-08-01
[sim_takane_6m] open today's live schedule at 2025-08-01
[sim_takane_6m] open today's live schedule at 2025-08-01
[sim_takane_6m] open today's live schedule at 2025-08-01
[sim_takane_6m] open today's live schedule at 2025-08-01
[sim_takane_6m] open today's live schedule at 2025-08-01
[sim_takane_6m] open today's live schedule at 2025-08-01
[sim_takane_6m] open today's live schedule at 2025-08-01
[sim_takane_6m] open today's live schedule at 2025-08-01
[sim_takane_6m] open today's live schedule at 2025-08-01
[sim_takane_6m] open today's live schedule at 2025-08-01
[sim_takane_6m] open today's live schedule at 2025-08-01
[sim_takane_6m] open today's live schedule at 2025-08-01
[sim_takane_6m] open today's live schedule at 2025-08-01
[sim_takane_6m] open today's live schedule at 2025-08-01
[sim_takane_6m] open today's live schedule at 2025-08-01
[sim_takane_6m] open today's live schedule at 2025-08-01
[sim_takane_6m] open today's live schedule at 2025-08-01
[sim_takane_6m] open today's live schedule at 2025-08-01
[sim_takane_6m] stale buttons Friday, August 1, 2025 19:20 :: [{"text":"Main menu","disabled":false,"id":"btn-main-menu"},{"text":"Save game","disabled":false,"id":"btn-save"},{"text":"Load game","disabled":false,"id":"btn-load"},{"text":"New game","disabled":false,"id":"btn-new"},{"text":"Clear slot","disabled":false,"id":"btn-clear"},{"text":"‹","disabled":false,"id":""},{"text":"›","disabled":true,"id":""},{"text":"Friday, August 1, 2025 19:20","disabled":false,"id":"btn-goto-schedule"},{"text":"Next","disabled":false,"id":"btn-next-day"},{"text":"Inbox","disabled":false,"id":""},{"text":"Idols","disabled":false,"id":""},{"text":"Groups","disabled":false,"id":""},{"text":"Training","disabled":false,"id":""},{"text":"Schedule","disabled":false,"id":""},{"text":"Lives","disabled":false,"id":""},{"text":"Songs","disabled":false,"id":""},{"text":"Making","disabled":false,"id":""},{"text":"Media","disabled":false,"id":""},{"text":"Scout","disabled":false,"id":""},{"text":"Finances","disabled":false,"id":""},{"text":"Mark all read","disabled":true,"id":"btn-inbox-mark-all"},{"text":"* Today's live schedule\n        2025-08-01 - Assistant","disabled":false,"id":""},{"text":"Morning training ended\n        2025-07-31 - Training","disabled":false,"id":""},{"text":"Morning training ended\n        2025-07-30 - Training","disabled":false,"id":""},{"text":"Morning training ended\n        2025-07-29 - Training","disabled":false,"id":""},{"text":"Afternoon training ended\n        2025-07-28 - Training","disabled":false,"id":""},{"text":"Morning training ended\n        2025-07-28 - Training","disabled":false,"id":""},{"text":"Weekly news roundup\n        2025-07-28 - News","disabled":false,"id":""},{"text":"Morning training ended\n        2025-07-25 - Training","disabled":false,"id":""},{"text":"Morning training ended\n        2025-07-24 - Training","disabled":false,"id":""},{"text":"Morning training ended\n        2025-07-23 - Training","disabled":false,"id":""},{"text":"Morning training ended\n        2025-07-22 - Training","disabled":false,"id":""},{"text":"Morning training ended\n        2025-07-21 - Training","disabled":false,"id":""},{"text":"Weekly news roundup\n        2025-07-21 - News","disabled":false,"id":""},{"text":"Morning training ended\n        2025-07-18 - Training","disabled":false,"id":""},{"text":"Morning training ended\n        2025-07-17 - Training","disabled":false,"id":""},{"text":"Morning training ended\n        2025-07-16 - Training","disabled":false,"id":""},{"text":"Morning training ended\n        2025-07-15 - Training","disabled":false,"id":""},{"text":"Morning training ended\n        2025-07-14 - Training","disabled":false,"id":""},{"text":"Weekly news roundup\n        2025-07-14 - News","disabled":false,"id":""}]
[sim_takane_6m] open today's live schedule at 2025-08-01
[sim_takane_6m] open today's live schedule at 2025-08-01
[sim_takane_6m] open today's live schedule at 2025-08-01
[sim_takane_6m] open today's live schedule at 2025-08-01
[sim_takane_6m] step=675 iso=2025-08-01 display=Friday, August 1, 2025 19:20 stale=624
[sim_takane_6m] open today's live schedule at 2025-08-01
[sim_takane_6m] open today's live schedule at 2025-08-01
[sim_takane_6m] open today's live schedule at 2025-08-01
[sim_takane_6m] open today's live schedule at 2025-08-01
[sim_takane_6m] open today's live schedule at 2025-08-01
[sim_takane_6m] open today's live schedule at 2025-08-01
[sim_takane_6m] open today's live schedule at 2025-08-01
[sim_takane_6m] open today's live schedule at 2025-08-01
[sim_takane_6m] open today's live schedule at 2025-08-01
[sim_takane_6m] open today's live schedule at 2025-08-01
[sim_takane_6m] open today's live schedule at 2025-08-01
[sim_takane_6m] open today's live schedule at 2025-08-01
[sim_takane_6m] open today's live schedule at 2025-08-01
[sim_takane_6m] open today's live schedule at 2025-08-01
[sim_takane_6m] open today's live schedule at 2025-08-01
[sim_takane_6m] open today's live schedule at 2025-08-01
[sim_takane_6m] stale buttons Friday, August 1, 2025 19:20 :: [{"text":"Main menu","disabled":false,"id":"btn-main-menu"},{"text":"Save game","disabled":false,"id":"btn-save"},{"text":"Load game","disabled":false,"id":"btn-load"},{"text":"New game","disabled":false,"id":"btn-new"},{"text":"Clear slot","disabled":false,"id":"btn-clear"},{"text":"‹","disabled":false,"id":""},{"text":"›","disabled":true,"id":""},{"text":"Friday, August 1, 2025 19:20","disabled":false,"id":"btn-goto-schedule"},{"text":"Next","disabled":false,"id":"btn-next-day"},{"text":"Inbox","disabled":false,"id":""},{"text":"Idols","disabled":false,"id":""},{"text":"Groups","disabled":false,"id":""},{"text":"Training","disabled":false,"id":""},{"text":"Schedule","disabled":false,"id":""},{"text":"Lives","disabled":false,"id":""},{"text":"Songs","disabled":false,"id":""},{"text":"Making","disabled":false,"id":""},{"text":"Media","disabled":false,"id":""},{"text":"Scout","disabled":false,"id":""},{"text":"Finances","disabled":false,"id":""},{"text":"Mark all read","disabled":true,"id":"btn-inbox-mark-all"},{"text":"* Today's live schedule\n        2025-08-01 - Assistant","disabled":false,"id":""},{"text":"Morning training ended\n        2025-07-31 - Training","disabled":false,"id":""},{"text":"Morning training ended\n        2025-07-30 - Training","disabled":false,"id":""},{"text":"Morning training ended\n        2025-07-29 - Training","disabled":false,"id":""},{"text":"Afternoon training ended\n        2025-07-28 - Training","disabled":false,"id":""},{"text":"Morning training ended\n        2025-07-28 - Training","disabled":false,"id":""},{"text":"Weekly news roundup\n        2025-07-28 - News","disabled":false,"id":""},{"text":"Morning training ended\n        2025-07-25 - Training","disabled":false,"id":""},{"text":"Morning training ended\n        2025-07-24 - Training","disabled":false,"id":""},{"text":"Morning training ended\n        2025-07-23 - Training","disabled":false,"id":""},{"text":"Morning training ended\n        2025-07-22 - Training","disabled":false,"id":""},{"text":"Morning training ended\n        2025-07-21 - Training","disabled":false,"id":""},{"text":"Weekly news roundup\n        2025-07-21 - News","disabled":false,"id":""},{"text":"Morning training ended\n        2025-07-18 - Training","disabled":false,"id":""},{"text":"Morning training ended\n        2025-07-17 - Training","disabled":false,"id":""},{"text":"Morning training ended\n        2025-07-16 - Training","disabled":false,"id":""},{"text":"Morning training ended\n        2025-07-15 - Training","disabled":false,"id":""},{"text":"Morning training ended\n        2025-07-14 - Training","disabled":false,"id":""},{"text":"Weekly news roundup\n        2025-07-14 - News","disabled":false,"id":""}]
[sim_takane_6m] open today's live schedule at 2025-08-01
[sim_takane_6m] open today's live schedule at 2025-08-01
[sim_takane_6m] open today's live schedule at 2025-08-01
[sim_takane_6m] open today's live schedule at 2025-08-01
[sim_takane_6m] open today's live schedule at 2025-08-01
[sim_takane_6m] open today's live schedule at 2025-08-01
[sim_takane_6m] open today's live schedule at 2025-08-01
[sim_takane_6m] open today's live schedule at 2025-08-01
[sim_takane_6m] open today's live schedule at 2025-08-01
[sim_takane_6m] step=700 iso=2025-08-01 display=Friday, August 1, 2025 19:20 stale=649
[sim_takane_6m] open today's live schedule at 2025-08-01
[sim_takane_6m] open today's live schedule at 2025-08-01
[sim_takane_6m] open today's live schedule at 2025-08-01
[sim_takane_6m] open today's live schedule at 2025-08-01
[sim_takane_6m] open today's live schedule at 2025-08-01
[sim_takane_6m] open today's live schedule at 2025-08-01
[sim_takane_6m] open today's live schedule at 2025-08-01
[sim_takane_6m] open today's live schedule at 2025-08-01
[sim_takane_6m] open today's live schedule at 2025-08-01
[sim_takane_6m] open today's live schedule at 2025-08-01
[sim_takane_6m] open today's live schedule at 2025-08-01
[sim_takane_6m] stale buttons Friday, August 1, 2025 19:20 :: [{"text":"Main menu","disabled":false,"id":"btn-main-menu"},{"text":"Save game","disabled":false,"id":"btn-save"},{"text":"Load game","disabled":false,"id":"btn-load"},{"text":"New game","disabled":false,"id":"btn-new"},{"text":"Clear slot","disabled":false,"id":"btn-clear"},{"text":"‹","disabled":false,"id":""},{"text":"›","disabled":true,"id":""},{"text":"Friday, August 1, 2025 19:20","disabled":false,"id":"btn-goto-schedule"},{"text":"Next","disabled":false,"id":"btn-next-day"},{"text":"Inbox","disabled":false,"id":""},{"text":"Idols","disabled":false,"id":""},{"text":"Groups","disabled":false,"id":""},{"text":"Training","disabled":false,"id":""},{"text":"Schedule","disabled":false,"id":""},{"text":"Lives","disabled":false,"id":""},{"text":"Songs","disabled":false,"id":""},{"text":"Making","disabled":false,"id":""},{"text":"Media","disabled":false,"id":""},{"text":"Scout","disabled":false,"id":""},{"text":"Finances","disabled":false,"id":""},{"text":"Mark all read","disabled":true,"id":"btn-inbox-mark-all"},{"text":"* Today's live schedule\n        2025-08-01 - Assistant","disabled":false,"id":""},{"text":"Morning training ended\n        2025-07-31 - Training","disabled":false,"id":""},{"text":"Morning training ended\n        2025-07-30 - Training","disabled":false,"id":""},{"text":"Morning training ended\n        2025-07-29 - Training","disabled":false,"id":""},{"text":"Afternoon training ended\n        2025-07-28 - Training","disabled":false,"id":""},{"text":"Morning training ended\n        2025-07-28 - Training","disabled":false,"id":""},{"text":"Weekly news roundup\n        2025-07-28 - News","disabled":false,"id":""},{"text":"Morning training ended\n        2025-07-25 - Training","disabled":false,"id":""},{"text":"Morning training ended\n        2025-07-24 - Training","disabled":false,"id":""},{"text":"Morning training ended\n        2025-07-23 - Training","disabled":false,"id":""},{"text":"Morning training ended\n        2025-07-22 - Training","disabled":false,"id":""},{"text":"Morning training ended\n        2025-07-21 - Training","disabled":false,"id":""},{"text":"Weekly news roundup\n        2025-07-21 - News","disabled":false,"id":""},{"text":"Morning training ended\n        2025-07-18 - Training","disabled":false,"id":""},{"text":"Morning training ended\n        2025-07-17 - Training","disabled":false,"id":""},{"text":"Morning training ended\n        2025-07-16 - Training","disabled":false,"id":""},{"text":"Morning training ended\n        2025-07-15 - Training","disabled":false,"id":""},{"text":"Morning training ended\n        2025-07-14 - Training","disabled":false,"id":""},{"text":"Weekly news roundup\n        2025-07-14 - News","disabled":false,"id":""}]
[sim_takane_6m] open today's live schedule at 2025-08-01
[sim_takane_6m] open today's live schedule at 2025-08-01
[sim_takane_6m] open today's live schedule at 2025-08-01
[sim_takane_6m] open today's live schedule at 2025-08-01
[sim_takane_6m] open today's live schedule at 2025-08-01
[sim_takane_6m] open today's live schedule at 2025-08-01
[sim_takane_6m] open today's live schedule at 2025-08-01
[sim_takane_6m] open today's live schedule at 2025-08-01
[sim_takane_6m] open today's live schedule at 2025-08-01
[sim_takane_6m] open today's live schedule at 2025-08-01
[sim_takane_6m] open today's live schedule at 2025-08-01
[sim_takane_6m] open today's live schedule at 2025-08-01
[sim_takane_6m] open today's live schedule at 2025-08-01
[sim_takane_6m] open today's live schedule at 2025-08-01
[sim_takane_6m] step=725 iso=2025-08-01 display=Friday, August 1, 2025 19:20 stale=674
[sim_takane_6m] open today's live schedule at 2025-08-01
[sim_takane_6m] open today's live schedule at 2025-08-01
[sim_takane_6m] open today's live schedule at 2025-08-01
[sim_takane_6m] open today's live schedule at 2025-08-01
[sim_takane_6m] open today's live schedule at 2025-08-01
[sim_takane_6m] open today's live schedule at 2025-08-01
[sim_takane_6m] stale buttons Friday, August 1, 2025 19:20 :: [{"text":"Main menu","disabled":false,"id":"btn-main-menu"},{"text":"Save game","disabled":false,"id":"btn-save"},{"text":"Load game","disabled":false,"id":"btn-load"},{"text":"New game","disabled":false,"id":"btn-new"},{"text":"Clear slot","disabled":false,"id":"btn-clear"},{"text":"‹","disabled":false,"id":""},{"text":"›","disabled":true,"id":""},{"text":"Friday, August 1, 2025 19:20","disabled":false,"id":"btn-goto-schedule"},{"text":"Next","disabled":false,"id":"btn-next-day"},{"text":"Inbox","disabled":false,"id":""},{"text":"Idols","disabled":false,"id":""},{"text":"Groups","disabled":false,"id":""},{"text":"Training","disabled":false,"id":""},{"text":"Schedule","disabled":false,"id":""},{"text":"Lives","disabled":false,"id":""},{"text":"Songs","disabled":false,"id":""},{"text":"Making","disabled":false,"id":""},{"text":"Media","disabled":false,"id":""},{"text":"Scout","disabled":false,"id":""},{"text":"Finances","disabled":false,"id":""},{"text":"Mark all read","disabled":true,"id":"btn-inbox-mark-all"},{"text":"* Today's live schedule\n        2025-08-01 - Assistant","disabled":false,"id":""},{"text":"Morning training ended\n        2025-07-31 - Training","disabled":false,"id":""},{"text":"Morning training ended\n        2025-07-30 - Training","disabled":false,"id":""},{"text":"Morning training ended\n        2025-07-29 - Training","disabled":false,"id":""},{"text":"Afternoon training ended\n        2025-07-28 - Training","disabled":false,"id":""},{"text":"Morning training ended\n        2025-07-28 - Training","disabled":false,"id":""},{"text":"Weekly news roundup\n        2025-07-28 - News","disabled":false,"id":""},{"text":"Morning training ended\n        2025-07-25 - Training","disabled":false,"id":""},{"text":"Morning training ended\n        2025-07-24 - Training","disabled":false,"id":""},{"text":"Morning training ended\n        2025-07-23 - Training","disabled":false,"id":""},{"text":"Morning training ended\n        2025-07-22 - Training","disabled":false,"id":""},{"text":"Morning training ended\n        2025-07-21 - Training","disabled":false,"id":""},{"text":"Weekly news roundup\n        2025-07-21 - News","disabled":false,"id":""},{"text":"Morning training ended\n        2025-07-18 - Training","disabled":false,"id":""},{"text":"Morning training ended\n        2025-07-17 - Training","disabled":false,"id":""},{"text":"Morning training ended\n        2025-07-16 - Training","disabled":false,"id":""},{"text":"Morning training ended\n        2025-07-15 - Training","disabled":false,"id":""},{"text":"Morning training ended\n        2025-07-14 - Training","disabled":false,"id":""},{"text":"Weekly news roundup\n        2025-07-14 - News","disabled":false,"id":""}]
[sim_takane_6m] open today's live schedule at 2025-08-01
[sim_takane_6m] open today's live schedule at 2025-08-01
[sim_takane_6m] open today's live schedule at 2025-08-01
[sim_takane_6m] open today's live schedule at 2025-08-01
[sim_takane_6m] open today's live schedule at 2025-08-01
[sim_takane_6m] open today's live schedule at 2025-08-01
[sim_takane_6m] open today's live schedule at 2025-08-01
[sim_takane_6m] open today's live schedule at 2025-08-01
[sim_takane_6m] open today's live schedule at 2025-08-01
[sim_takane_6m] open today's live schedule at 2025-08-01
[sim_takane_6m] open today's live schedule at 2025-08-01
[sim_takane_6m] open today's live schedule at 2025-08-01
[sim_takane_6m] open today's live schedule at 2025-08-01
[sim_takane_6m] open today's live schedule at 2025-08-01
[sim_takane_6m] open today's live schedule at 2025-08-01
[sim_takane_6m] open today's live schedule at 2025-08-01
[sim_takane_6m] open today's live schedule at 2025-08-01
[sim_takane_6m] open today's live schedule at 2025-08-01
[sim_takane_6m] open today's live schedule at 2025-08-01
[sim_takane_6m] step=750 iso=2025-08-01 display=Friday, August 1, 2025 19:20 stale=699
[sim_takane_6m] open today's live schedule at 2025-08-01
[sim_takane_6m] stale buttons Friday, August 1, 2025 19:20 :: [{"text":"Main menu","disabled":false,"id":"btn-main-menu"},{"text":"Save game","disabled":false,"id":"btn-save"},{"text":"Load game","disabled":false,"id":"btn-load"},{"text":"New game","disabled":false,"id":"btn-new"},{"text":"Clear slot","disabled":false,"id":"btn-clear"},{"text":"‹","disabled":false,"id":""},{"text":"›","disabled":true,"id":""},{"text":"Friday, August 1, 2025 19:20","disabled":false,"id":"btn-goto-schedule"},{"text":"Next","disabled":false,"id":"btn-next-day"},{"text":"Inbox","disabled":false,"id":""},{"text":"Idols","disabled":false,"id":""},{"text":"Groups","disabled":false,"id":""},{"text":"Training","disabled":false,"id":""},{"text":"Schedule","disabled":false,"id":""},{"text":"Lives","disabled":false,"id":""},{"text":"Songs","disabled":false,"id":""},{"text":"Making","disabled":false,"id":""},{"text":"Media","disabled":false,"id":""},{"text":"Scout","disabled":false,"id":""},{"text":"Finances","disabled":false,"id":""},{"text":"Mark all read","disabled":true,"id":"btn-inbox-mark-all"},{"text":"* Today's live schedule\n        2025-08-01 - Assistant","disabled":false,"id":""},{"text":"Morning training ended\n        2025-07-31 - Training","disabled":false,"id":""},{"text":"Morning training ended\n        2025-07-30 - Training","disabled":false,"id":""},{"text":"Morning training ended\n        2025-07-29 - Training","disabled":false,"id":""},{"text":"Afternoon training ended\n        2025-07-28 - Training","disabled":false,"id":""},{"text":"Morning training ended\n        2025-07-28 - Training","disabled":false,"id":""},{"text":"Weekly news roundup\n        2025-07-28 - News","disabled":false,"id":""},{"text":"Morning training ended\n        2025-07-25 - Training","disabled":false,"id":""},{"text":"Morning training ended\n        2025-07-24 - Training","disabled":false,"id":""},{"text":"Morning training ended\n        2025-07-23 - Training","disabled":false,"id":""},{"text":"Morning training ended\n        2025-07-22 - Training","disabled":false,"id":""},{"text":"Morning training ended\n        2025-07-21 - Training","disabled":false,"id":""},{"text":"Weekly news roundup\n        2025-07-21 - News","disabled":false,"id":""},{"text":"Morning training ended\n        2025-07-18 - Training","disabled":false,"id":""},{"text":"Morning training ended\n        2025-07-17 - Training","disabled":false,"id":""},{"text":"Morning training ended\n        2025-07-16 - Training","disabled":false,"id":""},{"text":"Morning training ended\n        2025-07-15 - Training","disabled":false,"id":""},{"text":"Morning training ended\n        2025-07-14 - Training","disabled":false,"id":""},{"text":"Weekly news roundup\n        2025-07-14 - News","disabled":false,"id":""}]
[sim_takane_6m] open today's live schedule at 2025-08-01
[sim_takane_6m] open today's live schedule at 2025-08-01
[sim_takane_6m] open today's live schedule at 2025-08-01
[sim_takane_6m] open today's live schedule at 2025-08-01
[sim_takane_6m] open today's live schedule at 2025-08-01
[sim_takane_6m] open today's live schedule at 2025-08-01
[sim_takane_6m] open today's live schedule at 2025-08-01
[sim_takane_6m] open today's live schedule at 2025-08-01
[sim_takane_6m] open today's live schedule at 2025-08-01
[sim_takane_6m] open today's live schedule at 2025-08-01
[sim_takane_6m] open today's live schedule at 2025-08-01
[sim_takane_6m] open today's live schedule at 2025-08-01
[sim_takane_6m] open today's live schedule at 2025-08-01
[sim_takane_6m] open today's live schedule at 2025-08-01
[sim_takane_6m] open today's live schedule at 2025-08-01
[sim_takane_6m] open today's live schedule at 2025-08-01
[sim_takane_6m] open today's live schedule at 2025-08-01
[sim_takane_6m] open today's live schedule at 2025-08-01
[sim_takane_6m] open today's live schedule at 2025-08-01
[sim_takane_6m] open today's live schedule at 2025-08-01
[sim_takane_6m] stale buttons Friday, August 1, 2025 19:20 :: [{"text":"Main menu","disabled":false,"id":"btn-main-menu"},{"text":"Save game","disabled":false,"id":"btn-save"},{"text":"Load game","disabled":false,"id":"btn-load"},{"text":"New game","disabled":false,"id":"btn-new"},{"text":"Clear slot","disabled":false,"id":"btn-clear"},{"text":"‹","disabled":false,"id":""},{"text":"›","disabled":true,"id":""},{"text":"Friday, August 1, 2025 19:20","disabled":false,"id":"btn-goto-schedule"},{"text":"Next","disabled":false,"id":"btn-next-day"},{"text":"Inbox","disabled":false,"id":""},{"text":"Idols","disabled":false,"id":""},{"text":"Groups","disabled":false,"id":""},{"text":"Training","disabled":false,"id":""},{"text":"Schedule","disabled":false,"id":""},{"text":"Lives","disabled":false,"id":""},{"text":"Songs","disabled":false,"id":""},{"text":"Making","disabled":false,"id":""},{"text":"Media","disabled":false,"id":""},{"text":"Scout","disabled":false,"id":""},{"text":"Finances","disabled":false,"id":""},{"text":"Mark all read","disabled":true,"id":"btn-inbox-mark-all"},{"text":"* Today's live schedule\n        2025-08-01 - Assistant","disabled":false,"id":""},{"text":"Morning training ended\n        2025-07-31 - Training","disabled":false,"id":""},{"text":"Morning training ended\n        2025-07-30 - Training","disabled":false,"id":""},{"text":"Morning training ended\n        2025-07-29 - Training","disabled":false,"id":""},{"text":"Afternoon training ended\n        2025-07-28 - Training","disabled":false,"id":""},{"text":"Morning training ended\n        2025-07-28 - Training","disabled":false,"id":""},{"text":"Weekly news roundup\n        2025-07-28 - News","disabled":false,"id":""},{"text":"Morning training ended\n        2025-07-25 - Training","disabled":false,"id":""},{"text":"Morning training ended\n        2025-07-24 - Training","disabled":false,"id":""},{"text":"Morning training ended\n        2025-07-23 - Training","disabled":false,"id":""},{"text":"Morning training ended\n        2025-07-22 - Training","disabled":false,"id":""},{"text":"Morning training ended\n        2025-07-21 - Training","disabled":false,"id":""},{"text":"Weekly news roundup\n        2025-07-21 - News","disabled":false,"id":""},{"text":"Morning training ended\n        2025-07-18 - Training","disabled":false,"id":""},{"text":"Morning training ended\n        2025-07-17 - Training","disabled":false,"id":""},{"text":"Morning training ended\n        2025-07-16 - Training","disabled":false,"id":""},{"text":"Morning training ended\n        2025-07-15 - Training","disabled":false,"id":""},{"text":"Morning training ended\n        2025-07-14 - Training","disabled":false,"id":""},{"text":"Weekly news roundup\n        2025-07-14 - News","disabled":false,"id":""}]
[sim_takane_6m] open today's live schedule at 2025-08-01
[sim_takane_6m] open today's live schedule at 2025-08-01
[sim_takane_6m] open today's live schedule at 2025-08-01
[sim_takane_6m] open today's live schedule at 2025-08-01
[sim_takane_6m] step=775 iso=2025-08-01 display=Friday, August 1, 2025 19:20 stale=724
[sim_takane_6m] open today's live schedule at 2025-08-01
[sim_takane_6m] open today's live schedule at 2025-08-01
[sim_takane_6m] open today's live schedule at 2025-08-01
[sim_takane_6m] open today's live schedule at 2025-08-01
[sim_takane_6m] open today's live schedule at 2025-08-01
[sim_takane_6m] open today's live schedule at 2025-08-01
[sim_takane_6m] open today's live schedule at 2025-08-01
[sim_takane_6m] open today's live schedule at 2025-08-01
[sim_takane_6m] open today's live schedule at 2025-08-01
[sim_takane_6m] open today's live schedule at 2025-08-01
[sim_takane_6m] open today's live schedule at 2025-08-01
[sim_takane_6m] open today's live schedule at 2025-08-01
[sim_takane_6m] open today's live schedule at 2025-08-01
[sim_takane_6m] open today's live schedule at 2025-08-01
[sim_takane_6m] open today's live schedule at 2025-08-01
[sim_takane_6m] open today's live schedule at 2025-08-01
[sim_takane_6m] stale buttons Friday, August 1, 2025 19:20 :: [{"text":"Main menu","disabled":false,"id":"btn-main-menu"},{"text":"Save game","disabled":false,"id":"btn-save"},{"text":"Load game","disabled":false,"id":"btn-load"},{"text":"New game","disabled":false,"id":"btn-new"},{"text":"Clear slot","disabled":false,"id":"btn-clear"},{"text":"‹","disabled":false,"id":""},{"text":"›","disabled":true,"id":""},{"text":"Friday, August 1, 2025 19:20","disabled":false,"id":"btn-goto-schedule"},{"text":"Next","disabled":false,"id":"btn-next-day"},{"text":"Inbox","disabled":false,"id":""},{"text":"Idols","disabled":false,"id":""},{"text":"Groups","disabled":false,"id":""},{"text":"Training","disabled":false,"id":""},{"text":"Schedule","disabled":false,"id":""},{"text":"Lives","disabled":false,"id":""},{"text":"Songs","disabled":false,"id":""},{"text":"Making","disabled":false,"id":""},{"text":"Media","disabled":false,"id":""},{"text":"Scout","disabled":false,"id":""},{"text":"Finances","disabled":false,"id":""},{"text":"Mark all read","disabled":true,"id":"btn-inbox-mark-all"},{"text":"* Today's live schedule\n        2025-08-01 - Assistant","disabled":false,"id":""},{"text":"Morning training ended\n        2025-07-31 - Training","disabled":false,"id":""},{"text":"Morning training ended\n        2025-07-30 - Training","disabled":false,"id":""},{"text":"Morning training ended\n        2025-07-29 - Training","disabled":false,"id":""},{"text":"Afternoon training ended\n        2025-07-28 - Training","disabled":false,"id":""},{"text":"Morning training ended\n        2025-07-28 - Training","disabled":false,"id":""},{"text":"Weekly news roundup\n        2025-07-28 - News","disabled":false,"id":""},{"text":"Morning training ended\n        2025-07-25 - Training","disabled":false,"id":""},{"text":"Morning training ended\n        2025-07-24 - Training","disabled":false,"id":""},{"text":"Morning training ended\n        2025-07-23 - Training","disabled":false,"id":""},{"text":"Morning training ended\n        2025-07-22 - Training","disabled":false,"id":""},{"text":"Morning training ended\n        2025-07-21 - Training","disabled":false,"id":""},{"text":"Weekly news roundup\n        2025-07-21 - News","disabled":false,"id":""},{"text":"Morning training ended\n        2025-07-18 - Training","disabled":false,"id":""},{"text":"Morning training ended\n        2025-07-17 - Training","disabled":false,"id":""},{"text":"Morning training ended\n        2025-07-16 - Training","disabled":false,"id":""},{"text":"Morning training ended\n        2025-07-15 - Training","disabled":false,"id":""},{"text":"Morning training ended\n        2025-07-14 - Training","disabled":false,"id":""},{"text":"Weekly news roundup\n        2025-07-14 - News","disabled":false,"id":""}]
[sim_takane_6m] open today's live schedule at 2025-08-01
[sim_takane_6m] open today's live schedule at 2025-08-01
[sim_takane_6m] open today's live schedule at 2025-08-01
[sim_takane_6m] open today's live schedule at 2025-08-01
[sim_takane_6m] open today's live schedule at 2025-08-01
[sim_takane_6m] open today's live schedule at 2025-08-01
[sim_takane_6m] open today's live schedule at 2025-08-01
[sim_takane_6m] open today's live schedule at 2025-08-01
[sim_takane_6m] open today's live schedule at 2025-08-01
[sim_takane_6m] step=800 iso=2025-08-01 display=Friday, August 1, 2025 19:20 stale=749
[sim_takane_6m] open today's live schedule at 2025-08-01
[sim_takane_6m] open today's live schedule at 2025-08-01
[sim_takane_6m] open today's live schedule at 2025-08-01
[sim_takane_6m] open today's live schedule at 2025-08-01
[sim_takane_6m] open today's live schedule at 2025-08-01
[sim_takane_6m] open today's live schedule at 2025-08-01
[sim_takane_6m] open today's live schedule at 2025-08-01
[sim_takane_6m] open today's live schedule at 2025-08-01
[sim_takane_6m] open today's live schedule at 2025-08-01
[sim_takane_6m] open today's live schedule at 2025-08-01
[sim_takane_6m] open today's live schedule at 2025-08-01
[sim_takane_6m] stale buttons Friday, August 1, 2025 19:20 :: [{"text":"Main menu","disabled":false,"id":"btn-main-menu"},{"text":"Save game","disabled":false,"id":"btn-save"},{"text":"Load game","disabled":false,"id":"btn-load"},{"text":"New game","disabled":false,"id":"btn-new"},{"text":"Clear slot","disabled":false,"id":"btn-clear"},{"text":"‹","disabled":false,"id":""},{"text":"›","disabled":true,"id":""},{"text":"Friday, August 1, 2025 19:20","disabled":false,"id":"btn-goto-schedule"},{"text":"Next","disabled":false,"id":"btn-next-day"},{"text":"Inbox","disabled":false,"id":""},{"text":"Idols","disabled":false,"id":""},{"text":"Groups","disabled":false,"id":""},{"text":"Training","disabled":false,"id":""},{"text":"Schedule","disabled":false,"id":""},{"text":"Lives","disabled":false,"id":""},{"text":"Songs","disabled":false,"id":""},{"text":"Making","disabled":false,"id":""},{"text":"Media","disabled":false,"id":""},{"text":"Scout","disabled":false,"id":""},{"text":"Finances","disabled":false,"id":""},{"text":"Mark all read","disabled":true,"id":"btn-inbox-mark-all"},{"text":"* Today's live schedule\n        2025-08-01 - Assistant","disabled":false,"id":""},{"text":"Morning training ended\n        2025-07-31 - Training","disabled":false,"id":""},{"text":"Morning training ended\n        2025-07-30 - Training","disabled":false,"id":""},{"text":"Morning training ended\n        2025-07-29 - Training","disabled":false,"id":""},{"text":"Afternoon training ended\n        2025-07-28 - Training","disabled":false,"id":""},{"text":"Morning training ended\n        2025-07-28 - Training","disabled":false,"id":""},{"text":"Weekly news roundup\n        2025-07-28 - News","disabled":false,"id":""},{"text":"Morning training ended\n        2025-07-25 - Training","disabled":false,"id":""},{"text":"Morning training ended\n        2025-07-24 - Training","disabled":false,"id":""},{"text":"Morning training ended\n        2025-07-23 - Training","disabled":false,"id":""},{"text":"Morning training ended\n        2025-07-22 - Training","disabled":false,"id":""},{"text":"Morning training ended\n        2025-07-21 - Training","disabled":false,"id":""},{"text":"Weekly news roundup\n        2025-07-21 - News","disabled":false,"id":""},{"text":"Morning training ended\n        2025-07-18 - Training","disabled":false,"id":""},{"text":"Morning training ended\n        2025-07-17 - Training","disabled":false,"id":""},{"text":"Morning training ended\n        2025-07-16 - Training","disabled":false,"id":""},{"text":"Morning training ended\n        2025-07-15 - Training","disabled":false,"id":""},{"text":"Morning training ended\n        2025-07-14 - Training","disabled":false,"id":""},{"text":"Weekly news roundup\n        2025-07-14 - News","disabled":false,"id":""}]
[sim_takane_6m] open today's live schedule at 2025-08-01
[sim_takane_6m] open today's live schedule at 2025-08-01
[sim_takane_6m] open today's live schedule at 2025-08-01
[sim_takane_6m] open today's live schedule at 2025-08-01
[sim_takane_6m] open today's live schedule at 2025-08-01
[sim_takane_6m] open today's live schedule at 2025-08-01
[sim_takane_6m] open today's live schedule at 2025-08-01
[sim_takane_6m] open today's live schedule at 2025-08-01
[sim_takane_6m] open today's live schedule at 2025-08-01
[sim_takane_6m] open today's live schedule at 2025-08-01
[sim_takane_6m] open today's live schedule at 2025-08-01
[sim_takane_6m] open today's live schedule at 2025-08-01
[sim_takane_6m] open today's live schedule at 2025-08-01
[sim_takane_6m] open today's live schedule at 2025-08-01
[sim_takane_6m] step=825 iso=2025-08-01 display=Friday, August 1, 2025 19:20 stale=774
[sim_takane_6m] open today's live schedule at 2025-08-01
[sim_takane_6m] open today's live schedule at 2025-08-01
[sim_takane_6m] open today's live schedule at 2025-08-01
[sim_takane_6m] open today's live schedule at 2025-08-01
[sim_takane_6m] open today's live schedule at 2025-08-01
[sim_takane_6m] open today's live schedule at 2025-08-01
[sim_takane_6m] stale buttons Friday, August 1, 2025 19:20 :: [{"text":"Main menu","disabled":false,"id":"btn-main-menu"},{"text":"Save game","disabled":false,"id":"btn-save"},{"text":"Load game","disabled":false,"id":"btn-load"},{"text":"New game","disabled":false,"id":"btn-new"},{"text":"Clear slot","disabled":false,"id":"btn-clear"},{"text":"‹","disabled":false,"id":""},{"text":"›","disabled":true,"id":""},{"text":"Friday, August 1, 2025 19:20","disabled":false,"id":"btn-goto-schedule"},{"text":"Next","disabled":false,"id":"btn-next-day"},{"text":"Inbox","disabled":false,"id":""},{"text":"Idols","disabled":false,"id":""},{"text":"Groups","disabled":false,"id":""},{"text":"Training","disabled":false,"id":""},{"text":"Schedule","disabled":false,"id":""},{"text":"Lives","disabled":false,"id":""},{"text":"Songs","disabled":false,"id":""},{"text":"Making","disabled":false,"id":""},{"text":"Media","disabled":false,"id":""},{"text":"Scout","disabled":false,"id":""},{"text":"Finances","disabled":false,"id":""},{"text":"Mark all read","disabled":true,"id":"btn-inbox-mark-all"},{"text":"* Today's live schedule\n        2025-08-01 - Assistant","disabled":false,"id":""},{"text":"Morning training ended\n        2025-07-31 - Training","disabled":false,"id":""},{"text":"Morning training ended\n        2025-07-30 - Training","disabled":false,"id":""},{"text":"Morning training ended\n        2025-07-29 - Training","disabled":false,"id":""},{"text":"Afternoon training ended\n        2025-07-28 - Training","disabled":false,"id":""},{"text":"Morning training ended\n        2025-07-28 - Training","disabled":false,"id":""},{"text":"Weekly news roundup\n        2025-07-28 - News","disabled":false,"id":""},{"text":"Morning training ended\n        2025-07-25 - Training","disabled":false,"id":""},{"text":"Morning training ended\n        2025-07-24 - Training","disabled":false,"id":""},{"text":"Morning training ended\n        2025-07-23 - Training","disabled":false,"id":""},{"text":"Morning training ended\n        2025-07-22 - Training","disabled":false,"id":""},{"text":"Morning training ended\n        2025-07-21 - Training","disabled":false,"id":""},{"text":"Weekly news roundup\n        2025-07-21 - News","disabled":false,"id":""},{"text":"Morning training ended\n        2025-07-18 - Training","disabled":false,"id":""},{"text":"Morning training ended\n        2025-07-17 - Training","disabled":false,"id":""},{"text":"Morning training ended\n        2025-07-16 - Training","disabled":false,"id":""},{"text":"Morning training ended\n        2025-07-15 - Training","disabled":false,"id":""},{"text":"Morning training ended\n        2025-07-14 - Training","disabled":false,"id":""},{"text":"Weekly news roundup\n        2025-07-14 - News","disabled":false,"id":""}]
[sim_takane_6m] open today's live schedule at 2025-08-01
[sim_takane_6m] open today's live schedule at 2025-08-01
[sim_takane_6m] open today's live schedule at 2025-08-01
[sim_takane_6m] open today's live schedule at 2025-08-01
[sim_takane_6m] open today's live schedule at 2025-08-01
[sim_takane_6m] open today's live schedule at 2025-08-01
[sim_takane_6m] open today's live schedule at 2025-08-01
[sim_takane_6m] open today's live schedule at 2025-08-01
[sim_takane_6m] open today's live schedule at 2025-08-01
[sim_takane_6m] open today's live schedule at 2025-08-01
[sim_takane_6m] open today's live schedule at 2025-08-01
[sim_takane_6m] open today's live schedule at 2025-08-01
[sim_takane_6m] open today's live schedule at 2025-08-01
[sim_takane_6m] open today's live schedule at 2025-08-01
[sim_takane_6m] open today's live schedule at 2025-08-01
[sim_takane_6m] open today's live schedule at 2025-08-01
[sim_takane_6m] open today's live schedule at 2025-08-01
[sim_takane_6m] open today's live schedule at 2025-08-01
[sim_takane_6m] open today's live schedule at 2025-08-01
[sim_takane_6m] step=850 iso=2025-08-01 display=Friday, August 1, 2025 19:20 stale=799
[sim_takane_6m] open today's live schedule at 2025-08-01
[sim_takane_6m] stale buttons Friday, August 1, 2025 19:20 :: [{"text":"Main menu","disabled":false,"id":"btn-main-menu"},{"text":"Save game","disabled":false,"id":"btn-save"},{"text":"Load game","disabled":false,"id":"btn-load"},{"text":"New game","disabled":false,"id":"btn-new"},{"text":"Clear slot","disabled":false,"id":"btn-clear"},{"text":"‹","disabled":false,"id":""},{"text":"›","disabled":true,"id":""},{"text":"Friday, August 1, 2025 19:20","disabled":false,"id":"btn-goto-schedule"},{"text":"Next","disabled":false,"id":"btn-next-day"},{"text":"Inbox","disabled":false,"id":""},{"text":"Idols","disabled":false,"id":""},{"text":"Groups","disabled":false,"id":""},{"text":"Training","disabled":false,"id":""},{"text":"Schedule","disabled":false,"id":""},{"text":"Lives","disabled":false,"id":""},{"text":"Songs","disabled":false,"id":""},{"text":"Making","disabled":false,"id":""},{"text":"Media","disabled":false,"id":""},{"text":"Scout","disabled":false,"id":""},{"text":"Finances","disabled":false,"id":""},{"text":"Mark all read","disabled":true,"id":"btn-inbox-mark-all"},{"text":"* Today's live schedule\n        2025-08-01 - Assistant","disabled":false,"id":""},{"text":"Morning training ended\n        2025-07-31 - Training","disabled":false,"id":""},{"text":"Morning training ended\n        2025-07-30 - Training","disabled":false,"id":""},{"text":"Morning training ended\n        2025-07-29 - Training","disabled":false,"id":""},{"text":"Afternoon training ended\n        2025-07-28 - Training","disabled":false,"id":""},{"text":"Morning training ended\n        2025-07-28 - Training","disabled":false,"id":""},{"text":"Weekly news roundup\n        2025-07-28 - News","disabled":false,"id":""},{"text":"Morning training ended\n        2025-07-25 - Training","disabled":false,"id":""},{"text":"Morning training ended\n        2025-07-24 - Training","disabled":false,"id":""},{"text":"Morning training ended\n        2025-07-23 - Training","disabled":false,"id":""},{"text":"Morning training ended\n        2025-07-22 - Training","disabled":false,"id":""},{"text":"Morning training ended\n        2025-07-21 - Training","disabled":false,"id":""},{"text":"Weekly news roundup\n        2025-07-21 - News","disabled":false,"id":""},{"text":"Morning training ended\n        2025-07-18 - Training","disabled":false,"id":""},{"text":"Morning training ended\n        2025-07-17 - Training","disabled":false,"id":""},{"text":"Morning training ended\n        2025-07-16 - Training","disabled":false,"id":""},{"text":"Morning training ended\n        2025-07-15 - Training","disabled":false,"id":""},{"text":"Morning training ended\n        2025-07-14 - Training","disabled":false,"id":""},{"text":"Weekly news roundup\n        2025-07-14 - News","disabled":false,"id":""}]
[sim_takane_6m] open today's live schedule at 2025-08-01
[sim_takane_6m] open today's live schedule at 2025-08-01
[sim_takane_6m] open today's live schedule at 2025-08-01
[sim_takane_6m] open today's live schedule at 2025-08-01
[sim_takane_6m] open today's live schedule at 2025-08-01
[sim_takane_6m] open today's live schedule at 2025-08-01
[sim_takane_6m] open today's live schedule at 2025-08-01
[sim_takane_6m] open today's live schedule at 2025-08-01
[sim_takane_6m] open today's live schedule at 2025-08-01
[sim_takane_6m] open today's live schedule at 2025-08-01
[sim_takane_6m] open today's live schedule at 2025-08-01
[sim_takane_6m] open today's live schedule at 2025-08-01
[sim_takane_6m] open today's live schedule at 2025-08-01
[sim_takane_6m] open today's live schedule at 2025-08-01
[sim_takane_6m] open today's live schedule at 2025-08-01
[sim_takane_6m] open today's live schedule at 2025-08-01
[sim_takane_6m] open today's live schedule at 2025-08-01
[sim_takane_6m] open today's live schedule at 2025-08-01
[sim_takane_6m] open today's live schedule at 2025-08-01
[sim_takane_6m] open today's live schedule at 2025-08-01
[sim_takane_6m] stale buttons Friday, August 1, 2025 19:20 :: [{"text":"Main menu","disabled":false,"id":"btn-main-menu"},{"text":"Save game","disabled":false,"id":"btn-save"},{"text":"Load game","disabled":false,"id":"btn-load"},{"text":"New game","disabled":false,"id":"btn-new"},{"text":"Clear slot","disabled":false,"id":"btn-clear"},{"text":"‹","disabled":false,"id":""},{"text":"›","disabled":true,"id":""},{"text":"Friday, August 1, 2025 19:20","disabled":false,"id":"btn-goto-schedule"},{"text":"Next","disabled":false,"id":"btn-next-day"},{"text":"Inbox","disabled":false,"id":""},{"text":"Idols","disabled":false,"id":""},{"text":"Groups","disabled":false,"id":""},{"text":"Training","disabled":false,"id":""},{"text":"Schedule","disabled":false,"id":""},{"text":"Lives","disabled":false,"id":""},{"text":"Songs","disabled":false,"id":""},{"text":"Making","disabled":false,"id":""},{"text":"Media","disabled":false,"id":""},{"text":"Scout","disabled":false,"id":""},{"text":"Finances","disabled":false,"id":""},{"text":"Mark all read","disabled":true,"id":"btn-inbox-mark-all"},{"text":"* Today's live schedule\n        2025-08-01 - Assistant","disabled":false,"id":""},{"text":"Morning training ended\n        2025-07-31 - Training","disabled":false,"id":""},{"text":"Morning training ended\n        2025-07-30 - Training","disabled":false,"id":""},{"text":"Morning training ended\n        2025-07-29 - Training","disabled":false,"id":""},{"text":"Afternoon training ended\n        2025-07-28 - Training","disabled":false,"id":""},{"text":"Morning training ended\n        2025-07-28 - Training","disabled":false,"id":""},{"text":"Weekly news roundup\n        2025-07-28 - News","disabled":false,"id":""},{"text":"Morning training ended\n        2025-07-25 - Training","disabled":false,"id":""},{"text":"Morning training ended\n        2025-07-24 - Training","disabled":false,"id":""},{"text":"Morning training ended\n        2025-07-23 - Training","disabled":false,"id":""},{"text":"Morning training ended\n        2025-07-22 - Training","disabled":false,"id":""},{"text":"Morning training ended\n        2025-07-21 - Training","disabled":false,"id":""},{"text":"Weekly news roundup\n        2025-07-21 - News","disabled":false,"id":""},{"text":"Morning training ended\n        2025-07-18 - Training","disabled":false,"id":""},{"text":"Morning training ended\n        2025-07-17 - Training","disabled":false,"id":""},{"text":"Morning training ended\n        2025-07-16 - Training","disabled":false,"id":""},{"text":"Morning training ended\n        2025-07-15 - Training","disabled":false,"id":""},{"text":"Morning training ended\n        2025-07-14 - Training","disabled":false,"id":""},{"text":"Weekly news roundup\n        2025-07-14 - News","disabled":false,"id":""}]
[sim_takane_6m] open today's live schedule at 2025-08-01
[sim_takane_6m] open today's live schedule at 2025-08-01
[sim_takane_6m] open today's live schedule at 2025-08-01
[sim_takane_6m] open today's live schedule at 2025-08-01
[sim_takane_6m] step=875 iso=2025-08-01 display=Friday, August 1, 2025 19:20 stale=824
[sim_takane_6m] open today's live schedule at 2025-08-01
[sim_takane_6m] open today's live schedule at 2025-08-01
[sim_takane_6m] open today's live schedule at 2025-08-01
[sim_takane_6m] open today's live schedule at 2025-08-01
[sim_takane_6m] open today's live schedule at 2025-08-01
[sim_takane_6m] open today's live schedule at 2025-08-01
[sim_takane_6m] open today's live schedule at 2025-08-01
[sim_takane_6m] open today's live schedule at 2025-08-01
[sim_takane_6m] open today's live schedule at 2025-08-01
[sim_takane_6m] open today's live schedule at 2025-08-01
[sim_takane_6m] open today's live schedule at 2025-08-01
[sim_takane_6m] open today's live schedule at 2025-08-01
[sim_takane_6m] open today's live schedule at 2025-08-01
[sim_takane_6m] open today's live schedule at 2025-08-01
[sim_takane_6m] open today's live schedule at 2025-08-01
[sim_takane_6m] open today's live schedule at 2025-08-01
[sim_takane_6m] stale buttons Friday, August 1, 2025 19:20 :: [{"text":"Main menu","disabled":false,"id":"btn-main-menu"},{"text":"Save game","disabled":false,"id":"btn-save"},{"text":"Load game","disabled":false,"id":"btn-load"},{"text":"New game","disabled":false,"id":"btn-new"},{"text":"Clear slot","disabled":false,"id":"btn-clear"},{"text":"‹","disabled":false,"id":""},{"text":"›","disabled":true,"id":""},{"text":"Friday, August 1, 2025 19:20","disabled":false,"id":"btn-goto-schedule"},{"text":"Next","disabled":false,"id":"btn-next-day"},{"text":"Inbox","disabled":false,"id":""},{"text":"Idols","disabled":false,"id":""},{"text":"Groups","disabled":false,"id":""},{"text":"Training","disabled":false,"id":""},{"text":"Schedule","disabled":false,"id":""},{"text":"Lives","disabled":false,"id":""},{"text":"Songs","disabled":false,"id":""},{"text":"Making","disabled":false,"id":""},{"text":"Media","disabled":false,"id":""},{"text":"Scout","disabled":false,"id":""},{"text":"Finances","disabled":false,"id":""},{"text":"Mark all read","disabled":true,"id":"btn-inbox-mark-all"},{"text":"* Today's live schedule\n        2025-08-01 - Assistant","disabled":false,"id":""},{"text":"Morning training ended\n        2025-07-31 - Training","disabled":false,"id":""},{"text":"Morning training ended\n        2025-07-30 - Training","disabled":false,"id":""},{"text":"Morning training ended\n        2025-07-29 - Training","disabled":false,"id":""},{"text":"Afternoon training ended\n        2025-07-28 - Training","disabled":false,"id":""},{"text":"Morning training ended\n        2025-07-28 - Training","disabled":false,"id":""},{"text":"Weekly news roundup\n        2025-07-28 - News","disabled":false,"id":""},{"text":"Morning training ended\n        2025-07-25 - Training","disabled":false,"id":""},{"text":"Morning training ended\n        2025-07-24 - Training","disabled":false,"id":""},{"text":"Morning training ended\n        2025-07-23 - Training","disabled":false,"id":""},{"text":"Morning training ended\n        2025-07-22 - Training","disabled":false,"id":""},{"text":"Morning training ended\n        2025-07-21 - Training","disabled":false,"id":""},{"text":"Weekly news roundup\n        2025-07-21 - News","disabled":false,"id":""},{"text":"Morning training ended\n        2025-07-18 - Training","disabled":false,"id":""},{"text":"Morning training ended\n        2025-07-17 - Training","disabled":false,"id":""},{"text":"Morning training ended\n        2025-07-16 - Training","disabled":false,"id":""},{"text":"Morning training ended\n        2025-07-15 - Training","disabled":false,"id":""},{"text":"Morning training ended\n        2025-07-14 - Training","disabled":false,"id":""},{"text":"Weekly news roundup\n        2025-07-14 - News","disabled":false,"id":""}]
[sim_takane_6m] open today's live schedule at 2025-08-01
[sim_takane_6m] open today's live schedule at 2025-08-01
[sim_takane_6m] open today's live schedule at 2025-08-01
[sim_takane_6m] open today's live schedule at 2025-08-01
[sim_takane_6m] open today's live schedule at 2025-08-01
[sim_takane_6m] open today's live schedule at 2025-08-01
[sim_takane_6m] open today's live schedule at 2025-08-01
[sim_takane_6m] open today's live schedule at 2025-08-01
[sim_takane_6m] open today's live schedule at 2025-08-01
[sim_takane_6m] step=900 iso=2025-08-01 display=Friday, August 1, 2025 19:20 stale=849
[sim_takane_6m] open today's live schedule at 2025-08-01
[sim_takane_6m] open today's live schedule at 2025-08-01
[sim_takane_6m] open today's live schedule at 2025-08-01
[sim_takane_6m] open today's live schedule at 2025-08-01
[sim_takane_6m] open today's live schedule at 2025-08-01
[sim_takane_6m] open today's live schedule at 2025-08-01
[sim_takane_6m] open today's live schedule at 2025-08-01
[sim_takane_6m] open today's live schedule at 2025-08-01
[sim_takane_6m] open today's live schedule at 2025-08-01
[sim_takane_6m] open today's live schedule at 2025-08-01
[sim_takane_6m] open today's live schedule at 2025-08-01
[sim_takane_6m] stale buttons Friday, August 1, 2025 19:20 :: [{"text":"Main menu","disabled":false,"id":"btn-main-menu"},{"text":"Save game","disabled":false,"id":"btn-save"},{"text":"Load game","disabled":false,"id":"btn-load"},{"text":"New game","disabled":false,"id":"btn-new"},{"text":"Clear slot","disabled":false,"id":"btn-clear"},{"text":"‹","disabled":false,"id":""},{"text":"›","disabled":true,"id":""},{"text":"Friday, August 1, 2025 19:20","disabled":false,"id":"btn-goto-schedule"},{"text":"Next","disabled":false,"id":"btn-next-day"},{"text":"Inbox","disabled":false,"id":""},{"text":"Idols","disabled":false,"id":""},{"text":"Groups","disabled":false,"id":""},{"text":"Training","disabled":false,"id":""},{"text":"Schedule","disabled":false,"id":""},{"text":"Lives","disabled":false,"id":""},{"text":"Songs","disabled":false,"id":""},{"text":"Making","disabled":false,"id":""},{"text":"Media","disabled":false,"id":""},{"text":"Scout","disabled":false,"id":""},{"text":"Finances","disabled":false,"id":""},{"text":"Mark all read","disabled":true,"id":"btn-inbox-mark-all"},{"text":"* Today's live schedule\n        2025-08-01 - Assistant","disabled":false,"id":""},{"text":"Morning training ended\n        2025-07-31 - Training","disabled":false,"id":""},{"text":"Morning training ended\n        2025-07-30 - Training","disabled":false,"id":""},{"text":"Morning training ended\n        2025-07-29 - Training","disabled":false,"id":""},{"text":"Afternoon training ended\n        2025-07-28 - Training","disabled":false,"id":""},{"text":"Morning training ended\n        2025-07-28 - Training","disabled":false,"id":""},{"text":"Weekly news roundup\n        2025-07-28 - News","disabled":false,"id":""},{"text":"Morning training ended\n        2025-07-25 - Training","disabled":false,"id":""},{"text":"Morning training ended\n        2025-07-24 - Training","disabled":false,"id":""},{"text":"Morning training ended\n        2025-07-23 - Training","disabled":false,"id":""},{"text":"Morning training ended\n        2025-07-22 - Training","disabled":false,"id":""},{"text":"Morning training ended\n        2025-07-21 - Training","disabled":false,"id":""},{"text":"Weekly news roundup\n        2025-07-21 - News","disabled":false,"id":""},{"text":"Morning training ended\n        2025-07-18 - Training","disabled":false,"id":""},{"text":"Morning training ended\n        2025-07-17 - Training","disabled":false,"id":""},{"text":"Morning training ended\n        2025-07-16 - Training","disabled":false,"id":""},{"text":"Morning training ended\n        2025-07-15 - Training","disabled":false,"id":""},{"text":"Morning training ended\n        2025-07-14 - Training","disabled":false,"id":""},{"text":"Weekly news roundup\n        2025-07-14 - News","disabled":false,"id":""}]
[sim_takane_6m] open today's live schedule at 2025-08-01
[sim_takane_6m] open today's live schedule at 2025-08-01
[sim_takane_6m] open today's live schedule at 2025-08-01
[sim_takane_6m] open today's live schedule at 2025-08-01
[sim_takane_6m] open today's live schedule at 2025-08-01
[sim_takane_6m] open today's live schedule at 2025-08-01
[sim_takane_6m] open today's live schedule at 2025-08-01
[sim_takane_6m] open today's live schedule at 2025-08-01
[sim_takane_6m] open today's live schedule at 2025-08-01
[sim_takane_6m] open today's live schedule at 2025-08-01
[sim_takane_6m] open today's live schedule at 2025-08-01
[sim_takane_6m] open today's live schedule at 2025-08-01
[sim_takane_6m] open today's live schedule at 2025-08-01
[sim_takane_6m] open today's live schedule at 2025-08-01
[sim_takane_6m] step=925 iso=2025-08-01 display=Friday, August 1, 2025 19:20 stale=874
[sim_takane_6m] open today's live schedule at 2025-08-01
[sim_takane_6m] open today's live schedule at 2025-08-01
[sim_takane_6m] open today's live schedule at 2025-08-01
[sim_takane_6m] open today's live schedule at 2025-08-01
[sim_takane_6m] open today's live schedule at 2025-08-01
[sim_takane_6m] open today's live schedule at 2025-08-01
[sim_takane_6m] stale buttons Friday, August 1, 2025 19:20 :: [{"text":"Main menu","disabled":false,"id":"btn-main-menu"},{"text":"Save game","disabled":false,"id":"btn-save"},{"text":"Load game","disabled":false,"id":"btn-load"},{"text":"New game","disabled":false,"id":"btn-new"},{"text":"Clear slot","disabled":false,"id":"btn-clear"},{"text":"‹","disabled":false,"id":""},{"text":"›","disabled":true,"id":""},{"text":"Friday, August 1, 2025 19:20","disabled":false,"id":"btn-goto-schedule"},{"text":"Next","disabled":false,"id":"btn-next-day"},{"text":"Inbox","disabled":false,"id":""},{"text":"Idols","disabled":false,"id":""},{"text":"Groups","disabled":false,"id":""},{"text":"Training","disabled":false,"id":""},{"text":"Schedule","disabled":false,"id":""},{"text":"Lives","disabled":false,"id":""},{"text":"Songs","disabled":false,"id":""},{"text":"Making","disabled":false,"id":""},{"text":"Media","disabled":false,"id":""},{"text":"Scout","disabled":false,"id":""},{"text":"Finances","disabled":false,"id":""},{"text":"Mark all read","disabled":true,"id":"btn-inbox-mark-all"},{"text":"* Today's live schedule\n        2025-08-01 - Assistant","disabled":false,"id":""},{"text":"Morning training ended\n        2025-07-31 - Training","disabled":false,"id":""},{"text":"Morning training ended\n        2025-07-30 - Training","disabled":false,"id":""},{"text":"Morning training ended\n        2025-07-29 - Training","disabled":false,"id":""},{"text":"Afternoon training ended\n        2025-07-28 - Training","disabled":false,"id":""},{"text":"Morning training ended\n        2025-07-28 - Training","disabled":false,"id":""},{"text":"Weekly news roundup\n        2025-07-28 - News","disabled":false,"id":""},{"text":"Morning training ended\n        2025-07-25 - Training","disabled":false,"id":""},{"text":"Morning training ended\n        2025-07-24 - Training","disabled":false,"id":""},{"text":"Morning training ended\n        2025-07-23 - Training","disabled":false,"id":""},{"text":"Morning training ended\n        2025-07-22 - Training","disabled":false,"id":""},{"text":"Morning training ended\n        2025-07-21 - Training","disabled":false,"id":""},{"text":"Weekly news roundup\n        2025-07-21 - News","disabled":false,"id":""},{"text":"Morning training ended\n        2025-07-18 - Training","disabled":false,"id":""},{"text":"Morning training ended\n        2025-07-17 - Training","disabled":false,"id":""},{"text":"Morning training ended\n        2025-07-16 - Training","disabled":false,"id":""},{"text":"Morning training ended\n        2025-07-15 - Training","disabled":false,"id":""},{"text":"Morning training ended\n        2025-07-14 - Training","disabled":false,"id":""},{"text":"Weekly news roundup\n        2025-07-14 - News","disabled":false,"id":""}]
[sim_takane_6m] open today's live schedule at 2025-08-01
[sim_takane_6m] open today's live schedule at 2025-08-01
[sim_takane_6m] open today's live schedule at 2025-08-01
[sim_takane_6m] open today's live schedule at 2025-08-01
[sim_takane_6m] open today's live schedule at 2025-08-01
[sim_takane_6m] open today's live schedule at 2025-08-01
[sim_takane_6m] open today's live schedule at 2025-08-01
[sim_takane_6m] open today's live schedule at 2025-08-01
[sim_takane_6m] open today's live schedule at 2025-08-01
[sim_takane_6m] open today's live schedule at 2025-08-01
[sim_takane_6m] open today's live schedule at 2025-08-01
[sim_takane_6m] open today's live schedule at 2025-08-01
[sim_takane_6m] open today's live schedule at 2025-08-01
[sim_takane_6m] open today's live schedule at 2025-08-01
[sim_takane_6m] open today's live schedule at 2025-08-01
[sim_takane_6m] open today's live schedule at 2025-08-01
[sim_takane_6m] open today's live schedule at 2025-08-01
[sim_takane_6m] open today's live schedule at 2025-08-01
[sim_takane_6m] open today's live schedule at 2025-08-01
[sim_takane_6m] step=950 iso=2025-08-01 display=Friday, August 1, 2025 19:20 stale=899
[sim_takane_6m] open today's live schedule at 2025-08-01
[sim_takane_6m] stale buttons Friday, August 1, 2025 19:20 :: [{"text":"Main menu","disabled":false,"id":"btn-main-menu"},{"text":"Save game","disabled":false,"id":"btn-save"},{"text":"Load game","disabled":false,"id":"btn-load"},{"text":"New game","disabled":false,"id":"btn-new"},{"text":"Clear slot","disabled":false,"id":"btn-clear"},{"text":"‹","disabled":false,"id":""},{"text":"›","disabled":true,"id":""},{"text":"Friday, August 1, 2025 19:20","disabled":false,"id":"btn-goto-schedule"},{"text":"Next","disabled":false,"id":"btn-next-day"},{"text":"Inbox","disabled":false,"id":""},{"text":"Idols","disabled":false,"id":""},{"text":"Groups","disabled":false,"id":""},{"text":"Training","disabled":false,"id":""},{"text":"Schedule","disabled":false,"id":""},{"text":"Lives","disabled":false,"id":""},{"text":"Songs","disabled":false,"id":""},{"text":"Making","disabled":false,"id":""},{"text":"Media","disabled":false,"id":""},{"text":"Scout","disabled":false,"id":""},{"text":"Finances","disabled":false,"id":""},{"text":"Mark all read","disabled":true,"id":"btn-inbox-mark-all"},{"text":"* Today's live schedule\n        2025-08-01 - Assistant","disabled":false,"id":""},{"text":"Morning training ended\n        2025-07-31 - Training","disabled":false,"id":""},{"text":"Morning training ended\n        2025-07-30 - Training","disabled":false,"id":""},{"text":"Morning training ended\n        2025-07-29 - Training","disabled":false,"id":""},{"text":"Afternoon training ended\n        2025-07-28 - Training","disabled":false,"id":""},{"text":"Morning training ended\n        2025-07-28 - Training","disabled":false,"id":""},{"text":"Weekly news roundup\n        2025-07-28 - News","disabled":false,"id":""},{"text":"Morning training ended\n        2025-07-25 - Training","disabled":false,"id":""},{"text":"Morning training ended\n        2025-07-24 - Training","disabled":false,"id":""},{"text":"Morning training ended\n        2025-07-23 - Training","disabled":false,"id":""},{"text":"Morning training ended\n        2025-07-22 - Training","disabled":false,"id":""},{"text":"Morning training ended\n        2025-07-21 - Training","disabled":false,"id":""},{"text":"Weekly news roundup\n        2025-07-21 - News","disabled":false,"id":""},{"text":"Morning training ended\n        2025-07-18 - Training","disabled":false,"id":""},{"text":"Morning training ended\n        2025-07-17 - Training","disabled":false,"id":""},{"text":"Morning training ended\n        2025-07-16 - Training","disabled":false,"id":""},{"text":"Morning training ended\n        2025-07-15 - Training","disabled":false,"id":""},{"text":"Morning training ended\n        2025-07-14 - Training","disabled":false,"id":""},{"text":"Weekly news roundup\n        2025-07-14 - News","disabled":false,"id":""}]
[sim_takane_6m] open today's live schedule at 2025-08-01
[sim_takane_6m] open today's live schedule at 2025-08-01
[sim_takane_6m] open today's live schedule at 2025-08-01
[sim_takane_6m] open today's live schedule at 2025-08-01
[sim_takane_6m] open today's live schedule at 2025-08-01
[sim_takane_6m] open today's live schedule at 2025-08-01
[sim_takane_6m] open today's live schedule at 2025-08-01
[sim_takane_6m] open today's live schedule at 2025-08-01
[sim_takane_6m] open today's live schedule at 2025-08-01
[sim_takane_6m] open today's live schedule at 2025-08-01
[sim_takane_6m] open today's live schedule at 2025-08-01
[sim_takane_6m] open today's live schedule at 2025-08-01
[sim_takane_6m] open today's live schedule at 2025-08-01
[sim_takane_6m] open today's live schedule at 2025-08-01
[sim_takane_6m] open today's live schedule at 2025-08-01
[sim_takane_6m] open today's live schedule at 2025-08-01
[sim_takane_6m] open today's live schedule at 2025-08-01
[sim_takane_6m] open today's live schedule at 2025-08-01
[sim_takane_6m] open today's live schedule at 2025-08-01
[sim_takane_6m] open today's live schedule at 2025-08-01
[sim_takane_6m] stale buttons Friday, August 1, 2025 19:20 :: [{"text":"Main menu","disabled":false,"id":"btn-main-menu"},{"text":"Save game","disabled":false,"id":"btn-save"},{"text":"Load game","disabled":false,"id":"btn-load"},{"text":"New game","disabled":false,"id":"btn-new"},{"text":"Clear slot","disabled":false,"id":"btn-clear"},{"text":"‹","disabled":false,"id":""},{"text":"›","disabled":true,"id":""},{"text":"Friday, August 1, 2025 19:20","disabled":false,"id":"btn-goto-schedule"},{"text":"Next","disabled":false,"id":"btn-next-day"},{"text":"Inbox","disabled":false,"id":""},{"text":"Idols","disabled":false,"id":""},{"text":"Groups","disabled":false,"id":""},{"text":"Training","disabled":false,"id":""},{"text":"Schedule","disabled":false,"id":""},{"text":"Lives","disabled":false,"id":""},{"text":"Songs","disabled":false,"id":""},{"text":"Making","disabled":false,"id":""},{"text":"Media","disabled":false,"id":""},{"text":"Scout","disabled":false,"id":""},{"text":"Finances","disabled":false,"id":""},{"text":"Mark all read","disabled":true,"id":"btn-inbox-mark-all"},{"text":"* Today's live schedule\n        2025-08-01 - Assistant","disabled":false,"id":""},{"text":"Morning training ended\n        2025-07-31 - Training","disabled":false,"id":""},{"text":"Morning training ended\n        2025-07-30 - Training","disabled":false,"id":""},{"text":"Morning training ended\n        2025-07-29 - Training","disabled":false,"id":""},{"text":"Afternoon training ended\n        2025-07-28 - Training","disabled":false,"id":""},{"text":"Morning training ended\n        2025-07-28 - Training","disabled":false,"id":""},{"text":"Weekly news roundup\n        2025-07-28 - News","disabled":false,"id":""},{"text":"Morning training ended\n        2025-07-25 - Training","disabled":false,"id":""},{"text":"Morning training ended\n        2025-07-24 - Training","disabled":false,"id":""},{"text":"Morning training ended\n        2025-07-23 - Training","disabled":false,"id":""},{"text":"Morning training ended\n        2025-07-22 - Training","disabled":false,"id":""},{"text":"Morning training ended\n        2025-07-21 - Training","disabled":false,"id":""},{"text":"Weekly news roundup\n        2025-07-21 - News","disabled":false,"id":""},{"text":"Morning training ended\n        2025-07-18 - Training","disabled":false,"id":""},{"text":"Morning training ended\n        2025-07-17 - Training","disabled":false,"id":""},{"text":"Morning training ended\n        2025-07-16 - Training","disabled":false,"id":""},{"text":"Morning training ended\n        2025-07-15 - Training","disabled":false,"id":""},{"text":"Morning training ended\n        2025-07-14 - Training","disabled":false,"id":""},{"text":"Weekly news roundup\n        2025-07-14 - News","disabled":false,"id":""}]
[sim_takane_6m] open today's live schedule at 2025-08-01
[sim_takane_6m] open today's live schedule at 2025-08-01
[sim_takane_6m] open today's live schedule at 2025-08-01
[sim_takane_6m] open today's live schedule at 2025-08-01
[sim_takane_6m] step=975 iso=2025-08-01 display=Friday, August 1, 2025 19:20 stale=924
[sim_takane_6m] open today's live schedule at 2025-08-01
[sim_takane_6m] open today's live schedule at 2025-08-01
[sim_takane_6m] open today's live schedule at 2025-08-01
[sim_takane_6m] open today's live schedule at 2025-08-01
[sim_takane_6m] open today's live schedule at 2025-08-01
[sim_takane_6m] open today's live schedule at 2025-08-01
[sim_takane_6m] open today's live schedule at 2025-08-01
[sim_takane_6m] open today's live schedule at 2025-08-01
[sim_takane_6m] open today's live schedule at 2025-08-01
[sim_takane_6m] open today's live schedule at 2025-08-01
[sim_takane_6m] open today's live schedule at 2025-08-01
[sim_takane_6m] open today's live schedule at 2025-08-01
[sim_takane_6m] open today's live schedule at 2025-08-01
[sim_takane_6m] open today's live schedule at 2025-08-01
[sim_takane_6m] open today's live schedule at 2025-08-01
[sim_takane_6m] open today's live schedule at 2025-08-01
[sim_takane_6m] stale buttons Friday, August 1, 2025 19:20 :: [{"text":"Main menu","disabled":false,"id":"btn-main-menu"},{"text":"Save game","disabled":false,"id":"btn-save"},{"text":"Load game","disabled":false,"id":"btn-load"},{"text":"New game","disabled":false,"id":"btn-new"},{"text":"Clear slot","disabled":false,"id":"btn-clear"},{"text":"‹","disabled":false,"id":""},{"text":"›","disabled":true,"id":""},{"text":"Friday, August 1, 2025 19:20","disabled":false,"id":"btn-goto-schedule"},{"text":"Next","disabled":false,"id":"btn-next-day"},{"text":"Inbox","disabled":false,"id":""},{"text":"Idols","disabled":false,"id":""},{"text":"Groups","disabled":false,"id":""},{"text":"Training","disabled":false,"id":""},{"text":"Schedule","disabled":false,"id":""},{"text":"Lives","disabled":false,"id":""},{"text":"Songs","disabled":false,"id":""},{"text":"Making","disabled":false,"id":""},{"text":"Media","disabled":false,"id":""},{"text":"Scout","disabled":false,"id":""},{"text":"Finances","disabled":false,"id":""},{"text":"Mark all read","disabled":true,"id":"btn-inbox-mark-all"},{"text":"* Today's live schedule\n        2025-08-01 - Assistant","disabled":false,"id":""},{"text":"Morning training ended\n        2025-07-31 - Training","disabled":false,"id":""},{"text":"Morning training ended\n        2025-07-30 - Training","disabled":false,"id":""},{"text":"Morning training ended\n        2025-07-29 - Training","disabled":false,"id":""},{"text":"Afternoon training ended\n        2025-07-28 - Training","disabled":false,"id":""},{"text":"Morning training ended\n        2025-07-28 - Training","disabled":false,"id":""},{"text":"Weekly news roundup\n        2025-07-28 - News","disabled":false,"id":""},{"text":"Morning training ended\n        2025-07-25 - Training","disabled":false,"id":""},{"text":"Morning training ended\n        2025-07-24 - Training","disabled":false,"id":""},{"text":"Morning training ended\n        2025-07-23 - Training","disabled":false,"id":""},{"text":"Morning training ended\n        2025-07-22 - Training","disabled":false,"id":""},{"text":"Morning training ended\n        2025-07-21 - Training","disabled":false,"id":""},{"text":"Weekly news roundup\n        2025-07-21 - News","disabled":false,"id":""},{"text":"Morning training ended\n        2025-07-18 - Training","disabled":false,"id":""},{"text":"Morning training ended\n        2025-07-17 - Training","disabled":false,"id":""},{"text":"Morning training ended\n        2025-07-16 - Training","disabled":false,"id":""},{"text":"Morning training ended\n        2025-07-15 - Training","disabled":false,"id":""},{"text":"Morning training ended\n        2025-07-14 - Training","disabled":false,"id":""},{"text":"Weekly news roundup\n        2025-07-14 - News","disabled":false,"id":""}]
[sim_takane_6m] open today's live schedule at 2025-08-01
[sim_takane_6m] open today's live schedule at 2025-08-01
[sim_takane_6m] open today's live schedule at 2025-08-01
[sim_takane_6m] open today's live schedule at 2025-08-01
[sim_takane_6m] open today's live schedule at 2025-08-01
[sim_takane_6m] open today's live schedule at 2025-08-01
[sim_takane_6m] open today's live schedule at 2025-08-01
[sim_takane_6m] open today's live schedule at 2025-08-01
[sim_takane_6m] open today's live schedule at 2025-08-01
[sim_takane_6m] step=1000 iso=2025-08-01 display=Friday, August 1, 2025 19:20 stale=949
[sim_takane_6m] open today's live schedule at 2025-08-01
[sim_takane_6m] open today's live schedule at 2025-08-01
[sim_takane_6m] open today's live schedule at 2025-08-01
[sim_takane_6m] open today's live schedule at 2025-08-01
[sim_takane_6m] open today's live schedule at 2025-08-01
[sim_takane_6m] open today's live schedule at 2025-08-01
[sim_takane_6m] open today's live schedule at 2025-08-01
[sim_takane_6m] open today's live schedule at 2025-08-01
[sim_takane_6m] open today's live schedule at 2025-08-01
[sim_takane_6m] open today's live schedule at 2025-08-01
[sim_takane_6m] open today's live schedule at 2025-08-01
[sim_takane_6m] stale buttons Friday, August 1, 2025 19:20 :: [{"text":"Main menu","disabled":false,"id":"btn-main-menu"},{"text":"Save game","disabled":false,"id":"btn-save"},{"text":"Load game","disabled":false,"id":"btn-load"},{"text":"New game","disabled":false,"id":"btn-new"},{"text":"Clear slot","disabled":false,"id":"btn-clear"},{"text":"‹","disabled":false,"id":""},{"text":"›","disabled":true,"id":""},{"text":"Friday, August 1, 2025 19:20","disabled":false,"id":"btn-goto-schedule"},{"text":"Next","disabled":false,"id":"btn-next-day"},{"text":"Inbox","disabled":false,"id":""},{"text":"Idols","disabled":false,"id":""},{"text":"Groups","disabled":false,"id":""},{"text":"Training","disabled":false,"id":""},{"text":"Schedule","disabled":false,"id":""},{"text":"Lives","disabled":false,"id":""},{"text":"Songs","disabled":false,"id":""},{"text":"Making","disabled":false,"id":""},{"text":"Media","disabled":false,"id":""},{"text":"Scout","disabled":false,"id":""},{"text":"Finances","disabled":false,"id":""},{"text":"Mark all read","disabled":true,"id":"btn-inbox-mark-all"},{"text":"* Today's live schedule\n        2025-08-01 - Assistant","disabled":false,"id":""},{"text":"Morning training ended\n        2025-07-31 - Training","disabled":false,"id":""},{"text":"Morning training ended\n        2025-07-30 - Training","disabled":false,"id":""},{"text":"Morning training ended\n        2025-07-29 - Training","disabled":false,"id":""},{"text":"Afternoon training ended\n        2025-07-28 - Training","disabled":false,"id":""},{"text":"Morning training ended\n        2025-07-28 - Training","disabled":false,"id":""},{"text":"Weekly news roundup\n        2025-07-28 - News","disabled":false,"id":""},{"text":"Morning training ended\n        2025-07-25 - Training","disabled":false,"id":""},{"text":"Morning training ended\n        2025-07-24 - Training","disabled":false,"id":""},{"text":"Morning training ended\n        2025-07-23 - Training","disabled":false,"id":""},{"text":"Morning training ended\n        2025-07-22 - Training","disabled":false,"id":""},{"text":"Morning training ended\n        2025-07-21 - Training","disabled":false,"id":""},{"text":"Weekly news roundup\n        2025-07-21 - News","disabled":false,"id":""},{"text":"Morning training ended\n        2025-07-18 - Training","disabled":false,"id":""},{"text":"Morning training ended\n        2025-07-17 - Training","disabled":false,"id":""},{"text":"Morning training ended\n        2025-07-16 - Training","disabled":false,"id":""},{"text":"Morning training ended\n        2025-07-15 - Training","disabled":false,"id":""},{"text":"Morning training ended\n        2025-07-14 - Training","disabled":false,"id":""},{"text":"Weekly news roundup\n        2025-07-14 - News","disabled":false,"id":""}]
[sim_takane_6m] open today's live schedule at 2025-08-01
[sim_takane_6m] open today's live schedule at 2025-08-01
[sim_takane_6m] open today's live schedule at 2025-08-01
[sim_takane_6m] open today's live schedule at 2025-08-01
[sim_takane_6m] open today's live schedule at 2025-08-01
[sim_takane_6m] open today's live schedule at 2025-08-01
[sim_takane_6m] open today's live schedule at 2025-08-01
[sim_takane_6m] open today's live schedule at 2025-08-01
[sim_takane_6m] open today's live schedule at 2025-08-01
[sim_takane_6m] open today's live schedule at 2025-08-01
[sim_takane_6m] open today's live schedule at 2025-08-01
[sim_takane_6m] open today's live schedule at 2025-08-01
[sim_takane_6m] open today's live schedule at 2025-08-01
[sim_takane_6m] open today's live schedule at 2025-08-01
[sim_takane_6m] step=1025 iso=2025-08-01 display=Friday, August 1, 2025 19:20 stale=974
[sim_takane_6m] open today's live schedule at 2025-08-01
[sim_takane_6m] open today's live schedule at 2025-08-01
[sim_takane_6m] open today's live schedule at 2025-08-01
[sim_takane_6m] open today's live schedule at 2025-08-01
[sim_takane_6m] open today's live schedule at 2025-08-01
[sim_takane_6m] open today's live schedule at 2025-08-01
[sim_takane_6m] stale buttons Friday, August 1, 2025 19:20 :: [{"text":"Main menu","disabled":false,"id":"btn-main-menu"},{"text":"Save game","disabled":false,"id":"btn-save"},{"text":"Load game","disabled":false,"id":"btn-load"},{"text":"New game","disabled":false,"id":"btn-new"},{"text":"Clear slot","disabled":false,"id":"btn-clear"},{"text":"‹","disabled":false,"id":""},{"text":"›","disabled":true,"id":""},{"text":"Friday, August 1, 2025 19:20","disabled":false,"id":"btn-goto-schedule"},{"text":"Next","disabled":false,"id":"btn-next-day"},{"text":"Inbox","disabled":false,"id":""},{"text":"Idols","disabled":false,"id":""},{"text":"Groups","disabled":false,"id":""},{"text":"Training","disabled":false,"id":""},{"text":"Schedule","disabled":false,"id":""},{"text":"Lives","disabled":false,"id":""},{"text":"Songs","disabled":false,"id":""},{"text":"Making","disabled":false,"id":""},{"text":"Media","disabled":false,"id":""},{"text":"Scout","disabled":false,"id":""},{"text":"Finances","disabled":false,"id":""},{"text":"Mark all read","disabled":true,"id":"btn-inbox-mark-all"},{"text":"* Today's live schedule\n        2025-08-01 - Assistant","disabled":false,"id":""},{"text":"Morning training ended\n        2025-07-31 - Training","disabled":false,"id":""},{"text":"Morning training ended\n        2025-07-30 - Training","disabled":false,"id":""},{"text":"Morning training ended\n        2025-07-29 - Training","disabled":false,"id":""},{"text":"Afternoon training ended\n        2025-07-28 - Training","disabled":false,"id":""},{"text":"Morning training ended\n        2025-07-28 - Training","disabled":false,"id":""},{"text":"Weekly news roundup\n        2025-07-28 - News","disabled":false,"id":""},{"text":"Morning training ended\n        2025-07-25 - Training","disabled":false,"id":""},{"text":"Morning training ended\n        2025-07-24 - Training","disabled":false,"id":""},{"text":"Morning training ended\n        2025-07-23 - Training","disabled":false,"id":""},{"text":"Morning training ended\n        2025-07-22 - Training","disabled":false,"id":""},{"text":"Morning training ended\n        2025-07-21 - Training","disabled":false,"id":""},{"text":"Weekly news roundup\n        2025-07-21 - News","disabled":false,"id":""},{"text":"Morning training ended\n        2025-07-18 - Training","disabled":false,"id":""},{"text":"Morning training ended\n        2025-07-17 - Training","disabled":false,"id":""},{"text":"Morning training ended\n        2025-07-16 - Training","disabled":false,"id":""},{"text":"Morning training ended\n        2025-07-15 - Training","disabled":false,"id":""},{"text":"Morning training ended\n        2025-07-14 - Training","disabled":false,"id":""},{"text":"Weekly news roundup\n        2025-07-14 - News","disabled":false,"id":""}]
[sim_takane_6m] open today's live schedule at 2025-08-01
[sim_takane_6m] open today's live schedule at 2025-08-01
[sim_takane_6m] open today's live schedule at 2025-08-01
[sim_takane_6m] open today's live schedule at 2025-08-01
[sim_takane_6m] open today's live schedule at 2025-08-01
[sim_takane_6m] open today's live schedule at 2025-08-01
[sim_takane_6m] open today's live schedule at 2025-08-01
[sim_takane_6m] open today's live schedule at 2025-08-01
[sim_takane_6m] open today's live schedule at 2025-08-01
[sim_takane_6m] open today's live schedule at 2025-08-01
[sim_takane_6m] open today's live schedule at 2025-08-01
[sim_takane_6m] open today's live schedule at 2025-08-01
[sim_takane_6m] open today's live schedule at 2025-08-01
[sim_takane_6m] open today's live schedule at 2025-08-01
[sim_takane_6m] open today's live schedule at 2025-08-01
[sim_takane_6m] open today's live schedule at 2025-08-01
[sim_takane_6m] open today's live schedule at 2025-08-01
[sim_takane_6m] open today's live schedule at 2025-08-01
[sim_takane_6m] open today's live schedule at 2025-08-01
[sim_takane_6m] step=1050 iso=2025-08-01 display=Friday, August 1, 2025 19:20 stale=999
[sim_takane_6m] open today's live schedule at 2025-08-01
[sim_takane_6m] stale buttons Friday, August 1, 2025 19:20 :: [{"text":"Main menu","disabled":false,"id":"btn-main-menu"},{"text":"Save game","disabled":false,"id":"btn-save"},{"text":"Load game","disabled":false,"id":"btn-load"},{"text":"New game","disabled":false,"id":"btn-new"},{"text":"Clear slot","disabled":false,"id":"btn-clear"},{"text":"‹","disabled":false,"id":""},{"text":"›","disabled":true,"id":""},{"text":"Friday, August 1, 2025 19:20","disabled":false,"id":"btn-goto-schedule"},{"text":"Next","disabled":false,"id":"btn-next-day"},{"text":"Inbox","disabled":false,"id":""},{"text":"Idols","disabled":false,"id":""},{"text":"Groups","disabled":false,"id":""},{"text":"Training","disabled":false,"id":""},{"text":"Schedule","disabled":false,"id":""},{"text":"Lives","disabled":false,"id":""},{"text":"Songs","disabled":false,"id":""},{"text":"Making","disabled":false,"id":""},{"text":"Media","disabled":false,"id":""},{"text":"Scout","disabled":false,"id":""},{"text":"Finances","disabled":false,"id":""},{"text":"Mark all read","disabled":true,"id":"btn-inbox-mark-all"},{"text":"* Today's live schedule\n        2025-08-01 - Assistant","disabled":false,"id":""},{"text":"Morning training ended\n        2025-07-31 - Training","disabled":false,"id":""},{"text":"Morning training ended\n        2025-07-30 - Training","disabled":false,"id":""},{"text":"Morning training ended\n        2025-07-29 - Training","disabled":false,"id":""},{"text":"Afternoon training ended\n        2025-07-28 - Training","disabled":false,"id":""},{"text":"Morning training ended\n        2025-07-28 - Training","disabled":false,"id":""},{"text":"Weekly news roundup\n        2025-07-28 - News","disabled":false,"id":""},{"text":"Morning training ended\n        2025-07-25 - Training","disabled":false,"id":""},{"text":"Morning training ended\n        2025-07-24 - Training","disabled":false,"id":""},{"text":"Morning training ended\n        2025-07-23 - Training","disabled":false,"id":""},{"text":"Morning training ended\n        2025-07-22 - Training","disabled":false,"id":""},{"text":"Morning training ended\n        2025-07-21 - Training","disabled":false,"id":""},{"text":"Weekly news roundup\n        2025-07-21 - News","disabled":false,"id":""},{"text":"Morning training ended\n        2025-07-18 - Training","disabled":false,"id":""},{"text":"Morning training ended\n        2025-07-17 - Training","disabled":false,"id":""},{"text":"Morning training ended\n        2025-07-16 - Training","disabled":false,"id":""},{"text":"Morning training ended\n        2025-07-15 - Training","disabled":false,"id":""},{"text":"Morning training ended\n        2025-07-14 - Training","disabled":false,"id":""},{"text":"Weekly news roundup\n        2025-07-14 - News","disabled":false,"id":""}]
[sim_takane_6m] open today's live schedule at 2025-08-01
[sim_takane_6m] open today's live schedule at 2025-08-01
[sim_takane_6m] open today's live schedule at 2025-08-01
[sim_takane_6m] open today's live schedule at 2025-08-01
[sim_takane_6m] open today's live schedule at 2025-08-01
[sim_takane_6m] open today's live schedule at 2025-08-01
[sim_takane_6m] open today's live schedule at 2025-08-01
[sim_takane_6m] open today's live schedule at 2025-08-01
[sim_takane_6m] open today's live schedule at 2025-08-01
[sim_takane_6m] open today's live schedule at 2025-08-01
[sim_takane_6m] open today's live schedule at 2025-08-01
[sim_takane_6m] open today's live schedule at 2025-08-01
[sim_takane_6m] open today's live schedule at 2025-08-01
[sim_takane_6m] open today's live schedule at 2025-08-01
[sim_takane_6m] open today's live schedule at 2025-08-01
[sim_takane_6m] open today's live schedule at 2025-08-01
[sim_takane_6m] open today's live schedule at 2025-08-01
[sim_takane_6m] open today's live schedule at 2025-08-01
[sim_takane_6m] open today's live schedule at 2025-08-01
[sim_takane_6m] open today's live schedule at 2025-08-01
[sim_takane_6m] stale buttons Friday, August 1, 2025 19:20 :: [{"text":"Main menu","disabled":false,"id":"btn-main-menu"},{"text":"Save game","disabled":false,"id":"btn-save"},{"text":"Load game","disabled":false,"id":"btn-load"},{"text":"New game","disabled":false,"id":"btn-new"},{"text":"Clear slot","disabled":false,"id":"btn-clear"},{"text":"‹","disabled":false,"id":""},{"text":"›","disabled":true,"id":""},{"text":"Friday, August 1, 2025 19:20","disabled":false,"id":"btn-goto-schedule"},{"text":"Next","disabled":false,"id":"btn-next-day"},{"text":"Inbox","disabled":false,"id":""},{"text":"Idols","disabled":false,"id":""},{"text":"Groups","disabled":false,"id":""},{"text":"Training","disabled":false,"id":""},{"text":"Schedule","disabled":false,"id":""},{"text":"Lives","disabled":false,"id":""},{"text":"Songs","disabled":false,"id":""},{"text":"Making","disabled":false,"id":""},{"text":"Media","disabled":false,"id":""},{"text":"Scout","disabled":false,"id":""},{"text":"Finances","disabled":false,"id":""},{"text":"Mark all read","disabled":true,"id":"btn-inbox-mark-all"},{"text":"* Today's live schedule\n        2025-08-01 - Assistant","disabled":false,"id":""},{"text":"Morning training ended\n        2025-07-31 - Training","disabled":false,"id":""},{"text":"Morning training ended\n        2025-07-30 - Training","disabled":false,"id":""},{"text":"Morning training ended\n        2025-07-29 - Training","disabled":false,"id":""},{"text":"Afternoon training ended\n        2025-07-28 - Training","disabled":false,"id":""},{"text":"Morning training ended\n        2025-07-28 - Training","disabled":false,"id":""},{"text":"Weekly news roundup\n        2025-07-28 - News","disabled":false,"id":""},{"text":"Morning training ended\n        2025-07-25 - Training","disabled":false,"id":""},{"text":"Morning training ended\n        2025-07-24 - Training","disabled":false,"id":""},{"text":"Morning training ended\n        2025-07-23 - Training","disabled":false,"id":""},{"text":"Morning training ended\n        2025-07-22 - Training","disabled":false,"id":""},{"text":"Morning training ended\n        2025-07-21 - Training","disabled":false,"id":""},{"text":"Weekly news roundup\n        2025-07-21 - News","disabled":false,"id":""},{"text":"Morning training ended\n        2025-07-18 - Training","disabled":false,"id":""},{"text":"Morning training ended\n        2025-07-17 - Training","disabled":false,"id":""},{"text":"Morning training ended\n        2025-07-16 - Training","disabled":false,"id":""},{"text":"Morning training ended\n        2025-07-15 - Training","disabled":false,"id":""},{"text":"Morning training ended\n        2025-07-14 - Training","disabled":false,"id":""},{"text":"Weekly news roundup\n        2025-07-14 - News","disabled":false,"id":""}]
[sim_takane_6m] open today's live schedule at 2025-08-01
[sim_takane_6m] open today's live schedule at 2025-08-01
[sim_takane_6m] open today's live schedule at 2025-08-01
[sim_takane_6m] open today's live schedule at 2025-08-01
[sim_takane_6m] step=1075 iso=2025-08-01 display=Friday, August 1, 2025 19:20 stale=1024
[sim_takane_6m] open today's live schedule at 2025-08-01
[sim_takane_6m] open today's live schedule at 2025-08-01
[sim_takane_6m] open today's live schedule at 2025-08-01
[sim_takane_6m] open today's live schedule at 2025-08-01
[sim_takane_6m] open today's live schedule at 2025-08-01
[sim_takane_6m] open today's live schedule at 2025-08-01
[sim_takane_6m] open today's live schedule at 2025-08-01
[sim_takane_6m] open today's live schedule at 2025-08-01
[sim_takane_6m] open today's live schedule at 2025-08-01
[sim_takane_6m] open today's live schedule at 2025-08-01
[sim_takane_6m] open today's live schedule at 2025-08-01
[sim_takane_6m] open today's live schedule at 2025-08-01
[sim_takane_6m] open today's live schedule at 2025-08-01
[sim_takane_6m] open today's live schedule at 2025-08-01
[sim_takane_6m] open today's live schedule at 2025-08-01
[sim_takane_6m] open today's live schedule at 2025-08-01
[sim_takane_6m] stale buttons Friday, August 1, 2025 19:20 :: [{"text":"Main menu","disabled":false,"id":"btn-main-menu"},{"text":"Save game","disabled":false,"id":"btn-save"},{"text":"Load game","disabled":false,"id":"btn-load"},{"text":"New game","disabled":false,"id":"btn-new"},{"text":"Clear slot","disabled":false,"id":"btn-clear"},{"text":"‹","disabled":false,"id":""},{"text":"›","disabled":true,"id":""},{"text":"Friday, August 1, 2025 19:20","disabled":false,"id":"btn-goto-schedule"},{"text":"Next","disabled":false,"id":"btn-next-day"},{"text":"Inbox","disabled":false,"id":""},{"text":"Idols","disabled":false,"id":""},{"text":"Groups","disabled":false,"id":""},{"text":"Training","disabled":false,"id":""},{"text":"Schedule","disabled":false,"id":""},{"text":"Lives","disabled":false,"id":""},{"text":"Songs","disabled":false,"id":""},{"text":"Making","disabled":false,"id":""},{"text":"Media","disabled":false,"id":""},{"text":"Scout","disabled":false,"id":""},{"text":"Finances","disabled":false,"id":""},{"text":"Mark all read","disabled":true,"id":"btn-inbox-mark-all"},{"text":"* Today's live schedule\n        2025-08-01 - Assistant","disabled":false,"id":""},{"text":"Morning training ended\n        2025-07-31 - Training","disabled":false,"id":""},{"text":"Morning training ended\n        2025-07-30 - Training","disabled":false,"id":""},{"text":"Morning training ended\n        2025-07-29 - Training","disabled":false,"id":""},{"text":"Afternoon training ended\n        2025-07-28 - Training","disabled":false,"id":""},{"text":"Morning training ended\n        2025-07-28 - Training","disabled":false,"id":""},{"text":"Weekly news roundup\n        2025-07-28 - News","disabled":false,"id":""},{"text":"Morning training ended\n        2025-07-25 - Training","disabled":false,"id":""},{"text":"Morning training ended\n        2025-07-24 - Training","disabled":false,"id":""},{"text":"Morning training ended\n        2025-07-23 - Training","disabled":false,"id":""},{"text":"Morning training ended\n        2025-07-22 - Training","disabled":false,"id":""},{"text":"Morning training ended\n        2025-07-21 - Training","disabled":false,"id":""},{"text":"Weekly news roundup\n        2025-07-21 - News","disabled":false,"id":""},{"text":"Morning training ended\n        2025-07-18 - Training","disabled":false,"id":""},{"text":"Morning training ended\n        2025-07-17 - Training","disabled":false,"id":""},{"text":"Morning training ended\n        2025-07-16 - Training","disabled":false,"id":""},{"text":"Morning training ended\n        2025-07-15 - Training","disabled":false,"id":""},{"text":"Morning training ended\n        2025-07-14 - Training","disabled":false,"id":""},{"text":"Weekly news roundup\n        2025-07-14 - News","disabled":false,"id":""}]
[sim_takane_6m] open today's live schedule at 2025-08-01
[sim_takane_6m] open today's live schedule at 2025-08-01
[sim_takane_6m] open today's live schedule at 2025-08-01
[sim_takane_6m] open today's live schedule at 2025-08-01
[sim_takane_6m] open today's live schedule at 2025-08-01
[sim_takane_6m] open today's live schedule at 2025-08-01
[sim_takane_6m] open today's live schedule at 2025-08-01
[sim_takane_6m] open today's live schedule at 2025-08-01
[sim_takane_6m] open today's live schedule at 2025-08-01
[sim_takane_6m] step=1100 iso=2025-08-01 display=Friday, August 1, 2025 19:20 stale=1049
[sim_takane_6m] open today's live schedule at 2025-08-01
[sim_takane_6m] open today's live schedule at 2025-08-01
[sim_takane_6m] open today's live schedule at 2025-08-01
[sim_takane_6m] open today's live schedule at 2025-08-01
[sim_takane_6m] open today's live schedule at 2025-08-01
[sim_takane_6m] open today's live schedule at 2025-08-01
[sim_takane_6m] open today's live schedule at 2025-08-01
[sim_takane_6m] open today's live schedule at 2025-08-01
[sim_takane_6m] open today's live schedule at 2025-08-01
[sim_takane_6m] open today's live schedule at 2025-08-01
[sim_takane_6m] open today's live schedule at 2025-08-01
[sim_takane_6m] stale buttons Friday, August 1, 2025 19:20 :: [{"text":"Main menu","disabled":false,"id":"btn-main-menu"},{"text":"Save game","disabled":false,"id":"btn-save"},{"text":"Load game","disabled":false,"id":"btn-load"},{"text":"New game","disabled":false,"id":"btn-new"},{"text":"Clear slot","disabled":false,"id":"btn-clear"},{"text":"‹","disabled":false,"id":""},{"text":"›","disabled":true,"id":""},{"text":"Friday, August 1, 2025 19:20","disabled":false,"id":"btn-goto-schedule"},{"text":"Next","disabled":false,"id":"btn-next-day"},{"text":"Inbox","disabled":false,"id":""},{"text":"Idols","disabled":false,"id":""},{"text":"Groups","disabled":false,"id":""},{"text":"Training","disabled":false,"id":""},{"text":"Schedule","disabled":false,"id":""},{"text":"Lives","disabled":false,"id":""},{"text":"Songs","disabled":false,"id":""},{"text":"Making","disabled":false,"id":""},{"text":"Media","disabled":false,"id":""},{"text":"Scout","disabled":false,"id":""},{"text":"Finances","disabled":false,"id":""},{"text":"Mark all read","disabled":true,"id":"btn-inbox-mark-all"},{"text":"* Today's live schedule\n        2025-08-01 - Assistant","disabled":false,"id":""},{"text":"Morning training ended\n        2025-07-31 - Training","disabled":false,"id":""},{"text":"Morning training ended\n        2025-07-30 - Training","disabled":false,"id":""},{"text":"Morning training ended\n        2025-07-29 - Training","disabled":false,"id":""},{"text":"Afternoon training ended\n        2025-07-28 - Training","disabled":false,"id":""},{"text":"Morning training ended\n        2025-07-28 - Training","disabled":false,"id":""},{"text":"Weekly news roundup\n        2025-07-28 - News","disabled":false,"id":""},{"text":"Morning training ended\n        2025-07-25 - Training","disabled":false,"id":""},{"text":"Morning training ended\n        2025-07-24 - Training","disabled":false,"id":""},{"text":"Morning training ended\n        2025-07-23 - Training","disabled":false,"id":""},{"text":"Morning training ended\n        2025-07-22 - Training","disabled":false,"id":""},{"text":"Morning training ended\n        2025-07-21 - Training","disabled":false,"id":""},{"text":"Weekly news roundup\n        2025-07-21 - News","disabled":false,"id":""},{"text":"Morning training ended\n        2025-07-18 - Training","disabled":false,"id":""},{"text":"Morning training ended\n        2025-07-17 - Training","disabled":false,"id":""},{"text":"Morning training ended\n        2025-07-16 - Training","disabled":false,"id":""},{"text":"Morning training ended\n        2025-07-15 - Training","disabled":false,"id":""},{"text":"Morning training ended\n        2025-07-14 - Training","disabled":false,"id":""},{"text":"Weekly news roundup\n        2025-07-14 - News","disabled":false,"id":""}]
[sim_takane_6m] open today's live schedule at 2025-08-01
[sim_takane_6m] open today's live schedule at 2025-08-01
[sim_takane_6m] open today's live schedule at 2025-08-01
[sim_takane_6m] open today's live schedule at 2025-08-01
[sim_takane_6m] open today's live schedule at 2025-08-01
[sim_takane_6m] open today's live schedule at 2025-08-01
[sim_takane_6m] open today's live schedule at 2025-08-01
[sim_takane_6m] open today's live schedule at 2025-08-01
[sim_takane_6m] open today's live schedule at 2025-08-01
[sim_takane_6m] open today's live schedule at 2025-08-01
[sim_takane_6m] open today's live schedule at 2025-08-01
[sim_takane_6m] open today's live schedule at 2025-08-01
[sim_takane_6m] open today's live schedule at 2025-08-01
[sim_takane_6m] open today's live schedule at 2025-08-01
[sim_takane_6m] step=1125 iso=2025-08-01 display=Friday, August 1, 2025 19:20 stale=1074
[sim_takane_6m] open today's live schedule at 2025-08-01
[sim_takane_6m] open today's live schedule at 2025-08-01
[sim_takane_6m] open today's live schedule at 2025-08-01
[sim_takane_6m] open today's live schedule at 2025-08-01
[sim_takane_6m] open today's live schedule at 2025-08-01
[sim_takane_6m] open today's live schedule at 2025-08-01
[sim_takane_6m] stale buttons Friday, August 1, 2025 19:20 :: [{"text":"Main menu","disabled":false,"id":"btn-main-menu"},{"text":"Save game","disabled":false,"id":"btn-save"},{"text":"Load game","disabled":false,"id":"btn-load"},{"text":"New game","disabled":false,"id":"btn-new"},{"text":"Clear slot","disabled":false,"id":"btn-clear"},{"text":"‹","disabled":false,"id":""},{"text":"›","disabled":true,"id":""},{"text":"Friday, August 1, 2025 19:20","disabled":false,"id":"btn-goto-schedule"},{"text":"Next","disabled":false,"id":"btn-next-day"},{"text":"Inbox","disabled":false,"id":""},{"text":"Idols","disabled":false,"id":""},{"text":"Groups","disabled":false,"id":""},{"text":"Training","disabled":false,"id":""},{"text":"Schedule","disabled":false,"id":""},{"text":"Lives","disabled":false,"id":""},{"text":"Songs","disabled":false,"id":""},{"text":"Making","disabled":false,"id":""},{"text":"Media","disabled":false,"id":""},{"text":"Scout","disabled":false,"id":""},{"text":"Finances","disabled":false,"id":""},{"text":"Mark all read","disabled":true,"id":"btn-inbox-mark-all"},{"text":"* Today's live schedule\n        2025-08-01 - Assistant","disabled":false,"id":""},{"text":"Morning training ended\n        2025-07-31 - Training","disabled":false,"id":""},{"text":"Morning training ended\n        2025-07-30 - Training","disabled":false,"id":""},{"text":"Morning training ended\n        2025-07-29 - Training","disabled":false,"id":""},{"text":"Afternoon training ended\n        2025-07-28 - Training","disabled":false,"id":""},{"text":"Morning training ended\n        2025-07-28 - Training","disabled":false,"id":""},{"text":"Weekly news roundup\n        2025-07-28 - News","disabled":false,"id":""},{"text":"Morning training ended\n        2025-07-25 - Training","disabled":false,"id":""},{"text":"Morning training ended\n        2025-07-24 - Training","disabled":false,"id":""},{"text":"Morning training ended\n        2025-07-23 - Training","disabled":false,"id":""},{"text":"Morning training ended\n        2025-07-22 - Training","disabled":false,"id":""},{"text":"Morning training ended\n        2025-07-21 - Training","disabled":false,"id":""},{"text":"Weekly news roundup\n        2025-07-21 - News","disabled":false,"id":""},{"text":"Morning training ended\n        2025-07-18 - Training","disabled":false,"id":""},{"text":"Morning training ended\n        2025-07-17 - Training","disabled":false,"id":""},{"text":"Morning training ended\n        2025-07-16 - Training","disabled":false,"id":""},{"text":"Morning training ended\n        2025-07-15 - Training","disabled":false,"id":""},{"text":"Morning training ended\n        2025-07-14 - Training","disabled":false,"id":""},{"text":"Weekly news roundup\n        2025-07-14 - News","disabled":false,"id":""}]
[sim_takane_6m] open today's live schedule at 2025-08-01
[sim_takane_6m] open today's live schedule at 2025-08-01
[sim_takane_6m] open today's live schedule at 2025-08-01
[sim_takane_6m] open today's live schedule at 2025-08-01
[sim_takane_6m] open today's live schedule at 2025-08-01
[sim_takane_6m] open today's live schedule at 2025-08-01
[sim_takane_6m] open today's live schedule at 2025-08-01
[sim_takane_6m] open today's live schedule at 2025-08-01
[sim_takane_6m] open today's live schedule at 2025-08-01
[sim_takane_6m] open today's live schedule at 2025-08-01
[sim_takane_6m] open today's live schedule at 2025-08-01
[sim_takane_6m] open today's live schedule at 2025-08-01
[sim_takane_6m] open today's live schedule at 2025-08-01
[sim_takane_6m] open today's live schedule at 2025-08-01
[sim_takane_6m] open today's live schedule at 2025-08-01
[sim_takane_6m] open today's live schedule at 2025-08-01
[sim_takane_6m] open today's live schedule at 2025-08-01
[sim_takane_6m] open today's live schedule at 2025-08-01
[sim_takane_6m] open today's live schedule at 2025-08-01
[sim_takane_6m] step=1150 iso=2025-08-01 display=Friday, August 1, 2025 19:20 stale=1099
[sim_takane_6m] open today's live schedule at 2025-08-01
[sim_takane_6m] stale buttons Friday, August 1, 2025 19:20 :: [{"text":"Main menu","disabled":false,"id":"btn-main-menu"},{"text":"Save game","disabled":false,"id":"btn-save"},{"text":"Load game","disabled":false,"id":"btn-load"},{"text":"New game","disabled":false,"id":"btn-new"},{"text":"Clear slot","disabled":false,"id":"btn-clear"},{"text":"‹","disabled":false,"id":""},{"text":"›","disabled":true,"id":""},{"text":"Friday, August 1, 2025 19:20","disabled":false,"id":"btn-goto-schedule"},{"text":"Next","disabled":false,"id":"btn-next-day"},{"text":"Inbox","disabled":false,"id":""},{"text":"Idols","disabled":false,"id":""},{"text":"Groups","disabled":false,"id":""},{"text":"Training","disabled":false,"id":""},{"text":"Schedule","disabled":false,"id":""},{"text":"Lives","disabled":false,"id":""},{"text":"Songs","disabled":false,"id":""},{"text":"Making","disabled":false,"id":""},{"text":"Media","disabled":false,"id":""},{"text":"Scout","disabled":false,"id":""},{"text":"Finances","disabled":false,"id":""},{"text":"Mark all read","disabled":true,"id":"btn-inbox-mark-all"},{"text":"* Today's live schedule\n        2025-08-01 - Assistant","disabled":false,"id":""},{"text":"Morning training ended\n        2025-07-31 - Training","disabled":false,"id":""},{"text":"Morning training ended\n        2025-07-30 - Training","disabled":false,"id":""},{"text":"Morning training ended\n        2025-07-29 - Training","disabled":false,"id":""},{"text":"Afternoon training ended\n        2025-07-28 - Training","disabled":false,"id":""},{"text":"Morning training ended\n        2025-07-28 - Training","disabled":false,"id":""},{"text":"Weekly news roundup\n        2025-07-28 - News","disabled":false,"id":""},{"text":"Morning training ended\n        2025-07-25 - Training","disabled":false,"id":""},{"text":"Morning training ended\n        2025-07-24 - Training","disabled":false,"id":""},{"text":"Morning training ended\n        2025-07-23 - Training","disabled":false,"id":""},{"text":"Morning training ended\n        2025-07-22 - Training","disabled":false,"id":""},{"text":"Morning training ended\n        2025-07-21 - Training","disabled":false,"id":""},{"text":"Weekly news roundup\n        2025-07-21 - News","disabled":false,"id":""},{"text":"Morning training ended\n        2025-07-18 - Training","disabled":false,"id":""},{"text":"Morning training ended\n        2025-07-17 - Training","disabled":false,"id":""},{"text":"Morning training ended\n        2025-07-16 - Training","disabled":false,"id":""},{"text":"Morning training ended\n        2025-07-15 - Training","disabled":false,"id":""},{"text":"Morning training ended\n        2025-07-14 - Training","disabled":false,"id":""},{"text":"Weekly news roundup\n        2025-07-14 - News","disabled":false,"id":""}]
[sim_takane_6m] open today's live schedule at 2025-08-01
[sim_takane_6m] open today's live schedule at 2025-08-01
[sim_takane_6m] open today's live schedule at 2025-08-01
[sim_takane_6m] open today's live schedule at 2025-08-01
[sim_takane_6m] open today's live schedule at 2025-08-01
[sim_takane_6m] open today's live schedule at 2025-08-01
[sim_takane_6m] open today's live schedule at 2025-08-01
[sim_takane_6m] open today's live schedule at 2025-08-01
[sim_takane_6m] open today's live schedule at 2025-08-01
[sim_takane_6m] open today's live schedule at 2025-08-01
[sim_takane_6m] open today's live schedule at 2025-08-01
[sim_takane_6m] open today's live schedule at 2025-08-01
[sim_takane_6m] open today's live schedule at 2025-08-01
[sim_takane_6m] open today's live schedule at 2025-08-01
[sim_takane_6m] open today's live schedule at 2025-08-01
[sim_takane_6m] open today's live schedule at 2025-08-01
[sim_takane_6m] open today's live schedule at 2025-08-01
[sim_takane_6m] open today's live schedule at 2025-08-01
[sim_takane_6m] open today's live schedule at 2025-08-01
[sim_takane_6m] open today's live schedule at 2025-08-01
[sim_takane_6m] stale buttons Friday, August 1, 2025 19:20 :: [{"text":"Main menu","disabled":false,"id":"btn-main-menu"},{"text":"Save game","disabled":false,"id":"btn-save"},{"text":"Load game","disabled":false,"id":"btn-load"},{"text":"New game","disabled":false,"id":"btn-new"},{"text":"Clear slot","disabled":false,"id":"btn-clear"},{"text":"‹","disabled":false,"id":""},{"text":"›","disabled":true,"id":""},{"text":"Friday, August 1, 2025 19:20","disabled":false,"id":"btn-goto-schedule"},{"text":"Next","disabled":false,"id":"btn-next-day"},{"text":"Inbox","disabled":false,"id":""},{"text":"Idols","disabled":false,"id":""},{"text":"Groups","disabled":false,"id":""},{"text":"Training","disabled":false,"id":""},{"text":"Schedule","disabled":false,"id":""},{"text":"Lives","disabled":false,"id":""},{"text":"Songs","disabled":false,"id":""},{"text":"Making","disabled":false,"id":""},{"text":"Media","disabled":false,"id":""},{"text":"Scout","disabled":false,"id":""},{"text":"Finances","disabled":false,"id":""},{"text":"Mark all read","disabled":true,"id":"btn-inbox-mark-all"},{"text":"* Today's live schedule\n        2025-08-01 - Assistant","disabled":false,"id":""},{"text":"Morning training ended\n        2025-07-31 - Training","disabled":false,"id":""},{"text":"Morning training ended\n        2025-07-30 - Training","disabled":false,"id":""},{"text":"Morning training ended\n        2025-07-29 - Training","disabled":false,"id":""},{"text":"Afternoon training ended\n        2025-07-28 - Training","disabled":false,"id":""},{"text":"Morning training ended\n        2025-07-28 - Training","disabled":false,"id":""},{"text":"Weekly news roundup\n        2025-07-28 - News","disabled":false,"id":""},{"text":"Morning training ended\n        2025-07-25 - Training","disabled":false,"id":""},{"text":"Morning training ended\n        2025-07-24 - Training","disabled":false,"id":""},{"text":"Morning training ended\n        2025-07-23 - Training","disabled":false,"id":""},{"text":"Morning training ended\n        2025-07-22 - Training","disabled":false,"id":""},{"text":"Morning training ended\n        2025-07-21 - Training","disabled":false,"id":""},{"text":"Weekly news roundup\n        2025-07-21 - News","disabled":false,"id":""},{"text":"Morning training ended\n        2025-07-18 - Training","disabled":false,"id":""},{"text":"Morning training ended\n        2025-07-17 - Training","disabled":false,"id":""},{"text":"Morning training ended\n        2025-07-16 - Training","disabled":false,"id":""},{"text":"Morning training ended\n        2025-07-15 - Training","disabled":false,"id":""},{"text":"Morning training ended\n        2025-07-14 - Training","disabled":false,"id":""},{"text":"Weekly news roundup\n        2025-07-14 - News","disabled":false,"id":""}]
[sim_takane_6m] open today's live schedule at 2025-08-01
[sim_takane_6m] open today's live schedule at 2025-08-01
[sim_takane_6m] open today's live schedule at 2025-08-01
[sim_takane_6m] open today's live schedule at 2025-08-01
[sim_takane_6m] step=1175 iso=2025-08-01 display=Friday, August 1, 2025 19:20 stale=1124
[sim_takane_6m] open today's live schedule at 2025-08-01
[sim_takane_6m] open today's live schedule at 2025-08-01
[sim_takane_6m] open today's live schedule at 2025-08-01
[sim_takane_6m] open today's live schedule at 2025-08-01
[sim_takane_6m] open today's live schedule at 2025-08-01
[sim_takane_6m] open today's live schedule at 2025-08-01
[sim_takane_6m] open today's live schedule at 2025-08-01
[sim_takane_6m] open today's live schedule at 2025-08-01
[sim_takane_6m] open today's live schedule at 2025-08-01
[sim_takane_6m] open today's live schedule at 2025-08-01
[sim_takane_6m] open today's live schedule at 2025-08-01
[sim_takane_6m] open today's live schedule at 2025-08-01
[sim_takane_6m] open today's live schedule at 2025-08-01
[sim_takane_6m] open today's live schedule at 2025-08-01
[sim_takane_6m] open today's live schedule at 2025-08-01
[sim_takane_6m] open today's live schedule at 2025-08-01
[sim_takane_6m] stale buttons Friday, August 1, 2025 19:20 :: [{"text":"Main menu","disabled":false,"id":"btn-main-menu"},{"text":"Save game","disabled":false,"id":"btn-save"},{"text":"Load game","disabled":false,"id":"btn-load"},{"text":"New game","disabled":false,"id":"btn-new"},{"text":"Clear slot","disabled":false,"id":"btn-clear"},{"text":"‹","disabled":false,"id":""},{"text":"›","disabled":true,"id":""},{"text":"Friday, August 1, 2025 19:20","disabled":false,"id":"btn-goto-schedule"},{"text":"Next","disabled":false,"id":"btn-next-day"},{"text":"Inbox","disabled":false,"id":""},{"text":"Idols","disabled":false,"id":""},{"text":"Groups","disabled":false,"id":""},{"text":"Training","disabled":false,"id":""},{"text":"Schedule","disabled":false,"id":""},{"text":"Lives","disabled":false,"id":""},{"text":"Songs","disabled":false,"id":""},{"text":"Making","disabled":false,"id":""},{"text":"Media","disabled":false,"id":""},{"text":"Scout","disabled":false,"id":""},{"text":"Finances","disabled":false,"id":""},{"text":"Mark all read","disabled":true,"id":"btn-inbox-mark-all"},{"text":"* Today's live schedule\n        2025-08-01 - Assistant","disabled":false,"id":""},{"text":"Morning training ended\n        2025-07-31 - Training","disabled":false,"id":""},{"text":"Morning training ended\n        2025-07-30 - Training","disabled":false,"id":""},{"text":"Morning training ended\n        2025-07-29 - Training","disabled":false,"id":""},{"text":"Afternoon training ended\n        2025-07-28 - Training","disabled":false,"id":""},{"text":"Morning training ended\n        2025-07-28 - Training","disabled":false,"id":""},{"text":"Weekly news roundup\n        2025-07-28 - News","disabled":false,"id":""},{"text":"Morning training ended\n        2025-07-25 - Training","disabled":false,"id":""},{"text":"Morning training ended\n        2025-07-24 - Training","disabled":false,"id":""},{"text":"Morning training ended\n        2025-07-23 - Training","disabled":false,"id":""},{"text":"Morning training ended\n        2025-07-22 - Training","disabled":false,"id":""},{"text":"Morning training ended\n        2025-07-21 - Training","disabled":false,"id":""},{"text":"Weekly news roundup\n        2025-07-21 - News","disabled":false,"id":""},{"text":"Morning training ended\n        2025-07-18 - Training","disabled":false,"id":""},{"text":"Morning training ended\n        2025-07-17 - Training","disabled":false,"id":""},{"text":"Morning training ended\n        2025-07-16 - Training","disabled":false,"id":""},{"text":"Morning training ended\n        2025-07-15 - Training","disabled":false,"id":""},{"text":"Morning training ended\n        2025-07-14 - Training","disabled":false,"id":""},{"text":"Weekly news roundup\n        2025-07-14 - News","disabled":false,"id":""}]
[sim_takane_6m] open today's live schedule at 2025-08-01
[sim_takane_6m] open today's live schedule at 2025-08-01
[sim_takane_6m] open today's live schedule at 2025-08-01
[sim_takane_6m] open today's live schedule at 2025-08-01
[sim_takane_6m] open today's live schedule at 2025-08-01
[sim_takane_6m] open today's live schedule at 2025-08-01
[sim_takane_6m] open today's live schedule at 2025-08-01
[sim_takane_6m] open today's live schedule at 2025-08-01
[sim_takane_6m] open today's live schedule at 2025-08-01
[sim_takane_6m] step=1200 iso=2025-08-01 display=Friday, August 1, 2025 19:20 stale=1149
[sim_takane_6m] open today's live schedule at 2025-08-01
[sim_takane_6m] open today's live schedule at 2025-08-01
[sim_takane_6m] open today's live schedule at 2025-08-01
[sim_takane_6m] open today's live schedule at 2025-08-01
[sim_takane_6m] open today's live schedule at 2025-08-01
[sim_takane_6m] open today's live schedule at 2025-08-01
[sim_takane_6m] open today's live schedule at 2025-08-01
[sim_takane_6m] open today's live schedule at 2025-08-01
[sim_takane_6m] open today's live schedule at 2025-08-01
[sim_takane_6m] open today's live schedule at 2025-08-01
[sim_takane_6m] open today's live schedule at 2025-08-01
[sim_takane_6m] stale buttons Friday, August 1, 2025 19:20 :: [{"text":"Main menu","disabled":false,"id":"btn-main-menu"},{"text":"Save game","disabled":false,"id":"btn-save"},{"text":"Load game","disabled":false,"id":"btn-load"},{"text":"New game","disabled":false,"id":"btn-new"},{"text":"Clear slot","disabled":false,"id":"btn-clear"},{"text":"‹","disabled":false,"id":""},{"text":"›","disabled":true,"id":""},{"text":"Friday, August 1, 2025 19:20","disabled":false,"id":"btn-goto-schedule"},{"text":"Next","disabled":false,"id":"btn-next-day"},{"text":"Inbox","disabled":false,"id":""},{"text":"Idols","disabled":false,"id":""},{"text":"Groups","disabled":false,"id":""},{"text":"Training","disabled":false,"id":""},{"text":"Schedule","disabled":false,"id":""},{"text":"Lives","disabled":false,"id":""},{"text":"Songs","disabled":false,"id":""},{"text":"Making","disabled":false,"id":""},{"text":"Media","disabled":false,"id":""},{"text":"Scout","disabled":false,"id":""},{"text":"Finances","disabled":false,"id":""},{"text":"Mark all read","disabled":true,"id":"btn-inbox-mark-all"},{"text":"* Today's live schedule\n        2025-08-01 - Assistant","disabled":false,"id":""},{"text":"Morning training ended\n        2025-07-31 - Training","disabled":false,"id":""},{"text":"Morning training ended\n        2025-07-30 - Training","disabled":false,"id":""},{"text":"Morning training ended\n        2025-07-29 - Training","disabled":false,"id":""},{"text":"Afternoon training ended\n        2025-07-28 - Training","disabled":false,"id":""},{"text":"Morning training ended\n        2025-07-28 - Training","disabled":false,"id":""},{"text":"Weekly news roundup\n        2025-07-28 - News","disabled":false,"id":""},{"text":"Morning training ended\n        2025-07-25 - Training","disabled":false,"id":""},{"text":"Morning training ended\n        2025-07-24 - Training","disabled":false,"id":""},{"text":"Morning training ended\n        2025-07-23 - Training","disabled":false,"id":""},{"text":"Morning training ended\n        2025-07-22 - Training","disabled":false,"id":""},{"text":"Morning training ended\n        2025-07-21 - Training","disabled":false,"id":""},{"text":"Weekly news roundup\n        2025-07-21 - News","disabled":false,"id":""},{"text":"Morning training ended\n        2025-07-18 - Training","disabled":false,"id":""},{"text":"Morning training ended\n        2025-07-17 - Training","disabled":false,"id":""},{"text":"Morning training ended\n        2025-07-16 - Training","disabled":false,"id":""},{"text":"Morning training ended\n        2025-07-15 - Training","disabled":false,"id":""},{"text":"Morning training ended\n        2025-07-14 - Training","disabled":false,"id":""},{"text":"Weekly news roundup\n        2025-07-14 - News","disabled":false,"id":""}]
[sim_takane_6m] open today's live schedule at 2025-08-01
[sim_takane_6m] open today's live schedule at 2025-08-01
[sim_takane_6m] open today's live schedule at 2025-08-01
[sim_takane_6m] open today's live schedule at 2025-08-01
[sim_takane_6m] open today's live schedule at 2025-08-01
[sim_takane_6m] open today's live schedule at 2025-08-01
[sim_takane_6m] open today's live schedule at 2025-08-01
[sim_takane_6m] open today's live schedule at 2025-08-01
[sim_takane_6m] open today's live schedule at 2025-08-01
[sim_takane_6m] open today's live schedule at 2025-08-01
[sim_takane_6m] open today's live schedule at 2025-08-01
[sim_takane_6m] open today's live schedule at 2025-08-01
[sim_takane_6m] open today's live schedule at 2025-08-01
[sim_takane_6m] open today's live schedule at 2025-08-01
[sim_takane_6m] step=1225 iso=2025-08-01 display=Friday, August 1, 2025 19:20 stale=1174
[sim_takane_6m] open today's live schedule at 2025-08-01
[sim_takane_6m] open today's live schedule at 2025-08-01
[sim_takane_6m] open today's live schedule at 2025-08-01
[sim_takane_6m] open today's live schedule at 2025-08-01
[sim_takane_6m] open today's live schedule at 2025-08-01
[sim_takane_6m] open today's live schedule at 2025-08-01
[sim_takane_6m] stale buttons Friday, August 1, 2025 19:20 :: [{"text":"Main menu","disabled":false,"id":"btn-main-menu"},{"text":"Save game","disabled":false,"id":"btn-save"},{"text":"Load game","disabled":false,"id":"btn-load"},{"text":"New game","disabled":false,"id":"btn-new"},{"text":"Clear slot","disabled":false,"id":"btn-clear"},{"text":"‹","disabled":false,"id":""},{"text":"›","disabled":true,"id":""},{"text":"Friday, August 1, 2025 19:20","disabled":false,"id":"btn-goto-schedule"},{"text":"Next","disabled":false,"id":"btn-next-day"},{"text":"Inbox","disabled":false,"id":""},{"text":"Idols","disabled":false,"id":""},{"text":"Groups","disabled":false,"id":""},{"text":"Training","disabled":false,"id":""},{"text":"Schedule","disabled":false,"id":""},{"text":"Lives","disabled":false,"id":""},{"text":"Songs","disabled":false,"id":""},{"text":"Making","disabled":false,"id":""},{"text":"Media","disabled":false,"id":""},{"text":"Scout","disabled":false,"id":""},{"text":"Finances","disabled":false,"id":""},{"text":"Mark all read","disabled":true,"id":"btn-inbox-mark-all"},{"text":"* Today's live schedule\n        2025-08-01 - Assistant","disabled":false,"id":""},{"text":"Morning training ended\n        2025-07-31 - Training","disabled":false,"id":""},{"text":"Morning training ended\n        2025-07-30 - Training","disabled":false,"id":""},{"text":"Morning training ended\n        2025-07-29 - Training","disabled":false,"id":""},{"text":"Afternoon training ended\n        2025-07-28 - Training","disabled":false,"id":""},{"text":"Morning training ended\n        2025-07-28 - Training","disabled":false,"id":""},{"text":"Weekly news roundup\n        2025-07-28 - News","disabled":false,"id":""},{"text":"Morning training ended\n        2025-07-25 - Training","disabled":false,"id":""},{"text":"Morning training ended\n        2025-07-24 - Training","disabled":false,"id":""},{"text":"Morning training ended\n        2025-07-23 - Training","disabled":false,"id":""},{"text":"Morning training ended\n        2025-07-22 - Training","disabled":false,"id":""},{"text":"Morning training ended\n        2025-07-21 - Training","disabled":false,"id":""},{"text":"Weekly news roundup\n        2025-07-21 - News","disabled":false,"id":""},{"text":"Morning training ended\n        2025-07-18 - Training","disabled":false,"id":""},{"text":"Morning training ended\n        2025-07-17 - Training","disabled":false,"id":""},{"text":"Morning training ended\n        2025-07-16 - Training","disabled":false,"id":""},{"text":"Morning training ended\n        2025-07-15 - Training","disabled":false,"id":""},{"text":"Morning training ended\n        2025-07-14 - Training","disabled":false,"id":""},{"text":"Weekly news roundup\n        2025-07-14 - News","disabled":false,"id":""}]
[sim_takane_6m] open today's live schedule at 2025-08-01
[sim_takane_6m] open today's live schedule at 2025-08-01
[sim_takane_6m] open today's live schedule at 2025-08-01
[sim_takane_6m] open today's live schedule at 2025-08-01
[sim_takane_6m] open today's live schedule at 2025-08-01
[sim_takane_6m] open today's live schedule at 2025-08-01
[sim_takane_6m] open today's live schedule at 2025-08-01
[sim_takane_6m] open today's live schedule at 2025-08-01
[sim_takane_6m] open today's live schedule at 2025-08-01
[sim_takane_6m] open today's live schedule at 2025-08-01
[sim_takane_6m] open today's live schedule at 2025-08-01
[sim_takane_6m] open today's live schedule at 2025-08-01
[sim_takane_6m] open today's live schedule at 2025-08-01
[sim_takane_6m] open today's live schedule at 2025-08-01
[sim_takane_6m] open today's live schedule at 2025-08-01
[sim_takane_6m] open today's live schedule at 2025-08-01
[sim_takane_6m] open today's live schedule at 2025-08-01
[sim_takane_6m] open today's live schedule at 2025-08-01
[sim_takane_6m] open today's live schedule at 2025-08-01
[sim_takane_6m] step=1250 iso=2025-08-01 display=Friday, August 1, 2025 19:20 stale=1199
[sim_takane_6m] open today's live schedule at 2025-08-01
[sim_takane_6m] stale buttons Friday, August 1, 2025 19:20 :: [{"text":"Main menu","disabled":false,"id":"btn-main-menu"},{"text":"Save game","disabled":false,"id":"btn-save"},{"text":"Load game","disabled":false,"id":"btn-load"},{"text":"New game","disabled":false,"id":"btn-new"},{"text":"Clear slot","disabled":false,"id":"btn-clear"},{"text":"‹","disabled":false,"id":""},{"text":"›","disabled":true,"id":""},{"text":"Friday, August 1, 2025 19:20","disabled":false,"id":"btn-goto-schedule"},{"text":"Next","disabled":false,"id":"btn-next-day"},{"text":"Inbox","disabled":false,"id":""},{"text":"Idols","disabled":false,"id":""},{"text":"Groups","disabled":false,"id":""},{"text":"Training","disabled":false,"id":""},{"text":"Schedule","disabled":false,"id":""},{"text":"Lives","disabled":false,"id":""},{"text":"Songs","disabled":false,"id":""},{"text":"Making","disabled":false,"id":""},{"text":"Media","disabled":false,"id":""},{"text":"Scout","disabled":false,"id":""},{"text":"Finances","disabled":false,"id":""},{"text":"Mark all read","disabled":true,"id":"btn-inbox-mark-all"},{"text":"* Today's live schedule\n        2025-08-01 - Assistant","disabled":false,"id":""},{"text":"Morning training ended\n        2025-07-31 - Training","disabled":false,"id":""},{"text":"Morning training ended\n        2025-07-30 - Training","disabled":false,"id":""},{"text":"Morning training ended\n        2025-07-29 - Training","disabled":false,"id":""},{"text":"Afternoon training ended\n        2025-07-28 - Training","disabled":false,"id":""},{"text":"Morning training ended\n        2025-07-28 - Training","disabled":false,"id":""},{"text":"Weekly news roundup\n        2025-07-28 - News","disabled":false,"id":""},{"text":"Morning training ended\n        2025-07-25 - Training","disabled":false,"id":""},{"text":"Morning training ended\n        2025-07-24 - Training","disabled":false,"id":""},{"text":"Morning training ended\n        2025-07-23 - Training","disabled":false,"id":""},{"text":"Morning training ended\n        2025-07-22 - Training","disabled":false,"id":""},{"text":"Morning training ended\n        2025-07-21 - Training","disabled":false,"id":""},{"text":"Weekly news roundup\n        2025-07-21 - News","disabled":false,"id":""},{"text":"Morning training ended\n        2025-07-18 - Training","disabled":false,"id":""},{"text":"Morning training ended\n        2025-07-17 - Training","disabled":false,"id":""},{"text":"Morning training ended\n        2025-07-16 - Training","disabled":false,"id":""},{"text":"Morning training ended\n        2025-07-15 - Training","disabled":false,"id":""},{"text":"Morning training ended\n        2025-07-14 - Training","disabled":false,"id":""},{"text":"Weekly news roundup\n        2025-07-14 - News","disabled":false,"id":""}]
[sim_takane_6m] open today's live schedule at 2025-08-01
[sim_takane_6m] open today's live schedule at 2025-08-01
[sim_takane_6m] open today's live schedule at 2025-08-01
[sim_takane_6m] open today's live schedule at 2025-08-01
[sim_takane_6m] open today's live schedule at 2025-08-01
[sim_takane_6m] open today's live schedule at 2025-08-01
[sim_takane_6m] open today's live schedule at 2025-08-01
[sim_takane_6m] open today's live schedule at 2025-08-01
[sim_takane_6m] open today's live schedule at 2025-08-01
[sim_takane_6m] open today's live schedule at 2025-08-01
[sim_takane_6m] open today's live schedule at 2025-08-01
[sim_takane_6m] open today's live schedule at 2025-08-01
[sim_takane_6m] open today's live schedule at 2025-08-01
[sim_takane_6m] open today's live schedule at 2025-08-01
[sim_takane_6m] open today's live schedule at 2025-08-01
[sim_takane_6m] open today's live schedule at 2025-08-01
[sim_takane_6m] open today's live schedule at 2025-08-01
[sim_takane_6m] open today's live schedule at 2025-08-01
[sim_takane_6m] open today's live schedule at 2025-08-01
[sim_takane_6m] open today's live schedule at 2025-08-01
[sim_takane_6m] stale buttons Friday, August 1, 2025 19:20 :: [{"text":"Main menu","disabled":false,"id":"btn-main-menu"},{"text":"Save game","disabled":false,"id":"btn-save"},{"text":"Load game","disabled":false,"id":"btn-load"},{"text":"New game","disabled":false,"id":"btn-new"},{"text":"Clear slot","disabled":false,"id":"btn-clear"},{"text":"‹","disabled":false,"id":""},{"text":"›","disabled":true,"id":""},{"text":"Friday, August 1, 2025 19:20","disabled":false,"id":"btn-goto-schedule"},{"text":"Next","disabled":false,"id":"btn-next-day"},{"text":"Inbox","disabled":false,"id":""},{"text":"Idols","disabled":false,"id":""},{"text":"Groups","disabled":false,"id":""},{"text":"Training","disabled":false,"id":""},{"text":"Schedule","disabled":false,"id":""},{"text":"Lives","disabled":false,"id":""},{"text":"Songs","disabled":false,"id":""},{"text":"Making","disabled":false,"id":""},{"text":"Media","disabled":false,"id":""},{"text":"Scout","disabled":false,"id":""},{"text":"Finances","disabled":false,"id":""},{"text":"Mark all read","disabled":true,"id":"btn-inbox-mark-all"},{"text":"* Today's live schedule\n        2025-08-01 - Assistant","disabled":false,"id":""},{"text":"Morning training ended\n        2025-07-31 - Training","disabled":false,"id":""},{"text":"Morning training ended\n        2025-07-30 - Training","disabled":false,"id":""},{"text":"Morning training ended\n        2025-07-29 - Training","disabled":false,"id":""},{"text":"Afternoon training ended\n        2025-07-28 - Training","disabled":false,"id":""},{"text":"Morning training ended\n        2025-07-28 - Training","disabled":false,"id":""},{"text":"Weekly news roundup\n        2025-07-28 - News","disabled":false,"id":""},{"text":"Morning training ended\n        2025-07-25 - Training","disabled":false,"id":""},{"text":"Morning training ended\n        2025-07-24 - Training","disabled":false,"id":""},{"text":"Morning training ended\n        2025-07-23 - Training","disabled":false,"id":""},{"text":"Morning training ended\n        2025-07-22 - Training","disabled":false,"id":""},{"text":"Morning training ended\n        2025-07-21 - Training","disabled":false,"id":""},{"text":"Weekly news roundup\n        2025-07-21 - News","disabled":false,"id":""},{"text":"Morning training ended\n        2025-07-18 - Training","disabled":false,"id":""},{"text":"Morning training ended\n        2025-07-17 - Training","disabled":false,"id":""},{"text":"Morning training ended\n        2025-07-16 - Training","disabled":false,"id":""},{"text":"Morning training ended\n        2025-07-15 - Training","disabled":false,"id":""},{"text":"Morning training ended\n        2025-07-14 - Training","disabled":false,"id":""},{"text":"Weekly news roundup\n        2025-07-14 - News","disabled":false,"id":""}]
[sim_takane_6m] open today's live schedule at 2025-08-01
[sim_takane_6m] open today's live schedule at 2025-08-01
[sim_takane_6m] open today's live schedule at 2025-08-01
[sim_takane_6m] open today's live schedule at 2025-08-01
[sim_takane_6m] step=1275 iso=2025-08-01 display=Friday, August 1, 2025 19:20 stale=1224
[sim_takane_6m] open today's live schedule at 2025-08-01
[sim_takane_6m] open today's live schedule at 2025-08-01
[sim_takane_6m] open today's live schedule at 2025-08-01
[sim_takane_6m] open today's live schedule at 2025-08-01
[sim_takane_6m] open today's live schedule at 2025-08-01
[sim_takane_6m] open today's live schedule at 2025-08-01
[sim_takane_6m] open today's live schedule at 2025-08-01
[sim_takane_6m] open today's live schedule at 2025-08-01
[sim_takane_6m] open today's live schedule at 2025-08-01
[sim_takane_6m] open today's live schedule at 2025-08-01
[sim_takane_6m] open today's live schedule at 2025-08-01
[sim_takane_6m] open today's live schedule at 2025-08-01
[sim_takane_6m] open today's live schedule at 2025-08-01
[sim_takane_6m] open today's live schedule at 2025-08-01
[sim_takane_6m] open today's live schedule at 2025-08-01
[sim_takane_6m] open today's live schedule at 2025-08-01
[sim_takane_6m] stale buttons Friday, August 1, 2025 19:20 :: [{"text":"Main menu","disabled":false,"id":"btn-main-menu"},{"text":"Save game","disabled":false,"id":"btn-save"},{"text":"Load game","disabled":false,"id":"btn-load"},{"text":"New game","disabled":false,"id":"btn-new"},{"text":"Clear slot","disabled":false,"id":"btn-clear"},{"text":"‹","disabled":false,"id":""},{"text":"›","disabled":true,"id":""},{"text":"Friday, August 1, 2025 19:20","disabled":false,"id":"btn-goto-schedule"},{"text":"Next","disabled":false,"id":"btn-next-day"},{"text":"Inbox","disabled":false,"id":""},{"text":"Idols","disabled":false,"id":""},{"text":"Groups","disabled":false,"id":""},{"text":"Training","disabled":false,"id":""},{"text":"Schedule","disabled":false,"id":""},{"text":"Lives","disabled":false,"id":""},{"text":"Songs","disabled":false,"id":""},{"text":"Making","disabled":false,"id":""},{"text":"Media","disabled":false,"id":""},{"text":"Scout","disabled":false,"id":""},{"text":"Finances","disabled":false,"id":""},{"text":"Mark all read","disabled":true,"id":"btn-inbox-mark-all"},{"text":"* Today's live schedule\n        2025-08-01 - Assistant","disabled":false,"id":""},{"text":"Morning training ended\n        2025-07-31 - Training","disabled":false,"id":""},{"text":"Morning training ended\n        2025-07-30 - Training","disabled":false,"id":""},{"text":"Morning training ended\n        2025-07-29 - Training","disabled":false,"id":""},{"text":"Afternoon training ended\n        2025-07-28 - Training","disabled":false,"id":""},{"text":"Morning training ended\n        2025-07-28 - Training","disabled":false,"id":""},{"text":"Weekly news roundup\n        2025-07-28 - News","disabled":false,"id":""},{"text":"Morning training ended\n        2025-07-25 - Training","disabled":false,"id":""},{"text":"Morning training ended\n        2025-07-24 - Training","disabled":false,"id":""},{"text":"Morning training ended\n        2025-07-23 - Training","disabled":false,"id":""},{"text":"Morning training ended\n        2025-07-22 - Training","disabled":false,"id":""},{"text":"Morning training ended\n        2025-07-21 - Training","disabled":false,"id":""},{"text":"Weekly news roundup\n        2025-07-21 - News","disabled":false,"id":""},{"text":"Morning training ended\n        2025-07-18 - Training","disabled":false,"id":""},{"text":"Morning training ended\n        2025-07-17 - Training","disabled":false,"id":""},{"text":"Morning training ended\n        2025-07-16 - Training","disabled":false,"id":""},{"text":"Morning training ended\n        2025-07-15 - Training","disabled":false,"id":""},{"text":"Morning training ended\n        2025-07-14 - Training","disabled":false,"id":""},{"text":"Weekly news roundup\n        2025-07-14 - News","disabled":false,"id":""}]
[sim_takane_6m] open today's live schedule at 2025-08-01
[sim_takane_6m] open today's live schedule at 2025-08-01
[sim_takane_6m] open today's live schedule at 2025-08-01
[sim_takane_6m] open today's live schedule at 2025-08-01
[sim_takane_6m] open today's live schedule at 2025-08-01
[sim_takane_6m] open today's live schedule at 2025-08-01
[sim_takane_6m] open today's live schedule at 2025-08-01
[sim_takane_6m] open today's live schedule at 2025-08-01
[sim_takane_6m] open today's live schedule at 2025-08-01
[sim_takane_6m] step=1300 iso=2025-08-01 display=Friday, August 1, 2025 19:20 stale=1249
[sim_takane_6m] open today's live schedule at 2025-08-01
[sim_takane_6m] open today's live schedule at 2025-08-01
[sim_takane_6m] open today's live schedule at 2025-08-01
[sim_takane_6m] open today's live schedule at 2025-08-01
[sim_takane_6m] open today's live schedule at 2025-08-01
[sim_takane_6m] open today's live schedule at 2025-08-01
[sim_takane_6m] open today's live schedule at 2025-08-01
[sim_takane_6m] open today's live schedule at 2025-08-01
[sim_takane_6m] open today's live schedule at 2025-08-01
[sim_takane_6m] open today's live schedule at 2025-08-01
[sim_takane_6m] open today's live schedule at 2025-08-01
[sim_takane_6m] stale buttons Friday, August 1, 2025 19:20 :: [{"text":"Main menu","disabled":false,"id":"btn-main-menu"},{"text":"Save game","disabled":false,"id":"btn-save"},{"text":"Load game","disabled":false,"id":"btn-load"},{"text":"New game","disabled":false,"id":"btn-new"},{"text":"Clear slot","disabled":false,"id":"btn-clear"},{"text":"‹","disabled":false,"id":""},{"text":"›","disabled":true,"id":""},{"text":"Friday, August 1, 2025 19:20","disabled":false,"id":"btn-goto-schedule"},{"text":"Next","disabled":false,"id":"btn-next-day"},{"text":"Inbox","disabled":false,"id":""},{"text":"Idols","disabled":false,"id":""},{"text":"Groups","disabled":false,"id":""},{"text":"Training","disabled":false,"id":""},{"text":"Schedule","disabled":false,"id":""},{"text":"Lives","disabled":false,"id":""},{"text":"Songs","disabled":false,"id":""},{"text":"Making","disabled":false,"id":""},{"text":"Media","disabled":false,"id":""},{"text":"Scout","disabled":false,"id":""},{"text":"Finances","disabled":false,"id":""},{"text":"Mark all read","disabled":true,"id":"btn-inbox-mark-all"},{"text":"* Today's live schedule\n        2025-08-01 - Assistant","disabled":false,"id":""},{"text":"Morning training ended\n        2025-07-31 - Training","disabled":false,"id":""},{"text":"Morning training ended\n        2025-07-30 - Training","disabled":false,"id":""},{"text":"Morning training ended\n        2025-07-29 - Training","disabled":false,"id":""},{"text":"Afternoon training ended\n        2025-07-28 - Training","disabled":false,"id":""},{"text":"Morning training ended\n        2025-07-28 - Training","disabled":false,"id":""},{"text":"Weekly news roundup\n        2025-07-28 - News","disabled":false,"id":""},{"text":"Morning training ended\n        2025-07-25 - Training","disabled":false,"id":""},{"text":"Morning training ended\n        2025-07-24 - Training","disabled":false,"id":""},{"text":"Morning training ended\n        2025-07-23 - Training","disabled":false,"id":""},{"text":"Morning training ended\n        2025-07-22 - Training","disabled":false,"id":""},{"text":"Morning training ended\n        2025-07-21 - Training","disabled":false,"id":""},{"text":"Weekly news roundup\n        2025-07-21 - News","disabled":false,"id":""},{"text":"Morning training ended\n        2025-07-18 - Training","disabled":false,"id":""},{"text":"Morning training ended\n        2025-07-17 - Training","disabled":false,"id":""},{"text":"Morning training ended\n        2025-07-16 - Training","disabled":false,"id":""},{"text":"Morning training ended\n        2025-07-15 - Training","disabled":false,"id":""},{"text":"Morning training ended\n        2025-07-14 - Training","disabled":false,"id":""},{"text":"Weekly news roundup\n        2025-07-14 - News","disabled":false,"id":""}]
[sim_takane_6m] open today's live schedule at 2025-08-01
[sim_takane_6m] open today's live schedule at 2025-08-01
[sim_takane_6m] open today's live schedule at 2025-08-01
[sim_takane_6m] open today's live schedule at 2025-08-01
[sim_takane_6m] open today's live schedule at 2025-08-01
[sim_takane_6m] open today's live schedule at 2025-08-01
[sim_takane_6m] open today's live schedule at 2025-08-01
[sim_takane_6m] open today's live schedule at 2025-08-01
[sim_takane_6m] open today's live schedule at 2025-08-01
[sim_takane_6m] open today's live schedule at 2025-08-01
[sim_takane_6m] open today's live schedule at 2025-08-01
[sim_takane_6m] open today's live schedule at 2025-08-01
[sim_takane_6m] open today's live schedule at 2025-08-01
[sim_takane_6m] open today's live schedule at 2025-08-01
[sim_takane_6m] step=1325 iso=2025-08-01 display=Friday, August 1, 2025 19:20 stale=1274
[sim_takane_6m] open today's live schedule at 2025-08-01
[sim_takane_6m] open today's live schedule at 2025-08-01
[sim_takane_6m] open today's live schedule at 2025-08-01
[sim_takane_6m] open today's live schedule at 2025-08-01
[sim_takane_6m] open today's live schedule at 2025-08-01
[sim_takane_6m] open today's live schedule at 2025-08-01
[sim_takane_6m] stale buttons Friday, August 1, 2025 19:20 :: [{"text":"Main menu","disabled":false,"id":"btn-main-menu"},{"text":"Save game","disabled":false,"id":"btn-save"},{"text":"Load game","disabled":false,"id":"btn-load"},{"text":"New game","disabled":false,"id":"btn-new"},{"text":"Clear slot","disabled":false,"id":"btn-clear"},{"text":"‹","disabled":false,"id":""},{"text":"›","disabled":true,"id":""},{"text":"Friday, August 1, 2025 19:20","disabled":false,"id":"btn-goto-schedule"},{"text":"Next","disabled":false,"id":"btn-next-day"},{"text":"Inbox","disabled":false,"id":""},{"text":"Idols","disabled":false,"id":""},{"text":"Groups","disabled":false,"id":""},{"text":"Training","disabled":false,"id":""},{"text":"Schedule","disabled":false,"id":""},{"text":"Lives","disabled":false,"id":""},{"text":"Songs","disabled":false,"id":""},{"text":"Making","disabled":false,"id":""},{"text":"Media","disabled":false,"id":""},{"text":"Scout","disabled":false,"id":""},{"text":"Finances","disabled":false,"id":""},{"text":"Mark all read","disabled":true,"id":"btn-inbox-mark-all"},{"text":"* Today's live schedule\n        2025-08-01 - Assistant","disabled":false,"id":""},{"text":"Morning training ended\n        2025-07-31 - Training","disabled":false,"id":""},{"text":"Morning training ended\n        2025-07-30 - Training","disabled":false,"id":""},{"text":"Morning training ended\n        2025-07-29 - Training","disabled":false,"id":""},{"text":"Afternoon training ended\n        2025-07-28 - Training","disabled":false,"id":""},{"text":"Morning training ended\n        2025-07-28 - Training","disabled":false,"id":""},{"text":"Weekly news roundup\n        2025-07-28 - News","disabled":false,"id":""},{"text":"Morning training ended\n        2025-07-25 - Training","disabled":false,"id":""},{"text":"Morning training ended\n        2025-07-24 - Training","disabled":false,"id":""},{"text":"Morning training ended\n        2025-07-23 - Training","disabled":false,"id":""},{"text":"Morning training ended\n        2025-07-22 - Training","disabled":false,"id":""},{"text":"Morning training ended\n        2025-07-21 - Training","disabled":false,"id":""},{"text":"Weekly news roundup\n        2025-07-21 - News","disabled":false,"id":""},{"text":"Morning training ended\n        2025-07-18 - Training","disabled":false,"id":""},{"text":"Morning training ended\n        2025-07-17 - Training","disabled":false,"id":""},{"text":"Morning training ended\n        2025-07-16 - Training","disabled":false,"id":""},{"text":"Morning training ended\n        2025-07-15 - Training","disabled":false,"id":""},{"text":"Morning training ended\n        2025-07-14 - Training","disabled":false,"id":""},{"text":"Weekly news roundup\n        2025-07-14 - News","disabled":false,"id":""}]
[sim_takane_6m] open today's live schedule at 2025-08-01
[sim_takane_6m] open today's live schedule at 2025-08-01
[sim_takane_6m] open today's live schedule at 2025-08-01
[sim_takane_6m] open today's live schedule at 2025-08-01
[sim_takane_6m] open today's live schedule at 2025-08-01
[sim_takane_6m] open today's live schedule at 2025-08-01
[sim_takane_6m] open today's live schedule at 2025-08-01
[sim_takane_6m] open today's live schedule at 2025-08-01
[sim_takane_6m] open today's live schedule at 2025-08-01
[sim_takane_6m] open today's live schedule at 2025-08-01
[sim_takane_6m] open today's live schedule at 2025-08-01
[sim_takane_6m] open today's live schedule at 2025-08-01
[sim_takane_6m] open today's live schedule at 2025-08-01
[sim_takane_6m] open today's live schedule at 2025-08-01
[sim_takane_6m] open today's live schedule at 2025-08-01
[sim_takane_6m] open today's live schedule at 2025-08-01
[sim_takane_6m] open today's live schedule at 2025-08-01
[sim_takane_6m] open today's live schedule at 2025-08-01
[sim_takane_6m] open today's live schedule at 2025-08-01
[sim_takane_6m] step=1350 iso=2025-08-01 display=Friday, August 1, 2025 19:20 stale=1299
[sim_takane_6m] open today's live schedule at 2025-08-01
[sim_takane_6m] stale buttons Friday, August 1, 2025 19:20 :: [{"text":"Main menu","disabled":false,"id":"btn-main-menu"},{"text":"Save game","disabled":false,"id":"btn-save"},{"text":"Load game","disabled":false,"id":"btn-load"},{"text":"New game","disabled":false,"id":"btn-new"},{"text":"Clear slot","disabled":false,"id":"btn-clear"},{"text":"‹","disabled":false,"id":""},{"text":"›","disabled":true,"id":""},{"text":"Friday, August 1, 2025 19:20","disabled":false,"id":"btn-goto-schedule"},{"text":"Next","disabled":false,"id":"btn-next-day"},{"text":"Inbox","disabled":false,"id":""},{"text":"Idols","disabled":false,"id":""},{"text":"Groups","disabled":false,"id":""},{"text":"Training","disabled":false,"id":""},{"text":"Schedule","disabled":false,"id":""},{"text":"Lives","disabled":false,"id":""},{"text":"Songs","disabled":false,"id":""},{"text":"Making","disabled":false,"id":""},{"text":"Media","disabled":false,"id":""},{"text":"Scout","disabled":false,"id":""},{"text":"Finances","disabled":false,"id":""},{"text":"Mark all read","disabled":true,"id":"btn-inbox-mark-all"},{"text":"* Today's live schedule\n        2025-08-01 - Assistant","disabled":false,"id":""},{"text":"Morning training ended\n        2025-07-31 - Training","disabled":false,"id":""},{"text":"Morning training ended\n        2025-07-30 - Training","disabled":false,"id":""},{"text":"Morning training ended\n        2025-07-29 - Training","disabled":false,"id":""},{"text":"Afternoon training ended\n        2025-07-28 - Training","disabled":false,"id":""},{"text":"Morning training ended\n        2025-07-28 - Training","disabled":false,"id":""},{"text":"Weekly news roundup\n        2025-07-28 - News","disabled":false,"id":""},{"text":"Morning training ended\n        2025-07-25 - Training","disabled":false,"id":""},{"text":"Morning training ended\n        2025-07-24 - Training","disabled":false,"id":""},{"text":"Morning training ended\n        2025-07-23 - Training","disabled":false,"id":""},{"text":"Morning training ended\n        2025-07-22 - Training","disabled":false,"id":""},{"text":"Morning training ended\n        2025-07-21 - Training","disabled":false,"id":""},{"text":"Weekly news roundup\n        2025-07-21 - News","disabled":false,"id":""},{"text":"Morning training ended\n        2025-07-18 - Training","disabled":false,"id":""},{"text":"Morning training ended\n        2025-07-17 - Training","disabled":false,"id":""},{"text":"Morning training ended\n        2025-07-16 - Training","disabled":false,"id":""},{"text":"Morning training ended\n        2025-07-15 - Training","disabled":false,"id":""},{"text":"Morning training ended\n        2025-07-14 - Training","disabled":false,"id":""},{"text":"Weekly news roundup\n        2025-07-14 - News","disabled":false,"id":""}]
[sim_takane_6m] open today's live schedule at 2025-08-01
[sim_takane_6m] open today's live schedule at 2025-08-01
[sim_takane_6m] open today's live schedule at 2025-08-01
[sim_takane_6m] open today's live schedule at 2025-08-01
[sim_takane_6m] open today's live schedule at 2025-08-01
[sim_takane_6m] open today's live schedule at 2025-08-01
[sim_takane_6m] open today's live schedule at 2025-08-01
[sim_takane_6m] open today's live schedule at 2025-08-01
[sim_takane_6m] open today's live schedule at 2025-08-01
[sim_takane_6m] open today's live schedule at 2025-08-01
[sim_takane_6m] open today's live schedule at 2025-08-01
[sim_takane_6m] open today's live schedule at 2025-08-01
[sim_takane_6m] open today's live schedule at 2025-08-01
[sim_takane_6m] open today's live schedule at 2025-08-01
[sim_takane_6m] open today's live schedule at 2025-08-01
[sim_takane_6m] open today's live schedule at 2025-08-01
[sim_takane_6m] open today's live schedule at 2025-08-01
[sim_takane_6m] open today's live schedule at 2025-08-01
[sim_takane_6m] open today's live schedule at 2025-08-01
[sim_takane_6m] open today's live schedule at 2025-08-01
[sim_takane_6m] stale buttons Friday, August 1, 2025 19:20 :: [{"text":"Main menu","disabled":false,"id":"btn-main-menu"},{"text":"Save game","disabled":false,"id":"btn-save"},{"text":"Load game","disabled":false,"id":"btn-load"},{"text":"New game","disabled":false,"id":"btn-new"},{"text":"Clear slot","disabled":false,"id":"btn-clear"},{"text":"‹","disabled":false,"id":""},{"text":"›","disabled":true,"id":""},{"text":"Friday, August 1, 2025 19:20","disabled":false,"id":"btn-goto-schedule"},{"text":"Next","disabled":false,"id":"btn-next-day"},{"text":"Inbox","disabled":false,"id":""},{"text":"Idols","disabled":false,"id":""},{"text":"Groups","disabled":false,"id":""},{"text":"Training","disabled":false,"id":""},{"text":"Schedule","disabled":false,"id":""},{"text":"Lives","disabled":false,"id":""},{"text":"Songs","disabled":false,"id":""},{"text":"Making","disabled":false,"id":""},{"text":"Media","disabled":false,"id":""},{"text":"Scout","disabled":false,"id":""},{"text":"Finances","disabled":false,"id":""},{"text":"Mark all read","disabled":true,"id":"btn-inbox-mark-all"},{"text":"* Today's live schedule\n        2025-08-01 - Assistant","disabled":false,"id":""},{"text":"Morning training ended\n        2025-07-31 - Training","disabled":false,"id":""},{"text":"Morning training ended\n        2025-07-30 - Training","disabled":false,"id":""},{"text":"Morning training ended\n        2025-07-29 - Training","disabled":false,"id":""},{"text":"Afternoon training ended\n        2025-07-28 - Training","disabled":false,"id":""},{"text":"Morning training ended\n        2025-07-28 - Training","disabled":false,"id":""},{"text":"Weekly news roundup\n        2025-07-28 - News","disabled":false,"id":""},{"text":"Morning training ended\n        2025-07-25 - Training","disabled":false,"id":""},{"text":"Morning training ended\n        2025-07-24 - Training","disabled":false,"id":""},{"text":"Morning training ended\n        2025-07-23 - Training","disabled":false,"id":""},{"text":"Morning training ended\n        2025-07-22 - Training","disabled":false,"id":""},{"text":"Morning training ended\n        2025-07-21 - Training","disabled":false,"id":""},{"text":"Weekly news roundup\n        2025-07-21 - News","disabled":false,"id":""},{"text":"Morning training ended\n        2025-07-18 - Training","disabled":false,"id":""},{"text":"Morning training ended\n        2025-07-17 - Training","disabled":false,"id":""},{"text":"Morning training ended\n        2025-07-16 - Training","disabled":false,"id":""},{"text":"Morning training ended\n        2025-07-15 - Training","disabled":false,"id":""},{"text":"Morning training ended\n        2025-07-14 - Training","disabled":false,"id":""},{"text":"Weekly news roundup\n        2025-07-14 - News","disabled":false,"id":""}]
[sim_takane_6m] open today's live schedule at 2025-08-01
[sim_takane_6m] open today's live schedule at 2025-08-01
[sim_takane_6m] open today's live schedule at 2025-08-01
[sim_takane_6m] open today's live schedule at 2025-08-01
[sim_takane_6m] step=1375 iso=2025-08-01 display=Friday, August 1, 2025 19:20 stale=1324
[sim_takane_6m] open today's live schedule at 2025-08-01
[sim_takane_6m] open today's live schedule at 2025-08-01
[sim_takane_6m] open today's live schedule at 2025-08-01
[sim_takane_6m] open today's live schedule at 2025-08-01
[sim_takane_6m] open today's live schedule at 2025-08-01
[sim_takane_6m] open today's live schedule at 2025-08-01
[sim_takane_6m] open today's live schedule at 2025-08-01
[sim_takane_6m] open today's live schedule at 2025-08-01
[sim_takane_6m] open today's live schedule at 2025-08-01
[sim_takane_6m] open today's live schedule at 2025-08-01
[sim_takane_6m] open today's live schedule at 2025-08-01
[sim_takane_6m] open today's live schedule at 2025-08-01
[sim_takane_6m] open today's live schedule at 2025-08-01
[sim_takane_6m] open today's live schedule at 2025-08-01
[sim_takane_6m] open today's live schedule at 2025-08-01
[sim_takane_6m] open today's live schedule at 2025-08-01
[sim_takane_6m] stale buttons Friday, August 1, 2025 19:20 :: [{"text":"Main menu","disabled":false,"id":"btn-main-menu"},{"text":"Save game","disabled":false,"id":"btn-save"},{"text":"Load game","disabled":false,"id":"btn-load"},{"text":"New game","disabled":false,"id":"btn-new"},{"text":"Clear slot","disabled":false,"id":"btn-clear"},{"text":"‹","disabled":false,"id":""},{"text":"›","disabled":true,"id":""},{"text":"Friday, August 1, 2025 19:20","disabled":false,"id":"btn-goto-schedule"},{"text":"Next","disabled":false,"id":"btn-next-day"},{"text":"Inbox","disabled":false,"id":""},{"text":"Idols","disabled":false,"id":""},{"text":"Groups","disabled":false,"id":""},{"text":"Training","disabled":false,"id":""},{"text":"Schedule","disabled":false,"id":""},{"text":"Lives","disabled":false,"id":""},{"text":"Songs","disabled":false,"id":""},{"text":"Making","disabled":false,"id":""},{"text":"Media","disabled":false,"id":""},{"text":"Scout","disabled":false,"id":""},{"text":"Finances","disabled":false,"id":""},{"text":"Mark all read","disabled":true,"id":"btn-inbox-mark-all"},{"text":"* Today's live schedule\n        2025-08-01 - Assistant","disabled":false,"id":""},{"text":"Morning training ended\n        2025-07-31 - Training","disabled":false,"id":""},{"text":"Morning training ended\n        2025-07-30 - Training","disabled":false,"id":""},{"text":"Morning training ended\n        2025-07-29 - Training","disabled":false,"id":""},{"text":"Afternoon training ended\n        2025-07-28 - Training","disabled":false,"id":""},{"text":"Morning training ended\n        2025-07-28 - Training","disabled":false,"id":""},{"text":"Weekly news roundup\n        2025-07-28 - News","disabled":false,"id":""},{"text":"Morning training ended\n        2025-07-25 - Training","disabled":false,"id":""},{"text":"Morning training ended\n        2025-07-24 - Training","disabled":false,"id":""},{"text":"Morning training ended\n        2025-07-23 - Training","disabled":false,"id":""},{"text":"Morning training ended\n        2025-07-22 - Training","disabled":false,"id":""},{"text":"Morning training ended\n        2025-07-21 - Training","disabled":false,"id":""},{"text":"Weekly news roundup\n        2025-07-21 - News","disabled":false,"id":""},{"text":"Morning training ended\n        2025-07-18 - Training","disabled":false,"id":""},{"text":"Morning training ended\n        2025-07-17 - Training","disabled":false,"id":""},{"text":"Morning training ended\n        2025-07-16 - Training","disabled":false,"id":""},{"text":"Morning training ended\n        2025-07-15 - Training","disabled":false,"id":""},{"text":"Morning training ended\n        2025-07-14 - Training","disabled":false,"id":""},{"text":"Weekly news roundup\n        2025-07-14 - News","disabled":false,"id":""}]
[sim_takane_6m] open today's live schedule at 2025-08-01
[sim_takane_6m] open today's live schedule at 2025-08-01
[sim_takane_6m] open today's live schedule at 2025-08-01
[sim_takane_6m] open today's live schedule at 2025-08-01
[sim_takane_6m] open today's live schedule at 2025-08-01
[sim_takane_6m] open today's live schedule at 2025-08-01
[sim_takane_6m] open today's live schedule at 2025-08-01
[sim_takane_6m] open today's live schedule at 2025-08-01
[sim_takane_6m] open today's live schedule at 2025-08-01
[sim_takane_6m] step=1400 iso=2025-08-01 display=Friday, August 1, 2025 19:20 stale=1349
[sim_takane_6m] open today's live schedule at 2025-08-01
[sim_takane_6m] open today's live schedule at 2025-08-01
[sim_takane_6m] open today's live schedule at 2025-08-01
[sim_takane_6m] open today's live schedule at 2025-08-01
[sim_takane_6m] open today's live schedule at 2025-08-01
[sim_takane_6m] open today's live schedule at 2025-08-01
[sim_takane_6m] open today's live schedule at 2025-08-01
[sim_takane_6m] open today's live schedule at 2025-08-01
[sim_takane_6m] open today's live schedule at 2025-08-01
[sim_takane_6m] open today's live schedule at 2025-08-01
[sim_takane_6m] open today's live schedule at 2025-08-01
[sim_takane_6m] stale buttons Friday, August 1, 2025 19:20 :: [{"text":"Main menu","disabled":false,"id":"btn-main-menu"},{"text":"Save game","disabled":false,"id":"btn-save"},{"text":"Load game","disabled":false,"id":"btn-load"},{"text":"New game","disabled":false,"id":"btn-new"},{"text":"Clear slot","disabled":false,"id":"btn-clear"},{"text":"‹","disabled":false,"id":""},{"text":"›","disabled":true,"id":""},{"text":"Friday, August 1, 2025 19:20","disabled":false,"id":"btn-goto-schedule"},{"text":"Next","disabled":false,"id":"btn-next-day"},{"text":"Inbox","disabled":false,"id":""},{"text":"Idols","disabled":false,"id":""},{"text":"Groups","disabled":false,"id":""},{"text":"Training","disabled":false,"id":""},{"text":"Schedule","disabled":false,"id":""},{"text":"Lives","disabled":false,"id":""},{"text":"Songs","disabled":false,"id":""},{"text":"Making","disabled":false,"id":""},{"text":"Media","disabled":false,"id":""},{"text":"Scout","disabled":false,"id":""},{"text":"Finances","disabled":false,"id":""},{"text":"Mark all read","disabled":true,"id":"btn-inbox-mark-all"},{"text":"* Today's live schedule\n        2025-08-01 - Assistant","disabled":false,"id":""},{"text":"Morning training ended\n        2025-07-31 - Training","disabled":false,"id":""},{"text":"Morning training ended\n        2025-07-30 - Training","disabled":false,"id":""},{"text":"Morning training ended\n        2025-07-29 - Training","disabled":false,"id":""},{"text":"Afternoon training ended\n        2025-07-28 - Training","disabled":false,"id":""},{"text":"Morning training ended\n        2025-07-28 - Training","disabled":false,"id":""},{"text":"Weekly news roundup\n        2025-07-28 - News","disabled":false,"id":""},{"text":"Morning training ended\n        2025-07-25 - Training","disabled":false,"id":""},{"text":"Morning training ended\n        2025-07-24 - Training","disabled":false,"id":""},{"text":"Morning training ended\n        2025-07-23 - Training","disabled":false,"id":""},{"text":"Morning training ended\n        2025-07-22 - Training","disabled":false,"id":""},{"text":"Morning training ended\n        2025-07-21 - Training","disabled":false,"id":""},{"text":"Weekly news roundup\n        2025-07-21 - News","disabled":false,"id":""},{"text":"Morning training ended\n        2025-07-18 - Training","disabled":false,"id":""},{"text":"Morning training ended\n        2025-07-17 - Training","disabled":false,"id":""},{"text":"Morning training ended\n        2025-07-16 - Training","disabled":false,"id":""},{"text":"Morning training ended\n        2025-07-15 - Training","disabled":false,"id":""},{"text":"Morning training ended\n        2025-07-14 - Training","disabled":false,"id":""},{"text":"Weekly news roundup\n        2025-07-14 - News","disabled":false,"id":""}]
[sim_takane_6m] open today's live schedule at 2025-08-01
[sim_takane_6m] open today's live schedule at 2025-08-01
[sim_takane_6m] open today's live schedule at 2025-08-01
[sim_takane_6m] open today's live schedule at 2025-08-01
[sim_takane_6m] open today's live schedule at 2025-08-01
[sim_takane_6m] open today's live schedule at 2025-08-01
[sim_takane_6m] open today's live schedule at 2025-08-01
[sim_takane_6m] open today's live schedule at 2025-08-01
[sim_takane_6m] open today's live schedule at 2025-08-01
[sim_takane_6m] open today's live schedule at 2025-08-01
[sim_takane_6m] open today's live schedule at 2025-08-01
[sim_takane_6m] open today's live schedule at 2025-08-01
[sim_takane_6m] open today's live schedule at 2025-08-01
[sim_takane_6m] open today's live schedule at 2025-08-01
[sim_takane_6m] step=1425 iso=2025-08-01 display=Friday, August 1, 2025 19:20 stale=1374
[sim_takane_6m] open today's live schedule at 2025-08-01
[sim_takane_6m] open today's live schedule at 2025-08-01
[sim_takane_6m] open today's live schedule at 2025-08-01
[sim_takane_6m] open today's live schedule at 2025-08-01
[sim_takane_6m] open today's live schedule at 2025-08-01
[sim_takane_6m] open today's live schedule at 2025-08-01
[sim_takane_6m] stale buttons Friday, August 1, 2025 19:20 :: [{"text":"Main menu","disabled":false,"id":"btn-main-menu"},{"text":"Save game","disabled":false,"id":"btn-save"},{"text":"Load game","disabled":false,"id":"btn-load"},{"text":"New game","disabled":false,"id":"btn-new"},{"text":"Clear slot","disabled":false,"id":"btn-clear"},{"text":"‹","disabled":false,"id":""},{"text":"›","disabled":true,"id":""},{"text":"Friday, August 1, 2025 19:20","disabled":false,"id":"btn-goto-schedule"},{"text":"Next","disabled":false,"id":"btn-next-day"},{"text":"Inbox","disabled":false,"id":""},{"text":"Idols","disabled":false,"id":""},{"text":"Groups","disabled":false,"id":""},{"text":"Training","disabled":false,"id":""},{"text":"Schedule","disabled":false,"id":""},{"text":"Lives","disabled":false,"id":""},{"text":"Songs","disabled":false,"id":""},{"text":"Making","disabled":false,"id":""},{"text":"Media","disabled":false,"id":""},{"text":"Scout","disabled":false,"id":""},{"text":"Finances","disabled":false,"id":""},{"text":"Mark all read","disabled":true,"id":"btn-inbox-mark-all"},{"text":"* Today's live schedule\n        2025-08-01 - Assistant","disabled":false,"id":""},{"text":"Morning training ended\n        2025-07-31 - Training","disabled":false,"id":""},{"text":"Morning training ended\n        2025-07-30 - Training","disabled":false,"id":""},{"text":"Morning training ended\n        2025-07-29 - Training","disabled":false,"id":""},{"text":"Afternoon training ended\n        2025-07-28 - Training","disabled":false,"id":""},{"text":"Morning training ended\n        2025-07-28 - Training","disabled":false,"id":""},{"text":"Weekly news roundup\n        2025-07-28 - News","disabled":false,"id":""},{"text":"Morning training ended\n        2025-07-25 - Training","disabled":false,"id":""},{"text":"Morning training ended\n        2025-07-24 - Training","disabled":false,"id":""},{"text":"Morning training ended\n        2025-07-23 - Training","disabled":false,"id":""},{"text":"Morning training ended\n        2025-07-22 - Training","disabled":false,"id":""},{"text":"Morning training ended\n        2025-07-21 - Training","disabled":false,"id":""},{"text":"Weekly news roundup\n        2025-07-21 - News","disabled":false,"id":""},{"text":"Morning training ended\n        2025-07-18 - Training","disabled":false,"id":""},{"text":"Morning training ended\n        2025-07-17 - Training","disabled":false,"id":""},{"text":"Morning training ended\n        2025-07-16 - Training","disabled":false,"id":""},{"text":"Morning training ended\n        2025-07-15 - Training","disabled":false,"id":""},{"text":"Morning training ended\n        2025-07-14 - Training","disabled":false,"id":""},{"text":"Weekly news roundup\n        2025-07-14 - News","disabled":false,"id":""}]
[sim_takane_6m] open today's live schedule at 2025-08-01
[sim_takane_6m] open today's live schedule at 2025-08-01
[sim_takane_6m] open today's live schedule at 2025-08-01
[sim_takane_6m] open today's live schedule at 2025-08-01
[sim_takane_6m] open today's live schedule at 2025-08-01
[sim_takane_6m] open today's live schedule at 2025-08-01
[sim_takane_6m] open today's live schedule at 2025-08-01
[sim_takane_6m] open today's live schedule at 2025-08-01
[sim_takane_6m] open today's live schedule at 2025-08-01
[sim_takane_6m] open today's live schedule at 2025-08-01
[sim_takane_6m] open today's live schedule at 2025-08-01
[sim_takane_6m] open today's live schedule at 2025-08-01
[sim_takane_6m] open today's live schedule at 2025-08-01
[sim_takane_6m] open today's live schedule at 2025-08-01
[sim_takane_6m] open today's live schedule at 2025-08-01
[sim_takane_6m] open today's live schedule at 2025-08-01
[sim_takane_6m] open today's live schedule at 2025-08-01
[sim_takane_6m] open today's live schedule at 2025-08-01
[sim_takane_6m] open today's live schedule at 2025-08-01
[sim_takane_6m] step=1450 iso=2025-08-01 display=Friday, August 1, 2025 19:20 stale=1399
[sim_takane_6m] open today's live schedule at 2025-08-01
[sim_takane_6m] stale buttons Friday, August 1, 2025 19:20 :: [{"text":"Main menu","disabled":false,"id":"btn-main-menu"},{"text":"Save game","disabled":false,"id":"btn-save"},{"text":"Load game","disabled":false,"id":"btn-load"},{"text":"New game","disabled":false,"id":"btn-new"},{"text":"Clear slot","disabled":false,"id":"btn-clear"},{"text":"‹","disabled":false,"id":""},{"text":"›","disabled":true,"id":""},{"text":"Friday, August 1, 2025 19:20","disabled":false,"id":"btn-goto-schedule"},{"text":"Next","disabled":false,"id":"btn-next-day"},{"text":"Inbox","disabled":false,"id":""},{"text":"Idols","disabled":false,"id":""},{"text":"Groups","disabled":false,"id":""},{"text":"Training","disabled":false,"id":""},{"text":"Schedule","disabled":false,"id":""},{"text":"Lives","disabled":false,"id":""},{"text":"Songs","disabled":false,"id":""},{"text":"Making","disabled":false,"id":""},{"text":"Media","disabled":false,"id":""},{"text":"Scout","disabled":false,"id":""},{"text":"Finances","disabled":false,"id":""},{"text":"Mark all read","disabled":true,"id":"btn-inbox-mark-all"},{"text":"* Today's live schedule\n        2025-08-01 - Assistant","disabled":false,"id":""},{"text":"Morning training ended\n        2025-07-31 - Training","disabled":false,"id":""},{"text":"Morning training ended\n        2025-07-30 - Training","disabled":false,"id":""},{"text":"Morning training ended\n        2025-07-29 - Training","disabled":false,"id":""},{"text":"Afternoon training ended\n        2025-07-28 - Training","disabled":false,"id":""},{"text":"Morning training ended\n        2025-07-28 - Training","disabled":false,"id":""},{"text":"Weekly news roundup\n        2025-07-28 - News","disabled":false,"id":""},{"text":"Morning training ended\n        2025-07-25 - Training","disabled":false,"id":""},{"text":"Morning training ended\n        2025-07-24 - Training","disabled":false,"id":""},{"text":"Morning training ended\n        2025-07-23 - Training","disabled":false,"id":""},{"text":"Morning training ended\n        2025-07-22 - Training","disabled":false,"id":""},{"text":"Morning training ended\n        2025-07-21 - Training","disabled":false,"id":""},{"text":"Weekly news roundup\n        2025-07-21 - News","disabled":false,"id":""},{"text":"Morning training ended\n        2025-07-18 - Training","disabled":false,"id":""},{"text":"Morning training ended\n        2025-07-17 - Training","disabled":false,"id":""},{"text":"Morning training ended\n        2025-07-16 - Training","disabled":false,"id":""},{"text":"Morning training ended\n        2025-07-15 - Training","disabled":false,"id":""},{"text":"Morning training ended\n        2025-07-14 - Training","disabled":false,"id":""},{"text":"Weekly news roundup\n        2025-07-14 - News","disabled":false,"id":""}]
[sim_takane_6m] open today's live schedule at 2025-08-01
[sim_takane_6m] open today's live schedule at 2025-08-01
[sim_takane_6m] open today's live schedule at 2025-08-01
[sim_takane_6m] open today's live schedule at 2025-08-01
[sim_takane_6m] open today's live schedule at 2025-08-01
[sim_takane_6m] open today's live schedule at 2025-08-01
[sim_takane_6m] open today's live schedule at 2025-08-01
[sim_takane_6m] open today's live schedule at 2025-08-01
[sim_takane_6m] open today's live schedule at 2025-08-01
[sim_takane_6m] open today's live schedule at 2025-08-01
[sim_takane_6m] open today's live schedule at 2025-08-01
[sim_takane_6m] open today's live schedule at 2025-08-01
[sim_takane_6m] open today's live schedule at 2025-08-01
[sim_takane_6m] open today's live schedule at 2025-08-01
[sim_takane_6m] open today's live schedule at 2025-08-01
[sim_takane_6m] open today's live schedule at 2025-08-01
[sim_takane_6m] open today's live schedule at 2025-08-01
[sim_takane_6m] open today's live schedule at 2025-08-01
[sim_takane_6m] open today's live schedule at 2025-08-01
[sim_takane_6m] open today's live schedule at 2025-08-01
[sim_takane_6m] stale buttons Friday, August 1, 2025 19:20 :: [{"text":"Main menu","disabled":false,"id":"btn-main-menu"},{"text":"Save game","disabled":false,"id":"btn-save"},{"text":"Load game","disabled":false,"id":"btn-load"},{"text":"New game","disabled":false,"id":"btn-new"},{"text":"Clear slot","disabled":false,"id":"btn-clear"},{"text":"‹","disabled":false,"id":""},{"text":"›","disabled":true,"id":""},{"text":"Friday, August 1, 2025 19:20","disabled":false,"id":"btn-goto-schedule"},{"text":"Next","disabled":false,"id":"btn-next-day"},{"text":"Inbox","disabled":false,"id":""},{"text":"Idols","disabled":false,"id":""},{"text":"Groups","disabled":false,"id":""},{"text":"Training","disabled":false,"id":""},{"text":"Schedule","disabled":false,"id":""},{"text":"Lives","disabled":false,"id":""},{"text":"Songs","disabled":false,"id":""},{"text":"Making","disabled":false,"id":""},{"text":"Media","disabled":false,"id":""},{"text":"Scout","disabled":false,"id":""},{"text":"Finances","disabled":false,"id":""},{"text":"Mark all read","disabled":true,"id":"btn-inbox-mark-all"},{"text":"* Today's live schedule\n        2025-08-01 - Assistant","disabled":false,"id":""},{"text":"Morning training ended\n        2025-07-31 - Training","disabled":false,"id":""},{"text":"Morning training ended\n        2025-07-30 - Training","disabled":false,"id":""},{"text":"Morning training ended\n        2025-07-29 - Training","disabled":false,"id":""},{"text":"Afternoon training ended\n        2025-07-28 - Training","disabled":false,"id":""},{"text":"Morning training ended\n        2025-07-28 - Training","disabled":false,"id":""},{"text":"Weekly news roundup\n        2025-07-28 - News","disabled":false,"id":""},{"text":"Morning training ended\n        2025-07-25 - Training","disabled":false,"id":""},{"text":"Morning training ended\n        2025-07-24 - Training","disabled":false,"id":""},{"text":"Morning training ended\n        2025-07-23 - Training","disabled":false,"id":""},{"text":"Morning training ended\n        2025-07-22 - Training","disabled":false,"id":""},{"text":"Morning training ended\n        2025-07-21 - Training","disabled":false,"id":""},{"text":"Weekly news roundup\n        2025-07-21 - News","disabled":false,"id":""},{"text":"Morning training ended\n        2025-07-18 - Training","disabled":false,"id":""},{"text":"Morning training ended\n        2025-07-17 - Training","disabled":false,"id":""},{"text":"Morning training ended\n        2025-07-16 - Training","disabled":false,"id":""},{"text":"Morning training ended\n        2025-07-15 - Training","disabled":false,"id":""},{"text":"Morning training ended\n        2025-07-14 - Training","disabled":false,"id":""},{"text":"Weekly news roundup\n        2025-07-14 - News","disabled":false,"id":""}]
[sim_takane_6m] open today's live schedule at 2025-08-01
[sim_takane_6m] open today's live schedule at 2025-08-01
[sim_takane_6m] open today's live schedule at 2025-08-01
[sim_takane_6m] open today's live schedule at 2025-08-01
[sim_takane_6m] step=1475 iso=2025-08-01 display=Friday, August 1, 2025 19:20 stale=1424
[sim_takane_6m] open today's live schedule at 2025-08-01
[sim_takane_6m] open today's live schedule at 2025-08-01
[sim_takane_6m] open today's live schedule at 2025-08-01
[sim_takane_6m] open today's live schedule at 2025-08-01
[sim_takane_6m] open today's live schedule at 2025-08-01
[sim_takane_6m] open today's live schedule at 2025-08-01
[sim_takane_6m] open today's live schedule at 2025-08-01
[sim_takane_6m] open today's live schedule at 2025-08-01
[sim_takane_6m] open today's live schedule at 2025-08-01
[sim_takane_6m] open today's live schedule at 2025-08-01
[sim_takane_6m] open today's live schedule at 2025-08-01
[sim_takane_6m] open today's live schedule at 2025-08-01
[sim_takane_6m] open today's live schedule at 2025-08-01
[sim_takane_6m] open today's live schedule at 2025-08-01
[sim_takane_6m] open today's live schedule at 2025-08-01
[sim_takane_6m] open today's live schedule at 2025-08-01
[sim_takane_6m] stale buttons Friday, August 1, 2025 19:20 :: [{"text":"Main menu","disabled":false,"id":"btn-main-menu"},{"text":"Save game","disabled":false,"id":"btn-save"},{"text":"Load game","disabled":false,"id":"btn-load"},{"text":"New game","disabled":false,"id":"btn-new"},{"text":"Clear slot","disabled":false,"id":"btn-clear"},{"text":"‹","disabled":false,"id":""},{"text":"›","disabled":true,"id":""},{"text":"Friday, August 1, 2025 19:20","disabled":false,"id":"btn-goto-schedule"},{"text":"Next","disabled":false,"id":"btn-next-day"},{"text":"Inbox","disabled":false,"id":""},{"text":"Idols","disabled":false,"id":""},{"text":"Groups","disabled":false,"id":""},{"text":"Training","disabled":false,"id":""},{"text":"Schedule","disabled":false,"id":""},{"text":"Lives","disabled":false,"id":""},{"text":"Songs","disabled":false,"id":""},{"text":"Making","disabled":false,"id":""},{"text":"Media","disabled":false,"id":""},{"text":"Scout","disabled":false,"id":""},{"text":"Finances","disabled":false,"id":""},{"text":"Mark all read","disabled":true,"id":"btn-inbox-mark-all"},{"text":"* Today's live schedule\n        2025-08-01 - Assistant","disabled":false,"id":""},{"text":"Morning training ended\n        2025-07-31 - Training","disabled":false,"id":""},{"text":"Morning training ended\n        2025-07-30 - Training","disabled":false,"id":""},{"text":"Morning training ended\n        2025-07-29 - Training","disabled":false,"id":""},{"text":"Afternoon training ended\n        2025-07-28 - Training","disabled":false,"id":""},{"text":"Morning training ended\n        2025-07-28 - Training","disabled":false,"id":""},{"text":"Weekly news roundup\n        2025-07-28 - News","disabled":false,"id":""},{"text":"Morning training ended\n        2025-07-25 - Training","disabled":false,"id":""},{"text":"Morning training ended\n        2025-07-24 - Training","disabled":false,"id":""},{"text":"Morning training ended\n        2025-07-23 - Training","disabled":false,"id":""},{"text":"Morning training ended\n        2025-07-22 - Training","disabled":false,"id":""},{"text":"Morning training ended\n        2025-07-21 - Training","disabled":false,"id":""},{"text":"Weekly news roundup\n        2025-07-21 - News","disabled":false,"id":""},{"text":"Morning training ended\n        2025-07-18 - Training","disabled":false,"id":""},{"text":"Morning training ended\n        2025-07-17 - Training","disabled":false,"id":""},{"text":"Morning training ended\n        2025-07-16 - Training","disabled":false,"id":""},{"text":"Morning training ended\n        2025-07-15 - Training","disabled":false,"id":""},{"text":"Morning training ended\n        2025-07-14 - Training","disabled":false,"id":""},{"text":"Weekly news roundup\n        2025-07-14 - News","disabled":false,"id":""}]
[sim_takane_6m] open today's live schedule at 2025-08-01
[sim_takane_6m] open today's live schedule at 2025-08-01
[sim_takane_6m] open today's live schedule at 2025-08-01
[sim_takane_6m] open today's live schedule at 2025-08-01
[sim_takane_6m] open today's live schedule at 2025-08-01
[sim_takane_6m] open today's live schedule at 2025-08-01
[sim_takane_6m] open today's live schedule at 2025-08-01
[sim_takane_6m] open today's live schedule at 2025-08-01
[sim_takane_6m] open today's live schedule at 2025-08-01
[sim_takane_6m] step=1500 iso=2025-08-01 display=Friday, August 1, 2025 19:20 stale=1449
[sim_takane_6m] open today's live schedule at 2025-08-01
[sim_takane_6m] open today's live schedule at 2025-08-01
[sim_takane_6m] open today's live schedule at 2025-08-01
[sim_takane_6m] open today's live schedule at 2025-08-01
[sim_takane_6m] open today's live schedule at 2025-08-01
[sim_takane_6m] open today's live schedule at 2025-08-01
[sim_takane_6m] open today's live schedule at 2025-08-01
[sim_takane_6m] open today's live schedule at 2025-08-01
[sim_takane_6m] open today's live schedule at 2025-08-01
[sim_takane_6m] open today's live schedule at 2025-08-01
[sim_takane_6m] open today's live schedule at 2025-08-01
[sim_takane_6m] stale buttons Friday, August 1, 2025 19:20 :: [{"text":"Main menu","disabled":false,"id":"btn-main-menu"},{"text":"Save game","disabled":false,"id":"btn-save"},{"text":"Load game","disabled":false,"id":"btn-load"},{"text":"New game","disabled":false,"id":"btn-new"},{"text":"Clear slot","disabled":false,"id":"btn-clear"},{"text":"‹","disabled":false,"id":""},{"text":"›","disabled":true,"id":""},{"text":"Friday, August 1, 2025 19:20","disabled":false,"id":"btn-goto-schedule"},{"text":"Next","disabled":false,"id":"btn-next-day"},{"text":"Inbox","disabled":false,"id":""},{"text":"Idols","disabled":false,"id":""},{"text":"Groups","disabled":false,"id":""},{"text":"Training","disabled":false,"id":""},{"text":"Schedule","disabled":false,"id":""},{"text":"Lives","disabled":false,"id":""},{"text":"Songs","disabled":false,"id":""},{"text":"Making","disabled":false,"id":""},{"text":"Media","disabled":false,"id":""},{"text":"Scout","disabled":false,"id":""},{"text":"Finances","disabled":false,"id":""},{"text":"Mark all read","disabled":true,"id":"btn-inbox-mark-all"},{"text":"* Today's live schedule\n        2025-08-01 - Assistant","disabled":false,"id":""},{"text":"Morning training ended\n        2025-07-31 - Training","disabled":false,"id":""},{"text":"Morning training ended\n        2025-07-30 - Training","disabled":false,"id":""},{"text":"Morning training ended\n        2025-07-29 - Training","disabled":false,"id":""},{"text":"Afternoon training ended\n        2025-07-28 - Training","disabled":false,"id":""},{"text":"Morning training ended\n        2025-07-28 - Training","disabled":false,"id":""},{"text":"Weekly news roundup\n        2025-07-28 - News","disabled":false,"id":""},{"text":"Morning training ended\n        2025-07-25 - Training","disabled":false,"id":""},{"text":"Morning training ended\n        2025-07-24 - Training","disabled":false,"id":""},{"text":"Morning training ended\n        2025-07-23 - Training","disabled":false,"id":""},{"text":"Morning training ended\n        2025-07-22 - Training","disabled":false,"id":""},{"text":"Morning training ended\n        2025-07-21 - Training","disabled":false,"id":""},{"text":"Weekly news roundup\n        2025-07-21 - News","disabled":false,"id":""},{"text":"Morning training ended\n        2025-07-18 - Training","disabled":false,"id":""},{"text":"Morning training ended\n        2025-07-17 - Training","disabled":false,"id":""},{"text":"Morning training ended\n        2025-07-16 - Training","disabled":false,"id":""},{"text":"Morning training ended\n        2025-07-15 - Training","disabled":false,"id":""},{"text":"Morning training ended\n        2025-07-14 - Training","disabled":false,"id":""},{"text":"Weekly news roundup\n        2025-07-14 - News","disabled":false,"id":""}]
[sim_takane_6m] open today's live schedule at 2025-08-01
[sim_takane_6m] open today's live schedule at 2025-08-01
[sim_takane_6m] open today's live schedule at 2025-08-01
[sim_takane_6m] open today's live schedule at 2025-08-01
[sim_takane_6m] open today's live schedule at 2025-08-01
[sim_takane_6m] open today's live schedule at 2025-08-01
[sim_takane_6m] open today's live schedule at 2025-08-01
[sim_takane_6m] open today's live schedule at 2025-08-01
[sim_takane_6m] open today's live schedule at 2025-08-01
[sim_takane_6m] open today's live schedule at 2025-08-01
[sim_takane_6m] open today's live schedule at 2025-08-01
[sim_takane_6m] open today's live schedule at 2025-08-01
[sim_takane_6m] open today's live schedule at 2025-08-01
[sim_takane_6m] open today's live schedule at 2025-08-01
[sim_takane_6m] step=1525 iso=2025-08-01 display=Friday, August 1, 2025 19:20 stale=1474
[sim_takane_6m] open today's live schedule at 2025-08-01
[sim_takane_6m] open today's live schedule at 2025-08-01
[sim_takane_6m] open today's live schedule at 2025-08-01
[sim_takane_6m] open today's live schedule at 2025-08-01
[sim_takane_6m] open today's live schedule at 2025-08-01
[sim_takane_6m] open today's live schedule at 2025-08-01
[sim_takane_6m] stale buttons Friday, August 1, 2025 19:20 :: [{"text":"Main menu","disabled":false,"id":"btn-main-menu"},{"text":"Save game","disabled":false,"id":"btn-save"},{"text":"Load game","disabled":false,"id":"btn-load"},{"text":"New game","disabled":false,"id":"btn-new"},{"text":"Clear slot","disabled":false,"id":"btn-clear"},{"text":"‹","disabled":false,"id":""},{"text":"›","disabled":true,"id":""},{"text":"Friday, August 1, 2025 19:20","disabled":false,"id":"btn-goto-schedule"},{"text":"Next","disabled":false,"id":"btn-next-day"},{"text":"Inbox","disabled":false,"id":""},{"text":"Idols","disabled":false,"id":""},{"text":"Groups","disabled":false,"id":""},{"text":"Training","disabled":false,"id":""},{"text":"Schedule","disabled":false,"id":""},{"text":"Lives","disabled":false,"id":""},{"text":"Songs","disabled":false,"id":""},{"text":"Making","disabled":false,"id":""},{"text":"Media","disabled":false,"id":""},{"text":"Scout","disabled":false,"id":""},{"text":"Finances","disabled":false,"id":""},{"text":"Mark all read","disabled":true,"id":"btn-inbox-mark-all"},{"text":"* Today's live schedule\n        2025-08-01 - Assistant","disabled":false,"id":""},{"text":"Morning training ended\n        2025-07-31 - Training","disabled":false,"id":""},{"text":"Morning training ended\n        2025-07-30 - Training","disabled":false,"id":""},{"text":"Morning training ended\n        2025-07-29 - Training","disabled":false,"id":""},{"text":"Afternoon training ended\n        2025-07-28 - Training","disabled":false,"id":""},{"text":"Morning training ended\n        2025-07-28 - Training","disabled":false,"id":""},{"text":"Weekly news roundup\n        2025-07-28 - News","disabled":false,"id":""},{"text":"Morning training ended\n        2025-07-25 - Training","disabled":false,"id":""},{"text":"Morning training ended\n        2025-07-24 - Training","disabled":false,"id":""},{"text":"Morning training ended\n        2025-07-23 - Training","disabled":false,"id":""},{"text":"Morning training ended\n        2025-07-22 - Training","disabled":false,"id":""},{"text":"Morning training ended\n        2025-07-21 - Training","disabled":false,"id":""},{"text":"Weekly news roundup\n        2025-07-21 - News","disabled":false,"id":""},{"text":"Morning training ended\n        2025-07-18 - Training","disabled":false,"id":""},{"text":"Morning training ended\n        2025-07-17 - Training","disabled":false,"id":""},{"text":"Morning training ended\n        2025-07-16 - Training","disabled":false,"id":""},{"text":"Morning training ended\n        2025-07-15 - Training","disabled":false,"id":""},{"text":"Morning training ended\n        2025-07-14 - Training","disabled":false,"id":""},{"text":"Weekly news roundup\n        2025-07-14 - News","disabled":false,"id":""}]
[sim_takane_6m] open today's live schedule at 2025-08-01
[sim_takane_6m] open today's live schedule at 2025-08-01
[sim_takane_6m] open today's live schedule at 2025-08-01
[sim_takane_6m] open today's live schedule at 2025-08-01
[sim_takane_6m] open today's live schedule at 2025-08-01
[sim_takane_6m] open today's live schedule at 2025-08-01
[sim_takane_6m] open today's live schedule at 2025-08-01
[sim_takane_6m] open today's live schedule at 2025-08-01
[sim_takane_6m] open today's live schedule at 2025-08-01
[sim_takane_6m] open today's live schedule at 2025-08-01
[sim_takane_6m] open today's live schedule at 2025-08-01
[sim_takane_6m] open today's live schedule at 2025-08-01
[sim_takane_6m] open today's live schedule at 2025-08-01
[sim_takane_6m] open today's live schedule at 2025-08-01
[sim_takane_6m] open today's live schedule at 2025-08-01
[sim_takane_6m] open today's live schedule at 2025-08-01
[sim_takane_6m] open today's live schedule at 2025-08-01
[sim_takane_6m] open today's live schedule at 2025-08-01
[sim_takane_6m] open today's live schedule at 2025-08-01
[sim_takane_6m] step=1550 iso=2025-08-01 display=Friday, August 1, 2025 19:20 stale=1499
[sim_takane_6m] open today's live schedule at 2025-08-01
[sim_takane_6m] stale buttons Friday, August 1, 2025 19:20 :: [{"text":"Main menu","disabled":false,"id":"btn-main-menu"},{"text":"Save game","disabled":false,"id":"btn-save"},{"text":"Load game","disabled":false,"id":"btn-load"},{"text":"New game","disabled":false,"id":"btn-new"},{"text":"Clear slot","disabled":false,"id":"btn-clear"},{"text":"‹","disabled":false,"id":""},{"text":"›","disabled":true,"id":""},{"text":"Friday, August 1, 2025 19:20","disabled":false,"id":"btn-goto-schedule"},{"text":"Next","disabled":false,"id":"btn-next-day"},{"text":"Inbox","disabled":false,"id":""},{"text":"Idols","disabled":false,"id":""},{"text":"Groups","disabled":false,"id":""},{"text":"Training","disabled":false,"id":""},{"text":"Schedule","disabled":false,"id":""},{"text":"Lives","disabled":false,"id":""},{"text":"Songs","disabled":false,"id":""},{"text":"Making","disabled":false,"id":""},{"text":"Media","disabled":false,"id":""},{"text":"Scout","disabled":false,"id":""},{"text":"Finances","disabled":false,"id":""},{"text":"Mark all read","disabled":true,"id":"btn-inbox-mark-all"},{"text":"* Today's live schedule\n        2025-08-01 - Assistant","disabled":false,"id":""},{"text":"Morning training ended\n        2025-07-31 - Training","disabled":false,"id":""},{"text":"Morning training ended\n        2025-07-30 - Training","disabled":false,"id":""},{"text":"Morning training ended\n        2025-07-29 - Training","disabled":false,"id":""},{"text":"Afternoon training ended\n        2025-07-28 - Training","disabled":false,"id":""},{"text":"Morning training ended\n        2025-07-28 - Training","disabled":false,"id":""},{"text":"Weekly news roundup\n        2025-07-28 - News","disabled":false,"id":""},{"text":"Morning training ended\n        2025-07-25 - Training","disabled":false,"id":""},{"text":"Morning training ended\n        2025-07-24 - Training","disabled":false,"id":""},{"text":"Morning training ended\n        2025-07-23 - Training","disabled":false,"id":""},{"text":"Morning training ended\n        2025-07-22 - Training","disabled":false,"id":""},{"text":"Morning training ended\n        2025-07-21 - Training","disabled":false,"id":""},{"text":"Weekly news roundup\n        2025-07-21 - News","disabled":false,"id":""},{"text":"Morning training ended\n        2025-07-18 - Training","disabled":false,"id":""},{"text":"Morning training ended\n        2025-07-17 - Training","disabled":false,"id":""},{"text":"Morning training ended\n        2025-07-16 - Training","disabled":false,"id":""},{"text":"Morning training ended\n        2025-07-15 - Training","disabled":false,"id":""},{"text":"Morning training ended\n        2025-07-14 - Training","disabled":false,"id":""},{"text":"Weekly news roundup\n        2025-07-14 - News","disabled":false,"id":""}]
[sim_takane_6m] open today's live schedule at 2025-08-01
[sim_takane_6m] open today's live schedule at 2025-08-01
[sim_takane_6m] open today's live schedule at 2025-08-01
[sim_takane_6m] open today's live schedule at 2025-08-01
[sim_takane_6m] open today's live schedule at 2025-08-01
[sim_takane_6m] open today's live schedule at 2025-08-01
[sim_takane_6m] open today's live schedule at 2025-08-01
[sim_takane_6m] open today's live schedule at 2025-08-01
[sim_takane_6m] open today's live schedule at 2025-08-01
[sim_takane_6m] open today's live schedule at 2025-08-01
[sim_takane_6m] open today's live schedule at 2025-08-01
[sim_takane_6m] open today's live schedule at 2025-08-01
[sim_takane_6m] open today's live schedule at 2025-08-01
[sim_takane_6m] open today's live schedule at 2025-08-01
[sim_takane_6m] open today's live schedule at 2025-08-01
[sim_takane_6m] open today's live schedule at 2025-08-01
[sim_takane_6m] open today's live schedule at 2025-08-01
[sim_takane_6m] open today's live schedule at 2025-08-01
[sim_takane_6m] open today's live schedule at 2025-08-01
[sim_takane_6m] open today's live schedule at 2025-08-01
[sim_takane_6m] stale buttons Friday, August 1, 2025 19:20 :: [{"text":"Main menu","disabled":false,"id":"btn-main-menu"},{"text":"Save game","disabled":false,"id":"btn-save"},{"text":"Load game","disabled":false,"id":"btn-load"},{"text":"New game","disabled":false,"id":"btn-new"},{"text":"Clear slot","disabled":false,"id":"btn-clear"},{"text":"‹","disabled":false,"id":""},{"text":"›","disabled":true,"id":""},{"text":"Friday, August 1, 2025 19:20","disabled":false,"id":"btn-goto-schedule"},{"text":"Next","disabled":false,"id":"btn-next-day"},{"text":"Inbox","disabled":false,"id":""},{"text":"Idols","disabled":false,"id":""},{"text":"Groups","disabled":false,"id":""},{"text":"Training","disabled":false,"id":""},{"text":"Schedule","disabled":false,"id":""},{"text":"Lives","disabled":false,"id":""},{"text":"Songs","disabled":false,"id":""},{"text":"Making","disabled":false,"id":""},{"text":"Media","disabled":false,"id":""},{"text":"Scout","disabled":false,"id":""},{"text":"Finances","disabled":false,"id":""},{"text":"Mark all read","disabled":true,"id":"btn-inbox-mark-all"},{"text":"* Today's live schedule\n        2025-08-01 - Assistant","disabled":false,"id":""},{"text":"Morning training ended\n        2025-07-31 - Training","disabled":false,"id":""},{"text":"Morning training ended\n        2025-07-30 - Training","disabled":false,"id":""},{"text":"Morning training ended\n        2025-07-29 - Training","disabled":false,"id":""},{"text":"Afternoon training ended\n        2025-07-28 - Training","disabled":false,"id":""},{"text":"Morning training ended\n        2025-07-28 - Training","disabled":false,"id":""},{"text":"Weekly news roundup\n        2025-07-28 - News","disabled":false,"id":""},{"text":"Morning training ended\n        2025-07-25 - Training","disabled":false,"id":""},{"text":"Morning training ended\n        2025-07-24 - Training","disabled":false,"id":""},{"text":"Morning training ended\n        2025-07-23 - Training","disabled":false,"id":""},{"text":"Morning training ended\n        2025-07-22 - Training","disabled":false,"id":""},{"text":"Morning training ended\n        2025-07-21 - Training","disabled":false,"id":""},{"text":"Weekly news roundup\n        2025-07-21 - News","disabled":false,"id":""},{"text":"Morning training ended\n        2025-07-18 - Training","disabled":false,"id":""},{"text":"Morning training ended\n        2025-07-17 - Training","disabled":false,"id":""},{"text":"Morning training ended\n        2025-07-16 - Training","disabled":false,"id":""},{"text":"Morning training ended\n        2025-07-15 - Training","disabled":false,"id":""},{"text":"Morning training ended\n        2025-07-14 - Training","disabled":false,"id":""},{"text":"Weekly news roundup\n        2025-07-14 - News","disabled":false,"id":""}]
[sim_takane_6m] open today's live schedule at 2025-08-01
[sim_takane_6m] open today's live schedule at 2025-08-01
[sim_takane_6m] open today's live schedule at 2025-08-01
[sim_takane_6m] open today's live schedule at 2025-08-01
[sim_takane_6m] step=1575 iso=2025-08-01 display=Friday, August 1, 2025 19:20 stale=1524
[sim_takane_6m] open today's live schedule at 2025-08-01
[sim_takane_6m] open today's live schedule at 2025-08-01
[sim_takane_6m] open today's live schedule at 2025-08-01
[sim_takane_6m] open today's live schedule at 2025-08-01
[sim_takane_6m] open today's live schedule at 2025-08-01
[sim_takane_6m] open today's live schedule at 2025-08-01
[sim_takane_6m] open today's live schedule at 2025-08-01
[sim_takane_6m] open today's live schedule at 2025-08-01
[sim_takane_6m] open today's live schedule at 2025-08-01
[sim_takane_6m] open today's live schedule at 2025-08-01
[sim_takane_6m] open today's live schedule at 2025-08-01
[sim_takane_6m] open today's live schedule at 2025-08-01
[sim_takane_6m] open today's live schedule at 2025-08-01
[sim_takane_6m] open today's live schedule at 2025-08-01
[sim_takane_6m] open today's live schedule at 2025-08-01
[sim_takane_6m] open today's live schedule at 2025-08-01
[sim_takane_6m] stale buttons Friday, August 1, 2025 19:20 :: [{"text":"Main menu","disabled":false,"id":"btn-main-menu"},{"text":"Save game","disabled":false,"id":"btn-save"},{"text":"Load game","disabled":false,"id":"btn-load"},{"text":"New game","disabled":false,"id":"btn-new"},{"text":"Clear slot","disabled":false,"id":"btn-clear"},{"text":"‹","disabled":false,"id":""},{"text":"›","disabled":true,"id":""},{"text":"Friday, August 1, 2025 19:20","disabled":false,"id":"btn-goto-schedule"},{"text":"Next","disabled":false,"id":"btn-next-day"},{"text":"Inbox","disabled":false,"id":""},{"text":"Idols","disabled":false,"id":""},{"text":"Groups","disabled":false,"id":""},{"text":"Training","disabled":false,"id":""},{"text":"Schedule","disabled":false,"id":""},{"text":"Lives","disabled":false,"id":""},{"text":"Songs","disabled":false,"id":""},{"text":"Making","disabled":false,"id":""},{"text":"Media","disabled":false,"id":""},{"text":"Scout","disabled":false,"id":""},{"text":"Finances","disabled":false,"id":""},{"text":"Mark all read","disabled":true,"id":"btn-inbox-mark-all"},{"text":"* Today's live schedule\n        2025-08-01 - Assistant","disabled":false,"id":""},{"text":"Morning training ended\n        2025-07-31 - Training","disabled":false,"id":""},{"text":"Morning training ended\n        2025-07-30 - Training","disabled":false,"id":""},{"text":"Morning training ended\n        2025-07-29 - Training","disabled":false,"id":""},{"text":"Afternoon training ended\n        2025-07-28 - Training","disabled":false,"id":""},{"text":"Morning training ended\n        2025-07-28 - Training","disabled":false,"id":""},{"text":"Weekly news roundup\n        2025-07-28 - News","disabled":false,"id":""},{"text":"Morning training ended\n        2025-07-25 - Training","disabled":false,"id":""},{"text":"Morning training ended\n        2025-07-24 - Training","disabled":false,"id":""},{"text":"Morning training ended\n        2025-07-23 - Training","disabled":false,"id":""},{"text":"Morning training ended\n        2025-07-22 - Training","disabled":false,"id":""},{"text":"Morning training ended\n        2025-07-21 - Training","disabled":false,"id":""},{"text":"Weekly news roundup\n        2025-07-21 - News","disabled":false,"id":""},{"text":"Morning training ended\n        2025-07-18 - Training","disabled":false,"id":""},{"text":"Morning training ended\n        2025-07-17 - Training","disabled":false,"id":""},{"text":"Morning training ended\n        2025-07-16 - Training","disabled":false,"id":""},{"text":"Morning training ended\n        2025-07-15 - Training","disabled":false,"id":""},{"text":"Morning training ended\n        2025-07-14 - Training","disabled":false,"id":""},{"text":"Weekly news roundup\n        2025-07-14 - News","disabled":false,"id":""}]
[sim_takane_6m] open today's live schedule at 2025-08-01
[sim_takane_6m] open today's live schedule at 2025-08-01
[sim_takane_6m] open today's live schedule at 2025-08-01
[sim_takane_6m] open today's live schedule at 2025-08-01
[sim_takane_6m] open today's live schedule at 2025-08-01
[sim_takane_6m] open today's live schedule at 2025-08-01
[sim_takane_6m] open today's live schedule at 2025-08-01
[sim_takane_6m] open today's live schedule at 2025-08-01
[sim_takane_6m] open today's live schedule at 2025-08-01
[sim_takane_6m] step=1600 iso=2025-08-01 display=Friday, August 1, 2025 19:20 stale=1549
[sim_takane_6m] open today's live schedule at 2025-08-01
[sim_takane_6m] open today's live schedule at 2025-08-01
[sim_takane_6m] open today's live schedule at 2025-08-01
[sim_takane_6m] open today's live schedule at 2025-08-01
[sim_takane_6m] open today's live schedule at 2025-08-01
[sim_takane_6m] open today's live schedule at 2025-08-01
[sim_takane_6m] open today's live schedule at 2025-08-01
[sim_takane_6m] open today's live schedule at 2025-08-01
[sim_takane_6m] open today's live schedule at 2025-08-01
[sim_takane_6m] open today's live schedule at 2025-08-01
[sim_takane_6m] open today's live schedule at 2025-08-01
[sim_takane_6m] stale buttons Friday, August 1, 2025 19:20 :: [{"text":"Main menu","disabled":false,"id":"btn-main-menu"},{"text":"Save game","disabled":false,"id":"btn-save"},{"text":"Load game","disabled":false,"id":"btn-load"},{"text":"New game","disabled":false,"id":"btn-new"},{"text":"Clear slot","disabled":false,"id":"btn-clear"},{"text":"‹","disabled":false,"id":""},{"text":"›","disabled":true,"id":""},{"text":"Friday, August 1, 2025 19:20","disabled":false,"id":"btn-goto-schedule"},{"text":"Next","disabled":false,"id":"btn-next-day"},{"text":"Inbox","disabled":false,"id":""},{"text":"Idols","disabled":false,"id":""},{"text":"Groups","disabled":false,"id":""},{"text":"Training","disabled":false,"id":""},{"text":"Schedule","disabled":false,"id":""},{"text":"Lives","disabled":false,"id":""},{"text":"Songs","disabled":false,"id":""},{"text":"Making","disabled":false,"id":""},{"text":"Media","disabled":false,"id":""},{"text":"Scout","disabled":false,"id":""},{"text":"Finances","disabled":false,"id":""},{"text":"Mark all read","disabled":true,"id":"btn-inbox-mark-all"},{"text":"* Today's live schedule\n        2025-08-01 - Assistant","disabled":false,"id":""},{"text":"Morning training ended\n        2025-07-31 - Training","disabled":false,"id":""},{"text":"Morning training ended\n        2025-07-30 - Training","disabled":false,"id":""},{"text":"Morning training ended\n        2025-07-29 - Training","disabled":false,"id":""},{"text":"Afternoon training ended\n        2025-07-28 - Training","disabled":false,"id":""},{"text":"Morning training ended\n        2025-07-28 - Training","disabled":false,"id":""},{"text":"Weekly news roundup\n        2025-07-28 - News","disabled":false,"id":""},{"text":"Morning training ended\n        2025-07-25 - Training","disabled":false,"id":""},{"text":"Morning training ended\n        2025-07-24 - Training","disabled":false,"id":""},{"text":"Morning training ended\n        2025-07-23 - Training","disabled":false,"id":""},{"text":"Morning training ended\n        2025-07-22 - Training","disabled":false,"id":""},{"text":"Morning training ended\n        2025-07-21 - Training","disabled":false,"id":""},{"text":"Weekly news roundup\n        2025-07-21 - News","disabled":false,"id":""},{"text":"Morning training ended\n        2025-07-18 - Training","disabled":false,"id":""},{"text":"Morning training ended\n        2025-07-17 - Training","disabled":false,"id":""},{"text":"Morning training ended\n        2025-07-16 - Training","disabled":false,"id":""},{"text":"Morning training ended\n        2025-07-15 - Training","disabled":false,"id":""},{"text":"Morning training ended\n        2025-07-14 - Training","disabled":false,"id":""},{"text":"Weekly news roundup\n        2025-07-14 - News","disabled":false,"id":""}]
[sim_takane_6m] open today's live schedule at 2025-08-01
[sim_takane_6m] open today's live schedule at 2025-08-01
[sim_takane_6m] open today's live schedule at 2025-08-01
[sim_takane_6m] open today's live schedule at 2025-08-01
[sim_takane_6m] open today's live schedule at 2025-08-01
[sim_takane_6m] open today's live schedule at 2025-08-01
[sim_takane_6m] open today's live schedule at 2025-08-01
[sim_takane_6m] open today's live schedule at 2025-08-01
[sim_takane_6m] open today's live schedule at 2025-08-01
[sim_takane_6m] open today's live schedule at 2025-08-01
[sim_takane_6m] open today's live schedule at 2025-08-01
[sim_takane_6m] open today's live schedule at 2025-08-01
[sim_takane_6m] open today's live schedule at 2025-08-01
[sim_takane_6m] open today's live schedule at 2025-08-01
[sim_takane_6m] step=1625 iso=2025-08-01 display=Friday, August 1, 2025 19:20 stale=1574
[sim_takane_6m] open today's live schedule at 2025-08-01
[sim_takane_6m] open today's live schedule at 2025-08-01
[sim_takane_6m] open today's live schedule at 2025-08-01
[sim_takane_6m] open today's live schedule at 2025-08-01
[sim_takane_6m] open today's live schedule at 2025-08-01
[sim_takane_6m] open today's live schedule at 2025-08-01
[sim_takane_6m] stale buttons Friday, August 1, 2025 19:20 :: [{"text":"Main menu","disabled":false,"id":"btn-main-menu"},{"text":"Save game","disabled":false,"id":"btn-save"},{"text":"Load game","disabled":false,"id":"btn-load"},{"text":"New game","disabled":false,"id":"btn-new"},{"text":"Clear slot","disabled":false,"id":"btn-clear"},{"text":"‹","disabled":false,"id":""},{"text":"›","disabled":true,"id":""},{"text":"Friday, August 1, 2025 19:20","disabled":false,"id":"btn-goto-schedule"},{"text":"Next","disabled":false,"id":"btn-next-day"},{"text":"Inbox","disabled":false,"id":""},{"text":"Idols","disabled":false,"id":""},{"text":"Groups","disabled":false,"id":""},{"text":"Training","disabled":false,"id":""},{"text":"Schedule","disabled":false,"id":""},{"text":"Lives","disabled":false,"id":""},{"text":"Songs","disabled":false,"id":""},{"text":"Making","disabled":false,"id":""},{"text":"Media","disabled":false,"id":""},{"text":"Scout","disabled":false,"id":""},{"text":"Finances","disabled":false,"id":""},{"text":"Mark all read","disabled":true,"id":"btn-inbox-mark-all"},{"text":"* Today's live schedule\n        2025-08-01 - Assistant","disabled":false,"id":""},{"text":"Morning training ended\n        2025-07-31 - Training","disabled":false,"id":""},{"text":"Morning training ended\n        2025-07-30 - Training","disabled":false,"id":""},{"text":"Morning training ended\n        2025-07-29 - Training","disabled":false,"id":""},{"text":"Afternoon training ended\n        2025-07-28 - Training","disabled":false,"id":""},{"text":"Morning training ended\n        2025-07-28 - Training","disabled":false,"id":""},{"text":"Weekly news roundup\n        2025-07-28 - News","disabled":false,"id":""},{"text":"Morning training ended\n        2025-07-25 - Training","disabled":false,"id":""},{"text":"Morning training ended\n        2025-07-24 - Training","disabled":false,"id":""},{"text":"Morning training ended\n        2025-07-23 - Training","disabled":false,"id":""},{"text":"Morning training ended\n        2025-07-22 - Training","disabled":false,"id":""},{"text":"Morning training ended\n        2025-07-21 - Training","disabled":false,"id":""},{"text":"Weekly news roundup\n        2025-07-21 - News","disabled":false,"id":""},{"text":"Morning training ended\n        2025-07-18 - Training","disabled":false,"id":""},{"text":"Morning training ended\n        2025-07-17 - Training","disabled":false,"id":""},{"text":"Morning training ended\n        2025-07-16 - Training","disabled":false,"id":""},{"text":"Morning training ended\n        2025-07-15 - Training","disabled":false,"id":""},{"text":"Morning training ended\n        2025-07-14 - Training","disabled":false,"id":""},{"text":"Weekly news roundup\n        2025-07-14 - News","disabled":false,"id":""}]
[sim_takane_6m] open today's live schedule at 2025-08-01
[sim_takane_6m] open today's live schedule at 2025-08-01
[sim_takane_6m] open today's live schedule at 2025-08-01
[sim_takane_6m] open today's live schedule at 2025-08-01
[sim_takane_6m] open today's live schedule at 2025-08-01
[sim_takane_6m] open today's live schedule at 2025-08-01
[sim_takane_6m] open today's live schedule at 2025-08-01
[sim_takane_6m] open today's live schedule at 2025-08-01
[sim_takane_6m] open today's live schedule at 2025-08-01
[sim_takane_6m] open today's live schedule at 2025-08-01
[sim_takane_6m] open today's live schedule at 2025-08-01
[sim_takane_6m] open today's live schedule at 2025-08-01
[sim_takane_6m] open today's live schedule at 2025-08-01
[sim_takane_6m] open today's live schedule at 2025-08-01
[sim_takane_6m] open today's live schedule at 2025-08-01
[sim_takane_6m] open today's live schedule at 2025-08-01
[sim_takane_6m] open today's live schedule at 2025-08-01
[sim_takane_6m] open today's live schedule at 2025-08-01
[sim_takane_6m] open today's live schedule at 2025-08-01
[sim_takane_6m] step=1650 iso=2025-08-01 display=Friday, August 1, 2025 19:20 stale=1599
[sim_takane_6m] open today's live schedule at 2025-08-01
[sim_takane_6m] stale buttons Friday, August 1, 2025 19:20 :: [{"text":"Main menu","disabled":false,"id":"btn-main-menu"},{"text":"Save game","disabled":false,"id":"btn-save"},{"text":"Load game","disabled":false,"id":"btn-load"},{"text":"New game","disabled":false,"id":"btn-new"},{"text":"Clear slot","disabled":false,"id":"btn-clear"},{"text":"‹","disabled":false,"id":""},{"text":"›","disabled":true,"id":""},{"text":"Friday, August 1, 2025 19:20","disabled":false,"id":"btn-goto-schedule"},{"text":"Next","disabled":false,"id":"btn-next-day"},{"text":"Inbox","disabled":false,"id":""},{"text":"Idols","disabled":false,"id":""},{"text":"Groups","disabled":false,"id":""},{"text":"Training","disabled":false,"id":""},{"text":"Schedule","disabled":false,"id":""},{"text":"Lives","disabled":false,"id":""},{"text":"Songs","disabled":false,"id":""},{"text":"Making","disabled":false,"id":""},{"text":"Media","disabled":false,"id":""},{"text":"Scout","disabled":false,"id":""},{"text":"Finances","disabled":false,"id":""},{"text":"Mark all read","disabled":true,"id":"btn-inbox-mark-all"},{"text":"* Today's live schedule\n        2025-08-01 - Assistant","disabled":false,"id":""},{"text":"Morning training ended\n        2025-07-31 - Training","disabled":false,"id":""},{"text":"Morning training ended\n        2025-07-30 - Training","disabled":false,"id":""},{"text":"Morning training ended\n        2025-07-29 - Training","disabled":false,"id":""},{"text":"Afternoon training ended\n        2025-07-28 - Training","disabled":false,"id":""},{"text":"Morning training ended\n        2025-07-28 - Training","disabled":false,"id":""},{"text":"Weekly news roundup\n        2025-07-28 - News","disabled":false,"id":""},{"text":"Morning training ended\n        2025-07-25 - Training","disabled":false,"id":""},{"text":"Morning training ended\n        2025-07-24 - Training","disabled":false,"id":""},{"text":"Morning training ended\n        2025-07-23 - Training","disabled":false,"id":""},{"text":"Morning training ended\n        2025-07-22 - Training","disabled":false,"id":""},{"text":"Morning training ended\n        2025-07-21 - Training","disabled":false,"id":""},{"text":"Weekly news roundup\n        2025-07-21 - News","disabled":false,"id":""},{"text":"Morning training ended\n        2025-07-18 - Training","disabled":false,"id":""},{"text":"Morning training ended\n        2025-07-17 - Training","disabled":false,"id":""},{"text":"Morning training ended\n        2025-07-16 - Training","disabled":false,"id":""},{"text":"Morning training ended\n        2025-07-15 - Training","disabled":false,"id":""},{"text":"Morning training ended\n        2025-07-14 - Training","disabled":false,"id":""},{"text":"Weekly news roundup\n        2025-07-14 - News","disabled":false,"id":""}]
[sim_takane_6m] open today's live schedule at 2025-08-01
[sim_takane_6m] open today's live schedule at 2025-08-01
[sim_takane_6m] open today's live schedule at 2025-08-01
[sim_takane_6m] open today's live schedule at 2025-08-01
[sim_takane_6m] open today's live schedule at 2025-08-01
[sim_takane_6m] open today's live schedule at 2025-08-01
[sim_takane_6m] open today's live schedule at 2025-08-01
[sim_takane_6m] open today's live schedule at 2025-08-01
[sim_takane_6m] open today's live schedule at 2025-08-01
[sim_takane_6m] open today's live schedule at 2025-08-01
[sim_takane_6m] open today's live schedule at 2025-08-01
[sim_takane_6m] open today's live schedule at 2025-08-01
[sim_takane_6m] open today's live schedule at 2025-08-01
[sim_takane_6m] open today's live schedule at 2025-08-01
[sim_takane_6m] open today's live schedule at 2025-08-01
[sim_takane_6m] open today's live schedule at 2025-08-01
[sim_takane_6m] open today's live schedule at 2025-08-01
[sim_takane_6m] open today's live schedule at 2025-08-01
[sim_takane_6m] open today's live schedule at 2025-08-01
[sim_takane_6m] open today's live schedule at 2025-08-01
[sim_takane_6m] stale buttons Friday, August 1, 2025 19:20 :: [{"text":"Main menu","disabled":false,"id":"btn-main-menu"},{"text":"Save game","disabled":false,"id":"btn-save"},{"text":"Load game","disabled":false,"id":"btn-load"},{"text":"New game","disabled":false,"id":"btn-new"},{"text":"Clear slot","disabled":false,"id":"btn-clear"},{"text":"‹","disabled":false,"id":""},{"text":"›","disabled":true,"id":""},{"text":"Friday, August 1, 2025 19:20","disabled":false,"id":"btn-goto-schedule"},{"text":"Next","disabled":false,"id":"btn-next-day"},{"text":"Inbox","disabled":false,"id":""},{"text":"Idols","disabled":false,"id":""},{"text":"Groups","disabled":false,"id":""},{"text":"Training","disabled":false,"id":""},{"text":"Schedule","disabled":false,"id":""},{"text":"Lives","disabled":false,"id":""},{"text":"Songs","disabled":false,"id":""},{"text":"Making","disabled":false,"id":""},{"text":"Media","disabled":false,"id":""},{"text":"Scout","disabled":false,"id":""},{"text":"Finances","disabled":false,"id":""},{"text":"Mark all read","disabled":true,"id":"btn-inbox-mark-all"},{"text":"* Today's live schedule\n        2025-08-01 - Assistant","disabled":false,"id":""},{"text":"Morning training ended\n        2025-07-31 - Training","disabled":false,"id":""},{"text":"Morning training ended\n        2025-07-30 - Training","disabled":false,"id":""},{"text":"Morning training ended\n        2025-07-29 - Training","disabled":false,"id":""},{"text":"Afternoon training ended\n        2025-07-28 - Training","disabled":false,"id":""},{"text":"Morning training ended\n        2025-07-28 - Training","disabled":false,"id":""},{"text":"Weekly news roundup\n        2025-07-28 - News","disabled":false,"id":""},{"text":"Morning training ended\n        2025-07-25 - Training","disabled":false,"id":""},{"text":"Morning training ended\n        2025-07-24 - Training","disabled":false,"id":""},{"text":"Morning training ended\n        2025-07-23 - Training","disabled":false,"id":""},{"text":"Morning training ended\n        2025-07-22 - Training","disabled":false,"id":""},{"text":"Morning training ended\n        2025-07-21 - Training","disabled":false,"id":""},{"text":"Weekly news roundup\n        2025-07-21 - News","disabled":false,"id":""},{"text":"Morning training ended\n        2025-07-18 - Training","disabled":false,"id":""},{"text":"Morning training ended\n        2025-07-17 - Training","disabled":false,"id":""},{"text":"Morning training ended\n        2025-07-16 - Training","disabled":false,"id":""},{"text":"Morning training ended\n        2025-07-15 - Training","disabled":false,"id":""},{"text":"Morning training ended\n        2025-07-14 - Training","disabled":false,"id":""},{"text":"Weekly news roundup\n        2025-07-14 - News","disabled":false,"id":""}]
[sim_takane_6m] open today's live schedule at 2025-08-01
[sim_takane_6m] open today's live schedule at 2025-08-01
[sim_takane_6m] open today's live schedule at 2025-08-01
[sim_takane_6m] open today's live schedule at 2025-08-01
[sim_takane_6m] step=1675 iso=2025-08-01 display=Friday, August 1, 2025 19:20 stale=1624
[sim_takane_6m] open today's live schedule at 2025-08-01
[sim_takane_6m] open today's live schedule at 2025-08-01
[sim_takane_6m] open today's live schedule at 2025-08-01
[sim_takane_6m] open today's live schedule at 2025-08-01
[sim_takane_6m] open today's live schedule at 2025-08-01
[sim_takane_6m] open today's live schedule at 2025-08-01
[sim_takane_6m] open today's live schedule at 2025-08-01
[sim_takane_6m] open today's live schedule at 2025-08-01
[sim_takane_6m] open today's live schedule at 2025-08-01
[sim_takane_6m] open today's live schedule at 2025-08-01
[sim_takane_6m] open today's live schedule at 2025-08-01
[sim_takane_6m] open today's live schedule at 2025-08-01
[sim_takane_6m] open today's live schedule at 2025-08-01
[sim_takane_6m] open today's live schedule at 2025-08-01
[sim_takane_6m] open today's live schedule at 2025-08-01
[sim_takane_6m] open today's live schedule at 2025-08-01
[sim_takane_6m] stale buttons Friday, August 1, 2025 19:20 :: [{"text":"Main menu","disabled":false,"id":"btn-main-menu"},{"text":"Save game","disabled":false,"id":"btn-save"},{"text":"Load game","disabled":false,"id":"btn-load"},{"text":"New game","disabled":false,"id":"btn-new"},{"text":"Clear slot","disabled":false,"id":"btn-clear"},{"text":"‹","disabled":false,"id":""},{"text":"›","disabled":true,"id":""},{"text":"Friday, August 1, 2025 19:20","disabled":false,"id":"btn-goto-schedule"},{"text":"Next","disabled":false,"id":"btn-next-day"},{"text":"Inbox","disabled":false,"id":""},{"text":"Idols","disabled":false,"id":""},{"text":"Groups","disabled":false,"id":""},{"text":"Training","disabled":false,"id":""},{"text":"Schedule","disabled":false,"id":""},{"text":"Lives","disabled":false,"id":""},{"text":"Songs","disabled":false,"id":""},{"text":"Making","disabled":false,"id":""},{"text":"Media","disabled":false,"id":""},{"text":"Scout","disabled":false,"id":""},{"text":"Finances","disabled":false,"id":""},{"text":"Mark all read","disabled":true,"id":"btn-inbox-mark-all"},{"text":"* Today's live schedule\n        2025-08-01 - Assistant","disabled":false,"id":""},{"text":"Morning training ended\n        2025-07-31 - Training","disabled":false,"id":""},{"text":"Morning training ended\n        2025-07-30 - Training","disabled":false,"id":""},{"text":"Morning training ended\n        2025-07-29 - Training","disabled":false,"id":""},{"text":"Afternoon training ended\n        2025-07-28 - Training","disabled":false,"id":""},{"text":"Morning training ended\n        2025-07-28 - Training","disabled":false,"id":""},{"text":"Weekly news roundup\n        2025-07-28 - News","disabled":false,"id":""},{"text":"Morning training ended\n        2025-07-25 - Training","disabled":false,"id":""},{"text":"Morning training ended\n        2025-07-24 - Training","disabled":false,"id":""},{"text":"Morning training ended\n        2025-07-23 - Training","disabled":false,"id":""},{"text":"Morning training ended\n        2025-07-22 - Training","disabled":false,"id":""},{"text":"Morning training ended\n        2025-07-21 - Training","disabled":false,"id":""},{"text":"Weekly news roundup\n        2025-07-21 - News","disabled":false,"id":""},{"text":"Morning training ended\n        2025-07-18 - Training","disabled":false,"id":""},{"text":"Morning training ended\n        2025-07-17 - Training","disabled":false,"id":""},{"text":"Morning training ended\n        2025-07-16 - Training","disabled":false,"id":""},{"text":"Morning training ended\n        2025-07-15 - Training","disabled":false,"id":""},{"text":"Morning training ended\n        2025-07-14 - Training","disabled":false,"id":""},{"text":"Weekly news roundup\n        2025-07-14 - News","disabled":false,"id":""}]
[sim_takane_6m] open today's live schedule at 2025-08-01
[sim_takane_6m] open today's live schedule at 2025-08-01
[sim_takane_6m] open today's live schedule at 2025-08-01
[sim_takane_6m] open today's live schedule at 2025-08-01
[sim_takane_6m] open today's live schedule at 2025-08-01
[sim_takane_6m] open today's live schedule at 2025-08-01
[sim_takane_6m] open today's live schedule at 2025-08-01
[sim_takane_6m] open today's live schedule at 2025-08-01
[sim_takane_6m] open today's live schedule at 2025-08-01
[sim_takane_6m] step=1700 iso=2025-08-01 display=Friday, August 1, 2025 19:20 stale=1649
[sim_takane_6m] open today's live schedule at 2025-08-01
[sim_takane_6m] open today's live schedule at 2025-08-01
[sim_takane_6m] open today's live schedule at 2025-08-01
[sim_takane_6m] open today's live schedule at 2025-08-01
[sim_takane_6m] open today's live schedule at 2025-08-01
[sim_takane_6m] open today's live schedule at 2025-08-01
[sim_takane_6m] open today's live schedule at 2025-08-01
[sim_takane_6m] open today's live schedule at 2025-08-01
[sim_takane_6m] open today's live schedule at 2025-08-01
[sim_takane_6m] open today's live schedule at 2025-08-01
[sim_takane_6m] open today's live schedule at 2025-08-01
[sim_takane_6m] stale buttons Friday, August 1, 2025 19:20 :: [{"text":"Main menu","disabled":false,"id":"btn-main-menu"},{"text":"Save game","disabled":false,"id":"btn-save"},{"text":"Load game","disabled":false,"id":"btn-load"},{"text":"New game","disabled":false,"id":"btn-new"},{"text":"Clear slot","disabled":false,"id":"btn-clear"},{"text":"‹","disabled":false,"id":""},{"text":"›","disabled":true,"id":""},{"text":"Friday, August 1, 2025 19:20","disabled":false,"id":"btn-goto-schedule"},{"text":"Next","disabled":false,"id":"btn-next-day"},{"text":"Inbox","disabled":false,"id":""},{"text":"Idols","disabled":false,"id":""},{"text":"Groups","disabled":false,"id":""},{"text":"Training","disabled":false,"id":""},{"text":"Schedule","disabled":false,"id":""},{"text":"Lives","disabled":false,"id":""},{"text":"Songs","disabled":false,"id":""},{"text":"Making","disabled":false,"id":""},{"text":"Media","disabled":false,"id":""},{"text":"Scout","disabled":false,"id":""},{"text":"Finances","disabled":false,"id":""},{"text":"Mark all read","disabled":true,"id":"btn-inbox-mark-all"},{"text":"* Today's live schedule\n        2025-08-01 - Assistant","disabled":false,"id":""},{"text":"Morning training ended\n        2025-07-31 - Training","disabled":false,"id":""},{"text":"Morning training ended\n        2025-07-30 - Training","disabled":false,"id":""},{"text":"Morning training ended\n        2025-07-29 - Training","disabled":false,"id":""},{"text":"Afternoon training ended\n        2025-07-28 - Training","disabled":false,"id":""},{"text":"Morning training ended\n        2025-07-28 - Training","disabled":false,"id":""},{"text":"Weekly news roundup\n        2025-07-28 - News","disabled":false,"id":""},{"text":"Morning training ended\n        2025-07-25 - Training","disabled":false,"id":""},{"text":"Morning training ended\n        2025-07-24 - Training","disabled":false,"id":""},{"text":"Morning training ended\n        2025-07-23 - Training","disabled":false,"id":""},{"text":"Morning training ended\n        2025-07-22 - Training","disabled":false,"id":""},{"text":"Morning training ended\n        2025-07-21 - Training","disabled":false,"id":""},{"text":"Weekly news roundup\n        2025-07-21 - News","disabled":false,"id":""},{"text":"Morning training ended\n        2025-07-18 - Training","disabled":false,"id":""},{"text":"Morning training ended\n        2025-07-17 - Training","disabled":false,"id":""},{"text":"Morning training ended\n        2025-07-16 - Training","disabled":false,"id":""},{"text":"Morning training ended\n        2025-07-15 - Training","disabled":false,"id":""},{"text":"Morning training ended\n        2025-07-14 - Training","disabled":false,"id":""},{"text":"Weekly news roundup\n        2025-07-14 - News","disabled":false,"id":""}]
[sim_takane_6m] open today's live schedule at 2025-08-01
[sim_takane_6m] open today's live schedule at 2025-08-01
[sim_takane_6m] open today's live schedule at 2025-08-01
[sim_takane_6m] open today's live schedule at 2025-08-01
[sim_takane_6m] open today's live schedule at 2025-08-01
[sim_takane_6m] open today's live schedule at 2025-08-01
[sim_takane_6m] open today's live schedule at 2025-08-01
[sim_takane_6m] open today's live schedule at 2025-08-01
[sim_takane_6m] open today's live schedule at 2025-08-01
[sim_takane_6m] open today's live schedule at 2025-08-01
[sim_takane_6m] open today's live schedule at 2025-08-01
[sim_takane_6m] open today's live schedule at 2025-08-01
[sim_takane_6m] open today's live schedule at 2025-08-01
[sim_takane_6m] open today's live schedule at 2025-08-01
[sim_takane_6m] step=1725 iso=2025-08-01 display=Friday, August 1, 2025 19:20 stale=1674
[sim_takane_6m] open today's live schedule at 2025-08-01
[sim_takane_6m] open today's live schedule at 2025-08-01
[sim_takane_6m] open today's live schedule at 2025-08-01
[sim_takane_6m] open today's live schedule at 2025-08-01
[sim_takane_6m] open today's live schedule at 2025-08-01
[sim_takane_6m] open today's live schedule at 2025-08-01
[sim_takane_6m] stale buttons Friday, August 1, 2025 19:20 :: [{"text":"Main menu","disabled":false,"id":"btn-main-menu"},{"text":"Save game","disabled":false,"id":"btn-save"},{"text":"Load game","disabled":false,"id":"btn-load"},{"text":"New game","disabled":false,"id":"btn-new"},{"text":"Clear slot","disabled":false,"id":"btn-clear"},{"text":"‹","disabled":false,"id":""},{"text":"›","disabled":true,"id":""},{"text":"Friday, August 1, 2025 19:20","disabled":false,"id":"btn-goto-schedule"},{"text":"Next","disabled":false,"id":"btn-next-day"},{"text":"Inbox","disabled":false,"id":""},{"text":"Idols","disabled":false,"id":""},{"text":"Groups","disabled":false,"id":""},{"text":"Training","disabled":false,"id":""},{"text":"Schedule","disabled":false,"id":""},{"text":"Lives","disabled":false,"id":""},{"text":"Songs","disabled":false,"id":""},{"text":"Making","disabled":false,"id":""},{"text":"Media","disabled":false,"id":""},{"text":"Scout","disabled":false,"id":""},{"text":"Finances","disabled":false,"id":""},{"text":"Mark all read","disabled":true,"id":"btn-inbox-mark-all"},{"text":"* Today's live schedule\n        2025-08-01 - Assistant","disabled":false,"id":""},{"text":"Morning training ended\n        2025-07-31 - Training","disabled":false,"id":""},{"text":"Morning training ended\n        2025-07-30 - Training","disabled":false,"id":""},{"text":"Morning training ended\n        2025-07-29 - Training","disabled":false,"id":""},{"text":"Afternoon training ended\n        2025-07-28 - Training","disabled":false,"id":""},{"text":"Morning training ended\n        2025-07-28 - Training","disabled":false,"id":""},{"text":"Weekly news roundup\n        2025-07-28 - News","disabled":false,"id":""},{"text":"Morning training ended\n        2025-07-25 - Training","disabled":false,"id":""},{"text":"Morning training ended\n        2025-07-24 - Training","disabled":false,"id":""},{"text":"Morning training ended\n        2025-07-23 - Training","disabled":false,"id":""},{"text":"Morning training ended\n        2025-07-22 - Training","disabled":false,"id":""},{"text":"Morning training ended\n        2025-07-21 - Training","disabled":false,"id":""},{"text":"Weekly news roundup\n        2025-07-21 - News","disabled":false,"id":""},{"text":"Morning training ended\n        2025-07-18 - Training","disabled":false,"id":""},{"text":"Morning training ended\n        2025-07-17 - Training","disabled":false,"id":""},{"text":"Morning training ended\n        2025-07-16 - Training","disabled":false,"id":""},{"text":"Morning training ended\n        2025-07-15 - Training","disabled":false,"id":""},{"text":"Morning training ended\n        2025-07-14 - Training","disabled":false,"id":""},{"text":"Weekly news roundup\n        2025-07-14 - News","disabled":false,"id":""}]
[sim_takane_6m] open today's live schedule at 2025-08-01
[sim_takane_6m] open today's live schedule at 2025-08-01
[sim_takane_6m] open today's live schedule at 2025-08-01
[sim_takane_6m] open today's live schedule at 2025-08-01
[sim_takane_6m] open today's live schedule at 2025-08-01
[sim_takane_6m] open today's live schedule at 2025-08-01
[sim_takane_6m] open today's live schedule at 2025-08-01
[sim_takane_6m] open today's live schedule at 2025-08-01
[sim_takane_6m] open today's live schedule at 2025-08-01
[sim_takane_6m] open today's live schedule at 2025-08-01
[sim_takane_6m] open today's live schedule at 2025-08-01
[sim_takane_6m] open today's live schedule at 2025-08-01
[sim_takane_6m] open today's live schedule at 2025-08-01
[sim_takane_6m] open today's live schedule at 2025-08-01
[sim_takane_6m] open today's live schedule at 2025-08-01
[sim_takane_6m] open today's live schedule at 2025-08-01
[sim_takane_6m] open today's live schedule at 2025-08-01
[sim_takane_6m] open today's live schedule at 2025-08-01
[sim_takane_6m] open today's live schedule at 2025-08-01
[sim_takane_6m] step=1750 iso=2025-08-01 display=Friday, August 1, 2025 19:20 stale=1699
[sim_takane_6m] open today's live schedule at 2025-08-01
[sim_takane_6m] stale buttons Friday, August 1, 2025 19:20 :: [{"text":"Main menu","disabled":false,"id":"btn-main-menu"},{"text":"Save game","disabled":false,"id":"btn-save"},{"text":"Load game","disabled":false,"id":"btn-load"},{"text":"New game","disabled":false,"id":"btn-new"},{"text":"Clear slot","disabled":false,"id":"btn-clear"},{"text":"‹","disabled":false,"id":""},{"text":"›","disabled":true,"id":""},{"text":"Friday, August 1, 2025 19:20","disabled":false,"id":"btn-goto-schedule"},{"text":"Next","disabled":false,"id":"btn-next-day"},{"text":"Inbox","disabled":false,"id":""},{"text":"Idols","disabled":false,"id":""},{"text":"Groups","disabled":false,"id":""},{"text":"Training","disabled":false,"id":""},{"text":"Schedule","disabled":false,"id":""},{"text":"Lives","disabled":false,"id":""},{"text":"Songs","disabled":false,"id":""},{"text":"Making","disabled":false,"id":""},{"text":"Media","disabled":false,"id":""},{"text":"Scout","disabled":false,"id":""},{"text":"Finances","disabled":false,"id":""},{"text":"Mark all read","disabled":true,"id":"btn-inbox-mark-all"},{"text":"* Today's live schedule\n        2025-08-01 - Assistant","disabled":false,"id":""},{"text":"Morning training ended\n        2025-07-31 - Training","disabled":false,"id":""},{"text":"Morning training ended\n        2025-07-30 - Training","disabled":false,"id":""},{"text":"Morning training ended\n        2025-07-29 - Training","disabled":false,"id":""},{"text":"Afternoon training ended\n        2025-07-28 - Training","disabled":false,"id":""},{"text":"Morning training ended\n        2025-07-28 - Training","disabled":false,"id":""},{"text":"Weekly news roundup\n        2025-07-28 - News","disabled":false,"id":""},{"text":"Morning training ended\n        2025-07-25 - Training","disabled":false,"id":""},{"text":"Morning training ended\n        2025-07-24 - Training","disabled":false,"id":""},{"text":"Morning training ended\n        2025-07-23 - Training","disabled":false,"id":""},{"text":"Morning training ended\n        2025-07-22 - Training","disabled":false,"id":""},{"text":"Morning training ended\n        2025-07-21 - Training","disabled":false,"id":""},{"text":"Weekly news roundup\n        2025-07-21 - News","disabled":false,"id":""},{"text":"Morning training ended\n        2025-07-18 - Training","disabled":false,"id":""},{"text":"Morning training ended\n        2025-07-17 - Training","disabled":false,"id":""},{"text":"Morning training ended\n        2025-07-16 - Training","disabled":false,"id":""},{"text":"Morning training ended\n        2025-07-15 - Training","disabled":false,"id":""},{"text":"Morning training ended\n        2025-07-14 - Training","disabled":false,"id":""},{"text":"Weekly news roundup\n        2025-07-14 - News","disabled":false,"id":""}]
[sim_takane_6m] open today's live schedule at 2025-08-01
[sim_takane_6m] open today's live schedule at 2025-08-01
[sim_takane_6m] open today's live schedule at 2025-08-01
[sim_takane_6m] open today's live schedule at 2025-08-01
[sim_takane_6m] open today's live schedule at 2025-08-01
[sim_takane_6m] open today's live schedule at 2025-08-01
[sim_takane_6m] open today's live schedule at 2025-08-01
[sim_takane_6m] open today's live schedule at 2025-08-01
[sim_takane_6m] open today's live schedule at 2025-08-01
[sim_takane_6m] open today's live schedule at 2025-08-01
[sim_takane_6m] open today's live schedule at 2025-08-01
[sim_takane_6m] open today's live schedule at 2025-08-01
[sim_takane_6m] open today's live schedule at 2025-08-01
[sim_takane_6m] open today's live schedule at 2025-08-01
[sim_takane_6m] open today's live schedule at 2025-08-01
[sim_takane_6m] open today's live schedule at 2025-08-01
[sim_takane_6m] open today's live schedule at 2025-08-01
[sim_takane_6m] open today's live schedule at 2025-08-01
[sim_takane_6m] open today's live schedule at 2025-08-01
[sim_takane_6m] open today's live schedule at 2025-08-01
[sim_takane_6m] stale buttons Friday, August 1, 2025 19:20 :: [{"text":"Main menu","disabled":false,"id":"btn-main-menu"},{"text":"Save game","disabled":false,"id":"btn-save"},{"text":"Load game","disabled":false,"id":"btn-load"},{"text":"New game","disabled":false,"id":"btn-new"},{"text":"Clear slot","disabled":false,"id":"btn-clear"},{"text":"‹","disabled":false,"id":""},{"text":"›","disabled":true,"id":""},{"text":"Friday, August 1, 2025 19:20","disabled":false,"id":"btn-goto-schedule"},{"text":"Next","disabled":false,"id":"btn-next-day"},{"text":"Inbox","disabled":false,"id":""},{"text":"Idols","disabled":false,"id":""},{"text":"Groups","disabled":false,"id":""},{"text":"Training","disabled":false,"id":""},{"text":"Schedule","disabled":false,"id":""},{"text":"Lives","disabled":false,"id":""},{"text":"Songs","disabled":false,"id":""},{"text":"Making","disabled":false,"id":""},{"text":"Media","disabled":false,"id":""},{"text":"Scout","disabled":false,"id":""},{"text":"Finances","disabled":false,"id":""},{"text":"Mark all read","disabled":true,"id":"btn-inbox-mark-all"},{"text":"* Today's live schedule\n        2025-08-01 - Assistant","disabled":false,"id":""},{"text":"Morning training ended\n        2025-07-31 - Training","disabled":false,"id":""},{"text":"Morning training ended\n        2025-07-30 - Training","disabled":false,"id":""},{"text":"Morning training ended\n        2025-07-29 - Training","disabled":false,"id":""},{"text":"Afternoon training ended\n        2025-07-28 - Training","disabled":false,"id":""},{"text":"Morning training ended\n        2025-07-28 - Training","disabled":false,"id":""},{"text":"Weekly news roundup\n        2025-07-28 - News","disabled":false,"id":""},{"text":"Morning training ended\n        2025-07-25 - Training","disabled":false,"id":""},{"text":"Morning training ended\n        2025-07-24 - Training","disabled":false,"id":""},{"text":"Morning training ended\n        2025-07-23 - Training","disabled":false,"id":""},{"text":"Morning training ended\n        2025-07-22 - Training","disabled":false,"id":""},{"text":"Morning training ended\n        2025-07-21 - Training","disabled":false,"id":""},{"text":"Weekly news roundup\n        2025-07-21 - News","disabled":false,"id":""},{"text":"Morning training ended\n        2025-07-18 - Training","disabled":false,"id":""},{"text":"Morning training ended\n        2025-07-17 - Training","disabled":false,"id":""},{"text":"Morning training ended\n        2025-07-16 - Training","disabled":false,"id":""},{"text":"Morning training ended\n        2025-07-15 - Training","disabled":false,"id":""},{"text":"Morning training ended\n        2025-07-14 - Training","disabled":false,"id":""},{"text":"Weekly news roundup\n        2025-07-14 - News","disabled":false,"id":""}]
[sim_takane_6m] open today's live schedule at 2025-08-01
[sim_takane_6m] open today's live schedule at 2025-08-01
[sim_takane_6m] open today's live schedule at 2025-08-01
[sim_takane_6m] open today's live schedule at 2025-08-01
[sim_takane_6m] step=1775 iso=2025-08-01 display=Friday, August 1, 2025 19:20 stale=1724
[sim_takane_6m] open today's live schedule at 2025-08-01
[sim_takane_6m] open today's live schedule at 2025-08-01
[sim_takane_6m] open today's live schedule at 2025-08-01
[sim_takane_6m] open today's live schedule at 2025-08-01
[sim_takane_6m] open today's live schedule at 2025-08-01
[sim_takane_6m] open today's live schedule at 2025-08-01
[sim_takane_6m] open today's live schedule at 2025-08-01
[sim_takane_6m] open today's live schedule at 2025-08-01
[sim_takane_6m] open today's live schedule at 2025-08-01
[sim_takane_6m] open today's live schedule at 2025-08-01
[sim_takane_6m] open today's live schedule at 2025-08-01
[sim_takane_6m] open today's live schedule at 2025-08-01
[sim_takane_6m] open today's live schedule at 2025-08-01
[sim_takane_6m] open today's live schedule at 2025-08-01
[sim_takane_6m] open today's live schedule at 2025-08-01
[sim_takane_6m] open today's live schedule at 2025-08-01
[sim_takane_6m] stale buttons Friday, August 1, 2025 19:20 :: [{"text":"Main menu","disabled":false,"id":"btn-main-menu"},{"text":"Save game","disabled":false,"id":"btn-save"},{"text":"Load game","disabled":false,"id":"btn-load"},{"text":"New game","disabled":false,"id":"btn-new"},{"text":"Clear slot","disabled":false,"id":"btn-clear"},{"text":"‹","disabled":false,"id":""},{"text":"›","disabled":true,"id":""},{"text":"Friday, August 1, 2025 19:20","disabled":false,"id":"btn-goto-schedule"},{"text":"Next","disabled":false,"id":"btn-next-day"},{"text":"Inbox","disabled":false,"id":""},{"text":"Idols","disabled":false,"id":""},{"text":"Groups","disabled":false,"id":""},{"text":"Training","disabled":false,"id":""},{"text":"Schedule","disabled":false,"id":""},{"text":"Lives","disabled":false,"id":""},{"text":"Songs","disabled":false,"id":""},{"text":"Making","disabled":false,"id":""},{"text":"Media","disabled":false,"id":""},{"text":"Scout","disabled":false,"id":""},{"text":"Finances","disabled":false,"id":""},{"text":"Mark all read","disabled":true,"id":"btn-inbox-mark-all"},{"text":"* Today's live schedule\n        2025-08-01 - Assistant","disabled":false,"id":""},{"text":"Morning training ended\n        2025-07-31 - Training","disabled":false,"id":""},{"text":"Morning training ended\n        2025-07-30 - Training","disabled":false,"id":""},{"text":"Morning training ended\n        2025-07-29 - Training","disabled":false,"id":""},{"text":"Afternoon training ended\n        2025-07-28 - Training","disabled":false,"id":""},{"text":"Morning training ended\n        2025-07-28 - Training","disabled":false,"id":""},{"text":"Weekly news roundup\n        2025-07-28 - News","disabled":false,"id":""},{"text":"Morning training ended\n        2025-07-25 - Training","disabled":false,"id":""},{"text":"Morning training ended\n        2025-07-24 - Training","disabled":false,"id":""},{"text":"Morning training ended\n        2025-07-23 - Training","disabled":false,"id":""},{"text":"Morning training ended\n        2025-07-22 - Training","disabled":false,"id":""},{"text":"Morning training ended\n        2025-07-21 - Training","disabled":false,"id":""},{"text":"Weekly news roundup\n        2025-07-21 - News","disabled":false,"id":""},{"text":"Morning training ended\n        2025-07-18 - Training","disabled":false,"id":""},{"text":"Morning training ended\n        2025-07-17 - Training","disabled":false,"id":""},{"text":"Morning training ended\n        2025-07-16 - Training","disabled":false,"id":""},{"text":"Morning training ended\n        2025-07-15 - Training","disabled":false,"id":""},{"text":"Morning training ended\n        2025-07-14 - Training","disabled":false,"id":""},{"text":"Weekly news roundup\n        2025-07-14 - News","disabled":false,"id":""}]
[sim_takane_6m] open today's live schedule at 2025-08-01
[sim_takane_6m] open today's live schedule at 2025-08-01
[sim_takane_6m] open today's live schedule at 2025-08-01
[sim_takane_6m] open today's live schedule at 2025-08-01
[sim_takane_6m] open today's live schedule at 2025-08-01
[sim_takane_6m] open today's live schedule at 2025-08-01
[sim_takane_6m] open today's live schedule at 2025-08-01
[sim_takane_6m] open today's live schedule at 2025-08-01
[sim_takane_6m] open today's live schedule at 2025-08-01
[sim_takane_6m] step=1800 iso=2025-08-01 display=Friday, August 1, 2025 19:20 stale=1749
[sim_takane_6m] open today's live schedule at 2025-08-01
[sim_takane_6m] open today's live schedule at 2025-08-01
[sim_takane_6m] open today's live schedule at 2025-08-01
[sim_takane_6m] open today's live schedule at 2025-08-01
[sim_takane_6m] open today's live schedule at 2025-08-01
[sim_takane_6m] open today's live schedule at 2025-08-01
[sim_takane_6m] open today's live schedule at 2025-08-01
[sim_takane_6m] open today's live schedule at 2025-08-01
[sim_takane_6m] open today's live schedule at 2025-08-01
[sim_takane_6m] open today's live schedule at 2025-08-01
[sim_takane_6m] open today's live schedule at 2025-08-01
[sim_takane_6m] stale buttons Friday, August 1, 2025 19:20 :: [{"text":"Main menu","disabled":false,"id":"btn-main-menu"},{"text":"Save game","disabled":false,"id":"btn-save"},{"text":"Load game","disabled":false,"id":"btn-load"},{"text":"New game","disabled":false,"id":"btn-new"},{"text":"Clear slot","disabled":false,"id":"btn-clear"},{"text":"‹","disabled":false,"id":""},{"text":"›","disabled":true,"id":""},{"text":"Friday, August 1, 2025 19:20","disabled":false,"id":"btn-goto-schedule"},{"text":"Next","disabled":false,"id":"btn-next-day"},{"text":"Inbox","disabled":false,"id":""},{"text":"Idols","disabled":false,"id":""},{"text":"Groups","disabled":false,"id":""},{"text":"Training","disabled":false,"id":""},{"text":"Schedule","disabled":false,"id":""},{"text":"Lives","disabled":false,"id":""},{"text":"Songs","disabled":false,"id":""},{"text":"Making","disabled":false,"id":""},{"text":"Media","disabled":false,"id":""},{"text":"Scout","disabled":false,"id":""},{"text":"Finances","disabled":false,"id":""},{"text":"Mark all read","disabled":true,"id":"btn-inbox-mark-all"},{"text":"* Today's live schedule\n        2025-08-01 - Assistant","disabled":false,"id":""},{"text":"Morning training ended\n        2025-07-31 - Training","disabled":false,"id":""},{"text":"Morning training ended\n        2025-07-30 - Training","disabled":false,"id":""},{"text":"Morning training ended\n        2025-07-29 - Training","disabled":false,"id":""},{"text":"Afternoon training ended\n        2025-07-28 - Training","disabled":false,"id":""},{"text":"Morning training ended\n        2025-07-28 - Training","disabled":false,"id":""},{"text":"Weekly news roundup\n        2025-07-28 - News","disabled":false,"id":""},{"text":"Morning training ended\n        2025-07-25 - Training","disabled":false,"id":""},{"text":"Morning training ended\n        2025-07-24 - Training","disabled":false,"id":""},{"text":"Morning training ended\n        2025-07-23 - Training","disabled":false,"id":""},{"text":"Morning training ended\n        2025-07-22 - Training","disabled":false,"id":""},{"text":"Morning training ended\n        2025-07-21 - Training","disabled":false,"id":""},{"text":"Weekly news roundup\n        2025-07-21 - News","disabled":false,"id":""},{"text":"Morning training ended\n        2025-07-18 - Training","disabled":false,"id":""},{"text":"Morning training ended\n        2025-07-17 - Training","disabled":false,"id":""},{"text":"Morning training ended\n        2025-07-16 - Training","disabled":false,"id":""},{"text":"Morning training ended\n        2025-07-15 - Training","disabled":false,"id":""},{"text":"Morning training ended\n        2025-07-14 - Training","disabled":false,"id":""},{"text":"Weekly news roundup\n        2025-07-14 - News","disabled":false,"id":""}]
[sim_takane_6m] open today's live schedule at 2025-08-01
[sim_takane_6m] open today's live schedule at 2025-08-01
[sim_takane_6m] open today's live schedule at 2025-08-01
[sim_takane_6m] open today's live schedule at 2025-08-01
[sim_takane_6m] open today's live schedule at 2025-08-01
[sim_takane_6m] open today's live schedule at 2025-08-01
[sim_takane_6m] open today's live schedule at 2025-08-01
[sim_takane_6m] open today's live schedule at 2025-08-01
[sim_takane_6m] open today's live schedule at 2025-08-01
[sim_takane_6m] open today's live schedule at 2025-08-01
[sim_takane_6m] open today's live schedule at 2025-08-01
[sim_takane_6m] open today's live schedule at 2025-08-01
[sim_takane_6m] open today's live schedule at 2025-08-01
[sim_takane_6m] open today's live schedule at 2025-08-01
[sim_takane_6m] step=1825 iso=2025-08-01 display=Friday, August 1, 2025 19:20 stale=1774
[sim_takane_6m] open today's live schedule at 2025-08-01
[sim_takane_6m] open today's live schedule at 2025-08-01
[sim_takane_6m] open today's live schedule at 2025-08-01
[sim_takane_6m] open today's live schedule at 2025-08-01
[sim_takane_6m] open today's live schedule at 2025-08-01
[sim_takane_6m] open today's live schedule at 2025-08-01
[sim_takane_6m] stale buttons Friday, August 1, 2025 19:20 :: [{"text":"Main menu","disabled":false,"id":"btn-main-menu"},{"text":"Save game","disabled":false,"id":"btn-save"},{"text":"Load game","disabled":false,"id":"btn-load"},{"text":"New game","disabled":false,"id":"btn-new"},{"text":"Clear slot","disabled":false,"id":"btn-clear"},{"text":"‹","disabled":false,"id":""},{"text":"›","disabled":true,"id":""},{"text":"Friday, August 1, 2025 19:20","disabled":false,"id":"btn-goto-schedule"},{"text":"Next","disabled":false,"id":"btn-next-day"},{"text":"Inbox","disabled":false,"id":""},{"text":"Idols","disabled":false,"id":""},{"text":"Groups","disabled":false,"id":""},{"text":"Training","disabled":false,"id":""},{"text":"Schedule","disabled":false,"id":""},{"text":"Lives","disabled":false,"id":""},{"text":"Songs","disabled":false,"id":""},{"text":"Making","disabled":false,"id":""},{"text":"Media","disabled":false,"id":""},{"text":"Scout","disabled":false,"id":""},{"text":"Finances","disabled":false,"id":""},{"text":"Mark all read","disabled":true,"id":"btn-inbox-mark-all"},{"text":"* Today's live schedule\n        2025-08-01 - Assistant","disabled":false,"id":""},{"text":"Morning training ended\n        2025-07-31 - Training","disabled":false,"id":""},{"text":"Morning training ended\n        2025-07-30 - Training","disabled":false,"id":""},{"text":"Morning training ended\n        2025-07-29 - Training","disabled":false,"id":""},{"text":"Afternoon training ended\n        2025-07-28 - Training","disabled":false,"id":""},{"text":"Morning training ended\n        2025-07-28 - Training","disabled":false,"id":""},{"text":"Weekly news roundup\n        2025-07-28 - News","disabled":false,"id":""},{"text":"Morning training ended\n        2025-07-25 - Training","disabled":false,"id":""},{"text":"Morning training ended\n        2025-07-24 - Training","disabled":false,"id":""},{"text":"Morning training ended\n        2025-07-23 - Training","disabled":false,"id":""},{"text":"Morning training ended\n        2025-07-22 - Training","disabled":false,"id":""},{"text":"Morning training ended\n        2025-07-21 - Training","disabled":false,"id":""},{"text":"Weekly news roundup\n        2025-07-21 - News","disabled":false,"id":""},{"text":"Morning training ended\n        2025-07-18 - Training","disabled":false,"id":""},{"text":"Morning training ended\n        2025-07-17 - Training","disabled":false,"id":""},{"text":"Morning training ended\n        2025-07-16 - Training","disabled":false,"id":""},{"text":"Morning training ended\n        2025-07-15 - Training","disabled":false,"id":""},{"text":"Morning training ended\n        2025-07-14 - Training","disabled":false,"id":""},{"text":"Weekly news roundup\n        2025-07-14 - News","disabled":false,"id":""}]
[sim_takane_6m] open today's live schedule at 2025-08-01
[sim_takane_6m] open today's live schedule at 2025-08-01
[sim_takane_6m] open today's live schedule at 2025-08-01
[sim_takane_6m] open today's live schedule at 2025-08-01
[sim_takane_6m] open today's live schedule at 2025-08-01
[sim_takane_6m] open today's live schedule at 2025-08-01
[sim_takane_6m] open today's live schedule at 2025-08-01
[sim_takane_6m] open today's live schedule at 2025-08-01
[sim_takane_6m] open today's live schedule at 2025-08-01
[sim_takane_6m] open today's live schedule at 2025-08-01
[sim_takane_6m] open today's live schedule at 2025-08-01
[sim_takane_6m] open today's live schedule at 2025-08-01
[sim_takane_6m] open today's live schedule at 2025-08-01
[sim_takane_6m] open today's live schedule at 2025-08-01
[sim_takane_6m] open today's live schedule at 2025-08-01
[sim_takane_6m] open today's live schedule at 2025-08-01
[sim_takane_6m] open today's live schedule at 2025-08-01
[sim_takane_6m] open today's live schedule at 2025-08-01
[sim_takane_6m] open today's live schedule at 2025-08-01
[sim_takane_6m] step=1850 iso=2025-08-01 display=Friday, August 1, 2025 19:20 stale=1799
[sim_takane_6m] open today's live schedule at 2025-08-01
[sim_takane_6m] stale buttons Friday, August 1, 2025 19:20 :: [{"text":"Main menu","disabled":false,"id":"btn-main-menu"},{"text":"Save game","disabled":false,"id":"btn-save"},{"text":"Load game","disabled":false,"id":"btn-load"},{"text":"New game","disabled":false,"id":"btn-new"},{"text":"Clear slot","disabled":false,"id":"btn-clear"},{"text":"‹","disabled":false,"id":""},{"text":"›","disabled":true,"id":""},{"text":"Friday, August 1, 2025 19:20","disabled":false,"id":"btn-goto-schedule"},{"text":"Next","disabled":false,"id":"btn-next-day"},{"text":"Inbox","disabled":false,"id":""},{"text":"Idols","disabled":false,"id":""},{"text":"Groups","disabled":false,"id":""},{"text":"Training","disabled":false,"id":""},{"text":"Schedule","disabled":false,"id":""},{"text":"Lives","disabled":false,"id":""},{"text":"Songs","disabled":false,"id":""},{"text":"Making","disabled":false,"id":""},{"text":"Media","disabled":false,"id":""},{"text":"Scout","disabled":false,"id":""},{"text":"Finances","disabled":false,"id":""},{"text":"Mark all read","disabled":true,"id":"btn-inbox-mark-all"},{"text":"* Today's live schedule\n        2025-08-01 - Assistant","disabled":false,"id":""},{"text":"Morning training ended\n        2025-07-31 - Training","disabled":false,"id":""},{"text":"Morning training ended\n        2025-07-30 - Training","disabled":false,"id":""},{"text":"Morning training ended\n        2025-07-29 - Training","disabled":false,"id":""},{"text":"Afternoon training ended\n        2025-07-28 - Training","disabled":false,"id":""},{"text":"Morning training ended\n        2025-07-28 - Training","disabled":false,"id":""},{"text":"Weekly news roundup\n        2025-07-28 - News","disabled":false,"id":""},{"text":"Morning training ended\n        2025-07-25 - Training","disabled":false,"id":""},{"text":"Morning training ended\n        2025-07-24 - Training","disabled":false,"id":""},{"text":"Morning training ended\n        2025-07-23 - Training","disabled":false,"id":""},{"text":"Morning training ended\n        2025-07-22 - Training","disabled":false,"id":""},{"text":"Morning training ended\n        2025-07-21 - Training","disabled":false,"id":""},{"text":"Weekly news roundup\n        2025-07-21 - News","disabled":false,"id":""},{"text":"Morning training ended\n        2025-07-18 - Training","disabled":false,"id":""},{"text":"Morning training ended\n        2025-07-17 - Training","disabled":false,"id":""},{"text":"Morning training ended\n        2025-07-16 - Training","disabled":false,"id":""},{"text":"Morning training ended\n        2025-07-15 - Training","disabled":false,"id":""},{"text":"Morning training ended\n        2025-07-14 - Training","disabled":false,"id":""},{"text":"Weekly news roundup\n        2025-07-14 - News","disabled":false,"id":""}]
[sim_takane_6m] open today's live schedule at 2025-08-01
[sim_takane_6m] open today's live schedule at 2025-08-01
[sim_takane_6m] open today's live schedule at 2025-08-01
[sim_takane_6m] open today's live schedule at 2025-08-01
[sim_takane_6m] open today's live schedule at 2025-08-01
[sim_takane_6m] open today's live schedule at 2025-08-01
[sim_takane_6m] open today's live schedule at 2025-08-01
[sim_takane_6m] open today's live schedule at 2025-08-01
[sim_takane_6m] open today's live schedule at 2025-08-01
[sim_takane_6m] open today's live schedule at 2025-08-01
[sim_takane_6m] open today's live schedule at 2025-08-01
[sim_takane_6m] open today's live schedule at 2025-08-01
[sim_takane_6m] open today's live schedule at 2025-08-01
[sim_takane_6m] open today's live schedule at 2025-08-01
[sim_takane_6m] open today's live schedule at 2025-08-01
[sim_takane_6m] open today's live schedule at 2025-08-01
[sim_takane_6m] open today's live schedule at 2025-08-01
[sim_takane_6m] open today's live schedule at 2025-08-01
[sim_takane_6m] open today's live schedule at 2025-08-01
[sim_takane_6m] open today's live schedule at 2025-08-01
[sim_takane_6m] stale buttons Friday, August 1, 2025 19:20 :: [{"text":"Main menu","disabled":false,"id":"btn-main-menu"},{"text":"Save game","disabled":false,"id":"btn-save"},{"text":"Load game","disabled":false,"id":"btn-load"},{"text":"New game","disabled":false,"id":"btn-new"},{"text":"Clear slot","disabled":false,"id":"btn-clear"},{"text":"‹","disabled":false,"id":""},{"text":"›","disabled":true,"id":""},{"text":"Friday, August 1, 2025 19:20","disabled":false,"id":"btn-goto-schedule"},{"text":"Next","disabled":false,"id":"btn-next-day"},{"text":"Inbox","disabled":false,"id":""},{"text":"Idols","disabled":false,"id":""},{"text":"Groups","disabled":false,"id":""},{"text":"Training","disabled":false,"id":""},{"text":"Schedule","disabled":false,"id":""},{"text":"Lives","disabled":false,"id":""},{"text":"Songs","disabled":false,"id":""},{"text":"Making","disabled":false,"id":""},{"text":"Media","disabled":false,"id":""},{"text":"Scout","disabled":false,"id":""},{"text":"Finances","disabled":false,"id":""},{"text":"Mark all read","disabled":true,"id":"btn-inbox-mark-all"},{"text":"* Today's live schedule\n        2025-08-01 - Assistant","disabled":false,"id":""},{"text":"Morning training ended\n        2025-07-31 - Training","disabled":false,"id":""},{"text":"Morning training ended\n        2025-07-30 - Training","disabled":false,"id":""},{"text":"Morning training ended\n        2025-07-29 - Training","disabled":false,"id":""},{"text":"Afternoon training ended\n        2025-07-28 - Training","disabled":false,"id":""},{"text":"Morning training ended\n        2025-07-28 - Training","disabled":false,"id":""},{"text":"Weekly news roundup\n        2025-07-28 - News","disabled":false,"id":""},{"text":"Morning training ended\n        2025-07-25 - Training","disabled":false,"id":""},{"text":"Morning training ended\n        2025-07-24 - Training","disabled":false,"id":""},{"text":"Morning training ended\n        2025-07-23 - Training","disabled":false,"id":""},{"text":"Morning training ended\n        2025-07-22 - Training","disabled":false,"id":""},{"text":"Morning training ended\n        2025-07-21 - Training","disabled":false,"id":""},{"text":"Weekly news roundup\n        2025-07-21 - News","disabled":false,"id":""},{"text":"Morning training ended\n        2025-07-18 - Training","disabled":false,"id":""},{"text":"Morning training ended\n        2025-07-17 - Training","disabled":false,"id":""},{"text":"Morning training ended\n        2025-07-16 - Training","disabled":false,"id":""},{"text":"Morning training ended\n        2025-07-15 - Training","disabled":false,"id":""},{"text":"Morning training ended\n        2025-07-14 - Training","disabled":false,"id":""},{"text":"Weekly news roundup\n        2025-07-14 - News","disabled":false,"id":""}]
[sim_takane_6m] open today's live schedule at 2025-08-01
[sim_takane_6m] open today's live schedule at 2025-08-01
[sim_takane_6m] open today's live schedule at 2025-08-01
[sim_takane_6m] open today's live schedule at 2025-08-01
[sim_takane_6m] step=1875 iso=2025-08-01 display=Friday, August 1, 2025 19:20 stale=1824
[sim_takane_6m] open today's live schedule at 2025-08-01
[sim_takane_6m] open today's live schedule at 2025-08-01
[sim_takane_6m] open today's live schedule at 2025-08-01
[sim_takane_6m] open today's live schedule at 2025-08-01
[sim_takane_6m] open today's live schedule at 2025-08-01
[sim_takane_6m] open today's live schedule at 2025-08-01
[sim_takane_6m] open today's live schedule at 2025-08-01
[sim_takane_6m] open today's live schedule at 2025-08-01
[sim_takane_6m] open today's live schedule at 2025-08-01
[sim_takane_6m] open today's live schedule at 2025-08-01
[sim_takane_6m] open today's live schedule at 2025-08-01
[sim_takane_6m] open today's live schedule at 2025-08-01
[sim_takane_6m] open today's live schedule at 2025-08-01
[sim_takane_6m] open today's live schedule at 2025-08-01
[sim_takane_6m] open today's live schedule at 2025-08-01
[sim_takane_6m] open today's live schedule at 2025-08-01
[sim_takane_6m] stale buttons Friday, August 1, 2025 19:20 :: [{"text":"Main menu","disabled":false,"id":"btn-main-menu"},{"text":"Save game","disabled":false,"id":"btn-save"},{"text":"Load game","disabled":false,"id":"btn-load"},{"text":"New game","disabled":false,"id":"btn-new"},{"text":"Clear slot","disabled":false,"id":"btn-clear"},{"text":"‹","disabled":false,"id":""},{"text":"›","disabled":true,"id":""},{"text":"Friday, August 1, 2025 19:20","disabled":false,"id":"btn-goto-schedule"},{"text":"Next","disabled":false,"id":"btn-next-day"},{"text":"Inbox","disabled":false,"id":""},{"text":"Idols","disabled":false,"id":""},{"text":"Groups","disabled":false,"id":""},{"text":"Training","disabled":false,"id":""},{"text":"Schedule","disabled":false,"id":""},{"text":"Lives","disabled":false,"id":""},{"text":"Songs","disabled":false,"id":""},{"text":"Making","disabled":false,"id":""},{"text":"Media","disabled":false,"id":""},{"text":"Scout","disabled":false,"id":""},{"text":"Finances","disabled":false,"id":""},{"text":"Mark all read","disabled":true,"id":"btn-inbox-mark-all"},{"text":"* Today's live schedule\n        2025-08-01 - Assistant","disabled":false,"id":""},{"text":"Morning training ended\n        2025-07-31 - Training","disabled":false,"id":""},{"text":"Morning training ended\n        2025-07-30 - Training","disabled":false,"id":""},{"text":"Morning training ended\n        2025-07-29 - Training","disabled":false,"id":""},{"text":"Afternoon training ended\n        2025-07-28 - Training","disabled":false,"id":""},{"text":"Morning training ended\n        2025-07-28 - Training","disabled":false,"id":""},{"text":"Weekly news roundup\n        2025-07-28 - News","disabled":false,"id":""},{"text":"Morning training ended\n        2025-07-25 - Training","disabled":false,"id":""},{"text":"Morning training ended\n        2025-07-24 - Training","disabled":false,"id":""},{"text":"Morning training ended\n        2025-07-23 - Training","disabled":false,"id":""},{"text":"Morning training ended\n        2025-07-22 - Training","disabled":false,"id":""},{"text":"Morning training ended\n        2025-07-21 - Training","disabled":false,"id":""},{"text":"Weekly news roundup\n        2025-07-21 - News","disabled":false,"id":""},{"text":"Morning training ended\n        2025-07-18 - Training","disabled":false,"id":""},{"text":"Morning training ended\n        2025-07-17 - Training","disabled":false,"id":""},{"text":"Morning training ended\n        2025-07-16 - Training","disabled":false,"id":""},{"text":"Morning training ended\n        2025-07-15 - Training","disabled":false,"id":""},{"text":"Morning training ended\n        2025-07-14 - Training","disabled":false,"id":""},{"text":"Weekly news roundup\n        2025-07-14 - News","disabled":false,"id":""}]
[sim_takane_6m] open today's live schedule at 2025-08-01
[sim_takane_6m] open today's live schedule at 2025-08-01
[sim_takane_6m] open today's live schedule at 2025-08-01
[sim_takane_6m] open today's live schedule at 2025-08-01
[sim_takane_6m] open today's live schedule at 2025-08-01
[sim_takane_6m] open today's live schedule at 2025-08-01
[sim_takane_6m] open today's live schedule at 2025-08-01
[sim_takane_6m] open today's live schedule at 2025-08-01
[sim_takane_6m] open today's live schedule at 2025-08-01
[sim_takane_6m] step=1900 iso=2025-08-01 display=Friday, August 1, 2025 19:20 stale=1849
[sim_takane_6m] open today's live schedule at 2025-08-01
[sim_takane_6m] open today's live schedule at 2025-08-01
[sim_takane_6m] open today's live schedule at 2025-08-01
[sim_takane_6m] open today's live schedule at 2025-08-01
[sim_takane_6m] open today's live schedule at 2025-08-01
[sim_takane_6m] open today's live schedule at 2025-08-01
[sim_takane_6m] open today's live schedule at 2025-08-01
[sim_takane_6m] open today's live schedule at 2025-08-01
[sim_takane_6m] open today's live schedule at 2025-08-01
[sim_takane_6m] open today's live schedule at 2025-08-01
[sim_takane_6m] open today's live schedule at 2025-08-01
[sim_takane_6m] stale buttons Friday, August 1, 2025 19:20 :: [{"text":"Main menu","disabled":false,"id":"btn-main-menu"},{"text":"Save game","disabled":false,"id":"btn-save"},{"text":"Load game","disabled":false,"id":"btn-load"},{"text":"New game","disabled":false,"id":"btn-new"},{"text":"Clear slot","disabled":false,"id":"btn-clear"},{"text":"‹","disabled":false,"id":""},{"text":"›","disabled":true,"id":""},{"text":"Friday, August 1, 2025 19:20","disabled":false,"id":"btn-goto-schedule"},{"text":"Next","disabled":false,"id":"btn-next-day"},{"text":"Inbox","disabled":false,"id":""},{"text":"Idols","disabled":false,"id":""},{"text":"Groups","disabled":false,"id":""},{"text":"Training","disabled":false,"id":""},{"text":"Schedule","disabled":false,"id":""},{"text":"Lives","disabled":false,"id":""},{"text":"Songs","disabled":false,"id":""},{"text":"Making","disabled":false,"id":""},{"text":"Media","disabled":false,"id":""},{"text":"Scout","disabled":false,"id":""},{"text":"Finances","disabled":false,"id":""},{"text":"Mark all read","disabled":true,"id":"btn-inbox-mark-all"},{"text":"* Today's live schedule\n        2025-08-01 - Assistant","disabled":false,"id":""},{"text":"Morning training ended\n        2025-07-31 - Training","disabled":false,"id":""},{"text":"Morning training ended\n        2025-07-30 - Training","disabled":false,"id":""},{"text":"Morning training ended\n        2025-07-29 - Training","disabled":false,"id":""},{"text":"Afternoon training ended\n        2025-07-28 - Training","disabled":false,"id":""},{"text":"Morning training ended\n        2025-07-28 - Training","disabled":false,"id":""},{"text":"Weekly news roundup\n        2025-07-28 - News","disabled":false,"id":""},{"text":"Morning training ended\n        2025-07-25 - Training","disabled":false,"id":""},{"text":"Morning training ended\n        2025-07-24 - Training","disabled":false,"id":""},{"text":"Morning training ended\n        2025-07-23 - Training","disabled":false,"id":""},{"text":"Morning training ended\n        2025-07-22 - Training","disabled":false,"id":""},{"text":"Morning training ended\n        2025-07-21 - Training","disabled":false,"id":""},{"text":"Weekly news roundup\n        2025-07-21 - News","disabled":false,"id":""},{"text":"Morning training ended\n        2025-07-18 - Training","disabled":false,"id":""},{"text":"Morning training ended\n        2025-07-17 - Training","disabled":false,"id":""},{"text":"Morning training ended\n        2025-07-16 - Training","disabled":false,"id":""},{"text":"Morning training ended\n        2025-07-15 - Training","disabled":false,"id":""},{"text":"Morning training ended\n        2025-07-14 - Training","disabled":false,"id":""},{"text":"Weekly news roundup\n        2025-07-14 - News","disabled":false,"id":""}]
[sim_takane_6m] open today's live schedule at 2025-08-01
[sim_takane_6m] open today's live schedule at 2025-08-01
[sim_takane_6m] open today's live schedule at 2025-08-01
[sim_takane_6m] open today's live schedule at 2025-08-01
[sim_takane_6m] open today's live schedule at 2025-08-01
[sim_takane_6m] open today's live schedule at 2025-08-01
[sim_takane_6m] open today's live schedule at 2025-08-01
[sim_takane_6m] open today's live schedule at 2025-08-01
[sim_takane_6m] open today's live schedule at 2025-08-01
[sim_takane_6m] open today's live schedule at 2025-08-01
[sim_takane_6m] open today's live schedule at 2025-08-01
[sim_takane_6m] open today's live schedule at 2025-08-01
[sim_takane_6m] open today's live schedule at 2025-08-01
[sim_takane_6m] open today's live schedule at 2025-08-01
[sim_takane_6m] step=1925 iso=2025-08-01 display=Friday, August 1, 2025 19:20 stale=1874
[sim_takane_6m] open today's live schedule at 2025-08-01
[sim_takane_6m] open today's live schedule at 2025-08-01
[sim_takane_6m] open today's live schedule at 2025-08-01
[sim_takane_6m] open today's live schedule at 2025-08-01
[sim_takane_6m] open today's live schedule at 2025-08-01
[sim_takane_6m] open today's live schedule at 2025-08-01
[sim_takane_6m] stale buttons Friday, August 1, 2025 19:20 :: [{"text":"Main menu","disabled":false,"id":"btn-main-menu"},{"text":"Save game","disabled":false,"id":"btn-save"},{"text":"Load game","disabled":false,"id":"btn-load"},{"text":"New game","disabled":false,"id":"btn-new"},{"text":"Clear slot","disabled":false,"id":"btn-clear"},{"text":"‹","disabled":false,"id":""},{"text":"›","disabled":true,"id":""},{"text":"Friday, August 1, 2025 19:20","disabled":false,"id":"btn-goto-schedule"},{"text":"Next","disabled":false,"id":"btn-next-day"},{"text":"Inbox","disabled":false,"id":""},{"text":"Idols","disabled":false,"id":""},{"text":"Groups","disabled":false,"id":""},{"text":"Training","disabled":false,"id":""},{"text":"Schedule","disabled":false,"id":""},{"text":"Lives","disabled":false,"id":""},{"text":"Songs","disabled":false,"id":""},{"text":"Making","disabled":false,"id":""},{"text":"Media","disabled":false,"id":""},{"text":"Scout","disabled":false,"id":""},{"text":"Finances","disabled":false,"id":""},{"text":"Mark all read","disabled":true,"id":"btn-inbox-mark-all"},{"text":"* Today's live schedule\n        2025-08-01 - Assistant","disabled":false,"id":""},{"text":"Morning training ended\n        2025-07-31 - Training","disabled":false,"id":""},{"text":"Morning training ended\n        2025-07-30 - Training","disabled":false,"id":""},{"text":"Morning training ended\n        2025-07-29 - Training","disabled":false,"id":""},{"text":"Afternoon training ended\n        2025-07-28 - Training","disabled":false,"id":""},{"text":"Morning training ended\n        2025-07-28 - Training","disabled":false,"id":""},{"text":"Weekly news roundup\n        2025-07-28 - News","disabled":false,"id":""},{"text":"Morning training ended\n        2025-07-25 - Training","disabled":false,"id":""},{"text":"Morning training ended\n        2025-07-24 - Training","disabled":false,"id":""},{"text":"Morning training ended\n        2025-07-23 - Training","disabled":false,"id":""},{"text":"Morning training ended\n        2025-07-22 - Training","disabled":false,"id":""},{"text":"Morning training ended\n        2025-07-21 - Training","disabled":false,"id":""},{"text":"Weekly news roundup\n        2025-07-21 - News","disabled":false,"id":""},{"text":"Morning training ended\n        2025-07-18 - Training","disabled":false,"id":""},{"text":"Morning training ended\n        2025-07-17 - Training","disabled":false,"id":""},{"text":"Morning training ended\n        2025-07-16 - Training","disabled":false,"id":""},{"text":"Morning training ended\n        2025-07-15 - Training","disabled":false,"id":""},{"text":"Morning training ended\n        2025-07-14 - Training","disabled":false,"id":""},{"text":"Weekly news roundup\n        2025-07-14 - News","disabled":false,"id":""}]
[sim_takane_6m] open today's live schedule at 2025-08-01
[sim_takane_6m] open today's live schedule at 2025-08-01
[sim_takane_6m] open today's live schedule at 2025-08-01
[sim_takane_6m] open today's live schedule at 2025-08-01
[sim_takane_6m] open today's live schedule at 2025-08-01
[sim_takane_6m] open today's live schedule at 2025-08-01
[sim_takane_6m] open today's live schedule at 2025-08-01
[sim_takane_6m] open today's live schedule at 2025-08-01
[sim_takane_6m] open today's live schedule at 2025-08-01
[sim_takane_6m] open today's live schedule at 2025-08-01
[sim_takane_6m] open today's live schedule at 2025-08-01
[sim_takane_6m] open today's live schedule at 2025-08-01
[sim_takane_6m] open today's live schedule at 2025-08-01
[sim_takane_6m] open today's live schedule at 2025-08-01
[sim_takane_6m] open today's live schedule at 2025-08-01
[sim_takane_6m] open today's live schedule at 2025-08-01
[sim_takane_6m] open today's live schedule at 2025-08-01
[sim_takane_6m] open today's live schedule at 2025-08-01
[sim_takane_6m] open today's live schedule at 2025-08-01
[sim_takane_6m] step=1950 iso=2025-08-01 display=Friday, August 1, 2025 19:20 stale=1899
[sim_takane_6m] open today's live schedule at 2025-08-01
[sim_takane_6m] stale buttons Friday, August 1, 2025 19:20 :: [{"text":"Main menu","disabled":false,"id":"btn-main-menu"},{"text":"Save game","disabled":false,"id":"btn-save"},{"text":"Load game","disabled":false,"id":"btn-load"},{"text":"New game","disabled":false,"id":"btn-new"},{"text":"Clear slot","disabled":false,"id":"btn-clear"},{"text":"‹","disabled":false,"id":""},{"text":"›","disabled":true,"id":""},{"text":"Friday, August 1, 2025 19:20","disabled":false,"id":"btn-goto-schedule"},{"text":"Next","disabled":false,"id":"btn-next-day"},{"text":"Inbox","disabled":false,"id":""},{"text":"Idols","disabled":false,"id":""},{"text":"Groups","disabled":false,"id":""},{"text":"Training","disabled":false,"id":""},{"text":"Schedule","disabled":false,"id":""},{"text":"Lives","disabled":false,"id":""},{"text":"Songs","disabled":false,"id":""},{"text":"Making","disabled":false,"id":""},{"text":"Media","disabled":false,"id":""},{"text":"Scout","disabled":false,"id":""},{"text":"Finances","disabled":false,"id":""},{"text":"Mark all read","disabled":true,"id":"btn-inbox-mark-all"},{"text":"* Today's live schedule\n        2025-08-01 - Assistant","disabled":false,"id":""},{"text":"Morning training ended\n        2025-07-31 - Training","disabled":false,"id":""},{"text":"Morning training ended\n        2025-07-30 - Training","disabled":false,"id":""},{"text":"Morning training ended\n        2025-07-29 - Training","disabled":false,"id":""},{"text":"Afternoon training ended\n        2025-07-28 - Training","disabled":false,"id":""},{"text":"Morning training ended\n        2025-07-28 - Training","disabled":false,"id":""},{"text":"Weekly news roundup\n        2025-07-28 - News","disabled":false,"id":""},{"text":"Morning training ended\n        2025-07-25 - Training","disabled":false,"id":""},{"text":"Morning training ended\n        2025-07-24 - Training","disabled":false,"id":""},{"text":"Morning training ended\n        2025-07-23 - Training","disabled":false,"id":""},{"text":"Morning training ended\n        2025-07-22 - Training","disabled":false,"id":""},{"text":"Morning training ended\n        2025-07-21 - Training","disabled":false,"id":""},{"text":"Weekly news roundup\n        2025-07-21 - News","disabled":false,"id":""},{"text":"Morning training ended\n        2025-07-18 - Training","disabled":false,"id":""},{"text":"Morning training ended\n        2025-07-17 - Training","disabled":false,"id":""},{"text":"Morning training ended\n        2025-07-16 - Training","disabled":false,"id":""},{"text":"Morning training ended\n        2025-07-15 - Training","disabled":false,"id":""},{"text":"Morning training ended\n        2025-07-14 - Training","disabled":false,"id":""},{"text":"Weekly news roundup\n        2025-07-14 - News","disabled":false,"id":""}]
[sim_takane_6m] open today's live schedule at 2025-08-01
[sim_takane_6m] open today's live schedule at 2025-08-01
[sim_takane_6m] open today's live schedule at 2025-08-01
[sim_takane_6m] open today's live schedule at 2025-08-01
[sim_takane_6m] open today's live schedule at 2025-08-01
[sim_takane_6m] open today's live schedule at 2025-08-01
[sim_takane_6m] open today's live schedule at 2025-08-01
[sim_takane_6m] open today's live schedule at 2025-08-01
[sim_takane_6m] open today's live schedule at 2025-08-01
[sim_takane_6m] open today's live schedule at 2025-08-01
[sim_takane_6m] open today's live schedule at 2025-08-01
[sim_takane_6m] open today's live schedule at 2025-08-01
[sim_takane_6m] open today's live schedule at 2025-08-01
[sim_takane_6m] open today's live schedule at 2025-08-01
[sim_takane_6m] open today's live schedule at 2025-08-01
[sim_takane_6m] open today's live schedule at 2025-08-01
[sim_takane_6m] open today's live schedule at 2025-08-01
[sim_takane_6m] open today's live schedule at 2025-08-01
[sim_takane_6m] open today's live schedule at 2025-08-01
[sim_takane_6m] open today's live schedule at 2025-08-01
[sim_takane_6m] stale buttons Friday, August 1, 2025 19:20 :: [{"text":"Main menu","disabled":false,"id":"btn-main-menu"},{"text":"Save game","disabled":false,"id":"btn-save"},{"text":"Load game","disabled":false,"id":"btn-load"},{"text":"New game","disabled":false,"id":"btn-new"},{"text":"Clear slot","disabled":false,"id":"btn-clear"},{"text":"‹","disabled":false,"id":""},{"text":"›","disabled":true,"id":""},{"text":"Friday, August 1, 2025 19:20","disabled":false,"id":"btn-goto-schedule"},{"text":"Next","disabled":false,"id":"btn-next-day"},{"text":"Inbox","disabled":false,"id":""},{"text":"Idols","disabled":false,"id":""},{"text":"Groups","disabled":false,"id":""},{"text":"Training","disabled":false,"id":""},{"text":"Schedule","disabled":false,"id":""},{"text":"Lives","disabled":false,"id":""},{"text":"Songs","disabled":false,"id":""},{"text":"Making","disabled":false,"id":""},{"text":"Media","disabled":false,"id":""},{"text":"Scout","disabled":false,"id":""},{"text":"Finances","disabled":false,"id":""},{"text":"Mark all read","disabled":true,"id":"btn-inbox-mark-all"},{"text":"* Today's live schedule\n        2025-08-01 - Assistant","disabled":false,"id":""},{"text":"Morning training ended\n        2025-07-31 - Training","disabled":false,"id":""},{"text":"Morning training ended\n        2025-07-30 - Training","disabled":false,"id":""},{"text":"Morning training ended\n        2025-07-29 - Training","disabled":false,"id":""},{"text":"Afternoon training ended\n        2025-07-28 - Training","disabled":false,"id":""},{"text":"Morning training ended\n        2025-07-28 - Training","disabled":false,"id":""},{"text":"Weekly news roundup\n        2025-07-28 - News","disabled":false,"id":""},{"text":"Morning training ended\n        2025-07-25 - Training","disabled":false,"id":""},{"text":"Morning training ended\n        2025-07-24 - Training","disabled":false,"id":""},{"text":"Morning training ended\n        2025-07-23 - Training","disabled":false,"id":""},{"text":"Morning training ended\n        2025-07-22 - Training","disabled":false,"id":""},{"text":"Morning training ended\n        2025-07-21 - Training","disabled":false,"id":""},{"text":"Weekly news roundup\n        2025-07-21 - News","disabled":false,"id":""},{"text":"Morning training ended\n        2025-07-18 - Training","disabled":false,"id":""},{"text":"Morning training ended\n        2025-07-17 - Training","disabled":false,"id":""},{"text":"Morning training ended\n        2025-07-16 - Training","disabled":false,"id":""},{"text":"Morning training ended\n        2025-07-15 - Training","disabled":false,"id":""},{"text":"Morning training ended\n        2025-07-14 - Training","disabled":false,"id":""},{"text":"Weekly news roundup\n        2025-07-14 - News","disabled":false,"id":""}]
[sim_takane_6m] open today's live schedule at 2025-08-01
[sim_takane_6m] open today's live schedule at 2025-08-01
[sim_takane_6m] open today's live schedule at 2025-08-01
[sim_takane_6m] open today's live schedule at 2025-08-01
[sim_takane_6m] step=1975 iso=2025-08-01 display=Friday, August 1, 2025 19:20 stale=1924
[sim_takane_6m] open today's live schedule at 2025-08-01
[sim_takane_6m] open today's live schedule at 2025-08-01
[sim_takane_6m] open today's live schedule at 2025-08-01
[sim_takane_6m] open today's live schedule at 2025-08-01
[sim_takane_6m] open today's live schedule at 2025-08-01
[sim_takane_6m] open today's live schedule at 2025-08-01
[sim_takane_6m] open today's live schedule at 2025-08-01
[sim_takane_6m] open today's live schedule at 2025-08-01
[sim_takane_6m] open today's live schedule at 2025-08-01
[sim_takane_6m] open today's live schedule at 2025-08-01
[sim_takane_6m] open today's live schedule at 2025-08-01
[sim_takane_6m] open today's live schedule at 2025-08-01
[sim_takane_6m] open today's live schedule at 2025-08-01
[sim_takane_6m] open today's live schedule at 2025-08-01
[sim_takane_6m] open today's live schedule at 2025-08-01
[sim_takane_6m] open today's live schedule at 2025-08-01
[sim_takane_6m] stale buttons Friday, August 1, 2025 19:20 :: [{"text":"Main menu","disabled":false,"id":"btn-main-menu"},{"text":"Save game","disabled":false,"id":"btn-save"},{"text":"Load game","disabled":false,"id":"btn-load"},{"text":"New game","disabled":false,"id":"btn-new"},{"text":"Clear slot","disabled":false,"id":"btn-clear"},{"text":"‹","disabled":false,"id":""},{"text":"›","disabled":true,"id":""},{"text":"Friday, August 1, 2025 19:20","disabled":false,"id":"btn-goto-schedule"},{"text":"Next","disabled":false,"id":"btn-next-day"},{"text":"Inbox","disabled":false,"id":""},{"text":"Idols","disabled":false,"id":""},{"text":"Groups","disabled":false,"id":""},{"text":"Training","disabled":false,"id":""},{"text":"Schedule","disabled":false,"id":""},{"text":"Lives","disabled":false,"id":""},{"text":"Songs","disabled":false,"id":""},{"text":"Making","disabled":false,"id":""},{"text":"Media","disabled":false,"id":""},{"text":"Scout","disabled":false,"id":""},{"text":"Finances","disabled":false,"id":""},{"text":"Mark all read","disabled":true,"id":"btn-inbox-mark-all"},{"text":"* Today's live schedule\n        2025-08-01 - Assistant","disabled":false,"id":""},{"text":"Morning training ended\n        2025-07-31 - Training","disabled":false,"id":""},{"text":"Morning training ended\n        2025-07-30 - Training","disabled":false,"id":""},{"text":"Morning training ended\n        2025-07-29 - Training","disabled":false,"id":""},{"text":"Afternoon training ended\n        2025-07-28 - Training","disabled":false,"id":""},{"text":"Morning training ended\n        2025-07-28 - Training","disabled":false,"id":""},{"text":"Weekly news roundup\n        2025-07-28 - News","disabled":false,"id":""},{"text":"Morning training ended\n        2025-07-25 - Training","disabled":false,"id":""},{"text":"Morning training ended\n        2025-07-24 - Training","disabled":false,"id":""},{"text":"Morning training ended\n        2025-07-23 - Training","disabled":false,"id":""},{"text":"Morning training ended\n        2025-07-22 - Training","disabled":false,"id":""},{"text":"Morning training ended\n        2025-07-21 - Training","disabled":false,"id":""},{"text":"Weekly news roundup\n        2025-07-21 - News","disabled":false,"id":""},{"text":"Morning training ended\n        2025-07-18 - Training","disabled":false,"id":""},{"text":"Morning training ended\n        2025-07-17 - Training","disabled":false,"id":""},{"text":"Morning training ended\n        2025-07-16 - Training","disabled":false,"id":""},{"text":"Morning training ended\n        2025-07-15 - Training","disabled":false,"id":""},{"text":"Morning training ended\n        2025-07-14 - Training","disabled":false,"id":""},{"text":"Weekly news roundup\n        2025-07-14 - News","disabled":false,"id":""}]
[sim_takane_6m] open today's live schedule at 2025-08-01
[sim_takane_6m] open today's live schedule at 2025-08-01
[sim_takane_6m] open today's live schedule at 2025-08-01
[sim_takane_6m] open today's live schedule at 2025-08-01
[sim_takane_6m] open today's live schedule at 2025-08-01
[sim_takane_6m] open today's live schedule at 2025-08-01
[sim_takane_6m] open today's live schedule at 2025-08-01
[sim_takane_6m] open today's live schedule at 2025-08-01
[sim_takane_6m] open today's live schedule at 2025-08-01
[sim_takane_6m] step=2000 iso=2025-08-01 display=Friday, August 1, 2025 19:20 stale=1949
[sim_takane_6m] open today's live schedule at 2025-08-01
[sim_takane_6m] open today's live schedule at 2025-08-01
[sim_takane_6m] open today's live schedule at 2025-08-01
[sim_takane_6m] open today's live schedule at 2025-08-01
[sim_takane_6m] open today's live schedule at 2025-08-01
[sim_takane_6m] open today's live schedule at 2025-08-01
[sim_takane_6m] open today's live schedule at 2025-08-01
[sim_takane_6m] open today's live schedule at 2025-08-01
[sim_takane_6m] open today's live schedule at 2025-08-01
[sim_takane_6m] open today's live schedule at 2025-08-01
[sim_takane_6m] open today's live schedule at 2025-08-01
[sim_takane_6m] stale buttons Friday, August 1, 2025 19:20 :: [{"text":"Main menu","disabled":false,"id":"btn-main-menu"},{"text":"Save game","disabled":false,"id":"btn-save"},{"text":"Load game","disabled":false,"id":"btn-load"},{"text":"New game","disabled":false,"id":"btn-new"},{"text":"Clear slot","disabled":false,"id":"btn-clear"},{"text":"‹","disabled":false,"id":""},{"text":"›","disabled":true,"id":""},{"text":"Friday, August 1, 2025 19:20","disabled":false,"id":"btn-goto-schedule"},{"text":"Next","disabled":false,"id":"btn-next-day"},{"text":"Inbox","disabled":false,"id":""},{"text":"Idols","disabled":false,"id":""},{"text":"Groups","disabled":false,"id":""},{"text":"Training","disabled":false,"id":""},{"text":"Schedule","disabled":false,"id":""},{"text":"Lives","disabled":false,"id":""},{"text":"Songs","disabled":false,"id":""},{"text":"Making","disabled":false,"id":""},{"text":"Media","disabled":false,"id":""},{"text":"Scout","disabled":false,"id":""},{"text":"Finances","disabled":false,"id":""},{"text":"Mark all read","disabled":true,"id":"btn-inbox-mark-all"},{"text":"* Today's live schedule\n        2025-08-01 - Assistant","disabled":false,"id":""},{"text":"Morning training ended\n        2025-07-31 - Training","disabled":false,"id":""},{"text":"Morning training ended\n        2025-07-30 - Training","disabled":false,"id":""},{"text":"Morning training ended\n        2025-07-29 - Training","disabled":false,"id":""},{"text":"Afternoon training ended\n        2025-07-28 - Training","disabled":false,"id":""},{"text":"Morning training ended\n        2025-07-28 - Training","disabled":false,"id":""},{"text":"Weekly news roundup\n        2025-07-28 - News","disabled":false,"id":""},{"text":"Morning training ended\n        2025-07-25 - Training","disabled":false,"id":""},{"text":"Morning training ended\n        2025-07-24 - Training","disabled":false,"id":""},{"text":"Morning training ended\n        2025-07-23 - Training","disabled":false,"id":""},{"text":"Morning training ended\n        2025-07-22 - Training","disabled":false,"id":""},{"text":"Morning training ended\n        2025-07-21 - Training","disabled":false,"id":""},{"text":"Weekly news roundup\n        2025-07-21 - News","disabled":false,"id":""},{"text":"Morning training ended\n        2025-07-18 - Training","disabled":false,"id":""},{"text":"Morning training ended\n        2025-07-17 - Training","disabled":false,"id":""},{"text":"Morning training ended\n        2025-07-16 - Training","disabled":false,"id":""},{"text":"Morning training ended\n        2025-07-15 - Training","disabled":false,"id":""},{"text":"Morning training ended\n        2025-07-14 - Training","disabled":false,"id":""},{"text":"Weekly news roundup\n        2025-07-14 - News","disabled":false,"id":""}]
[sim_takane_6m] open today's live schedule at 2025-08-01
[sim_takane_6m] open today's live schedule at 2025-08-01
[sim_takane_6m] open today's live schedule at 2025-08-01
[sim_takane_6m] open today's live schedule at 2025-08-01
[sim_takane_6m] open today's live schedule at 2025-08-01
[sim_takane_6m] open today's live schedule at 2025-08-01
[sim_takane_6m] open today's live schedule at 2025-08-01
[sim_takane_6m] open today's live schedule at 2025-08-01
[sim_takane_6m] open today's live schedule at 2025-08-01
[sim_takane_6m] open today's live schedule at 2025-08-01
[sim_takane_6m] open today's live schedule at 2025-08-01
[sim_takane_6m] open today's live schedule at 2025-08-01
[sim_takane_6m] open today's live schedule at 2025-08-01
[sim_takane_6m] open today's live schedule at 2025-08-01
[sim_takane_6m] step=2025 iso=2025-08-01 display=Friday, August 1, 2025 19:20 stale=1974
[sim_takane_6m] open today's live schedule at 2025-08-01
[sim_takane_6m] open today's live schedule at 2025-08-01
[sim_takane_6m] open today's live schedule at 2025-08-01
[sim_takane_6m] open today's live schedule at 2025-08-01
[sim_takane_6m] open today's live schedule at 2025-08-01
[sim_takane_6m] open today's live schedule at 2025-08-01
[sim_takane_6m] stale buttons Friday, August 1, 2025 19:20 :: [{"text":"Main menu","disabled":false,"id":"btn-main-menu"},{"text":"Save game","disabled":false,"id":"btn-save"},{"text":"Load game","disabled":false,"id":"btn-load"},{"text":"New game","disabled":false,"id":"btn-new"},{"text":"Clear slot","disabled":false,"id":"btn-clear"},{"text":"‹","disabled":false,"id":""},{"text":"›","disabled":true,"id":""},{"text":"Friday, August 1, 2025 19:20","disabled":false,"id":"btn-goto-schedule"},{"text":"Next","disabled":false,"id":"btn-next-day"},{"text":"Inbox","disabled":false,"id":""},{"text":"Idols","disabled":false,"id":""},{"text":"Groups","disabled":false,"id":""},{"text":"Training","disabled":false,"id":""},{"text":"Schedule","disabled":false,"id":""},{"text":"Lives","disabled":false,"id":""},{"text":"Songs","disabled":false,"id":""},{"text":"Making","disabled":false,"id":""},{"text":"Media","disabled":false,"id":""},{"text":"Scout","disabled":false,"id":""},{"text":"Finances","disabled":false,"id":""},{"text":"Mark all read","disabled":true,"id":"btn-inbox-mark-all"},{"text":"* Today's live schedule\n        2025-08-01 - Assistant","disabled":false,"id":""},{"text":"Morning training ended\n        2025-07-31 - Training","disabled":false,"id":""},{"text":"Morning training ended\n        2025-07-30 - Training","disabled":false,"id":""},{"text":"Morning training ended\n        2025-07-29 - Training","disabled":false,"id":""},{"text":"Afternoon training ended\n        2025-07-28 - Training","disabled":false,"id":""},{"text":"Morning training ended\n        2025-07-28 - Training","disabled":false,"id":""},{"text":"Weekly news roundup\n        2025-07-28 - News","disabled":false,"id":""},{"text":"Morning training ended\n        2025-07-25 - Training","disabled":false,"id":""},{"text":"Morning training ended\n        2025-07-24 - Training","disabled":false,"id":""},{"text":"Morning training ended\n        2025-07-23 - Training","disabled":false,"id":""},{"text":"Morning training ended\n        2025-07-22 - Training","disabled":false,"id":""},{"text":"Morning training ended\n        2025-07-21 - Training","disabled":false,"id":""},{"text":"Weekly news roundup\n        2025-07-21 - News","disabled":false,"id":""},{"text":"Morning training ended\n        2025-07-18 - Training","disabled":false,"id":""},{"text":"Morning training ended\n        2025-07-17 - Training","disabled":false,"id":""},{"text":"Morning training ended\n        2025-07-16 - Training","disabled":false,"id":""},{"text":"Morning training ended\n        2025-07-15 - Training","disabled":false,"id":""},{"text":"Morning training ended\n        2025-07-14 - Training","disabled":false,"id":""},{"text":"Weekly news roundup\n        2025-07-14 - News","disabled":false,"id":""}]
[sim_takane_6m] open today's live schedule at 2025-08-01
[sim_takane_6m] open today's live schedule at 2025-08-01
[sim_takane_6m] open today's live schedule at 2025-08-01
[sim_takane_6m] open today's live schedule at 2025-08-01
[sim_takane_6m] open today's live schedule at 2025-08-01
[sim_takane_6m] open today's live schedule at 2025-08-01
[sim_takane_6m] open today's live schedule at 2025-08-01
[sim_takane_6m] open today's live schedule at 2025-08-01
[sim_takane_6m] open today's live schedule at 2025-08-01
[sim_takane_6m] open today's live schedule at 2025-08-01
[sim_takane_6m] open today's live schedule at 2025-08-01
[sim_takane_6m] open today's live schedule at 2025-08-01
[sim_takane_6m] open today's live schedule at 2025-08-01
[sim_takane_6m] open today's live schedule at 2025-08-01
[sim_takane_6m] open today's live schedule at 2025-08-01
[sim_takane_6m] open today's live schedule at 2025-08-01
[sim_takane_6m] open today's live schedule at 2025-08-01
[sim_takane_6m] open today's live schedule at 2025-08-01
[sim_takane_6m] open today's live schedule at 2025-08-01
[sim_takane_6m] step=2050 iso=2025-08-01 display=Friday, August 1, 2025 19:20 stale=1999
[sim_takane_6m] open today's live schedule at 2025-08-01
[sim_takane_6m] stale buttons Friday, August 1, 2025 19:20 :: [{"text":"Main menu","disabled":false,"id":"btn-main-menu"},{"text":"Save game","disabled":false,"id":"btn-save"},{"text":"Load game","disabled":false,"id":"btn-load"},{"text":"New game","disabled":false,"id":"btn-new"},{"text":"Clear slot","disabled":false,"id":"btn-clear"},{"text":"‹","disabled":false,"id":""},{"text":"›","disabled":true,"id":""},{"text":"Friday, August 1, 2025 19:20","disabled":false,"id":"btn-goto-schedule"},{"text":"Next","disabled":false,"id":"btn-next-day"},{"text":"Inbox","disabled":false,"id":""},{"text":"Idols","disabled":false,"id":""},{"text":"Groups","disabled":false,"id":""},{"text":"Training","disabled":false,"id":""},{"text":"Schedule","disabled":false,"id":""},{"text":"Lives","disabled":false,"id":""},{"text":"Songs","disabled":false,"id":""},{"text":"Making","disabled":false,"id":""},{"text":"Media","disabled":false,"id":""},{"text":"Scout","disabled":false,"id":""},{"text":"Finances","disabled":false,"id":""},{"text":"Mark all read","disabled":true,"id":"btn-inbox-mark-all"},{"text":"* Today's live schedule\n        2025-08-01 - Assistant","disabled":false,"id":""},{"text":"Morning training ended\n        2025-07-31 - Training","disabled":false,"id":""},{"text":"Morning training ended\n        2025-07-30 - Training","disabled":false,"id":""},{"text":"Morning training ended\n        2025-07-29 - Training","disabled":false,"id":""},{"text":"Afternoon training ended\n        2025-07-28 - Training","disabled":false,"id":""},{"text":"Morning training ended\n        2025-07-28 - Training","disabled":false,"id":""},{"text":"Weekly news roundup\n        2025-07-28 - News","disabled":false,"id":""},{"text":"Morning training ended\n        2025-07-25 - Training","disabled":false,"id":""},{"text":"Morning training ended\n        2025-07-24 - Training","disabled":false,"id":""},{"text":"Morning training ended\n        2025-07-23 - Training","disabled":false,"id":""},{"text":"Morning training ended\n        2025-07-22 - Training","disabled":false,"id":""},{"text":"Morning training ended\n        2025-07-21 - Training","disabled":false,"id":""},{"text":"Weekly news roundup\n        2025-07-21 - News","disabled":false,"id":""},{"text":"Morning training ended\n        2025-07-18 - Training","disabled":false,"id":""},{"text":"Morning training ended\n        2025-07-17 - Training","disabled":false,"id":""},{"text":"Morning training ended\n        2025-07-16 - Training","disabled":false,"id":""},{"text":"Morning training ended\n        2025-07-15 - Training","disabled":false,"id":""},{"text":"Morning training ended\n        2025-07-14 - Training","disabled":false,"id":""},{"text":"Weekly news roundup\n        2025-07-14 - News","disabled":false,"id":""}]
[sim_takane_6m] open today's live schedule at 2025-08-01
[sim_takane_6m] open today's live schedule at 2025-08-01
[sim_takane_6m] open today's live schedule at 2025-08-01
[sim_takane_6m] open today's live schedule at 2025-08-01
[sim_takane_6m] open today's live schedule at 2025-08-01
[sim_takane_6m] open today's live schedule at 2025-08-01
[sim_takane_6m] open today's live schedule at 2025-08-01
[sim_takane_6m] open today's live schedule at 2025-08-01
[sim_takane_6m] open today's live schedule at 2025-08-01
[sim_takane_6m] open today's live schedule at 2025-08-01
[sim_takane_6m] open today's live schedule at 2025-08-01
[sim_takane_6m] open today's live schedule at 2025-08-01
[sim_takane_6m] open today's live schedule at 2025-08-01
[sim_takane_6m] open today's live schedule at 2025-08-01
[sim_takane_6m] open today's live schedule at 2025-08-01
[sim_takane_6m] open today's live schedule at 2025-08-01
[sim_takane_6m] open today's live schedule at 2025-08-01
[sim_takane_6m] open today's live schedule at 2025-08-01
[sim_takane_6m] open today's live schedule at 2025-08-01
[sim_takane_6m] open today's live schedule at 2025-08-01
[sim_takane_6m] stale buttons Friday, August 1, 2025 19:20 :: [{"text":"Main menu","disabled":false,"id":"btn-main-menu"},{"text":"Save game","disabled":false,"id":"btn-save"},{"text":"Load game","disabled":false,"id":"btn-load"},{"text":"New game","disabled":false,"id":"btn-new"},{"text":"Clear slot","disabled":false,"id":"btn-clear"},{"text":"‹","disabled":false,"id":""},{"text":"›","disabled":true,"id":""},{"text":"Friday, August 1, 2025 19:20","disabled":false,"id":"btn-goto-schedule"},{"text":"Next","disabled":false,"id":"btn-next-day"},{"text":"Inbox","disabled":false,"id":""},{"text":"Idols","disabled":false,"id":""},{"text":"Groups","disabled":false,"id":""},{"text":"Training","disabled":false,"id":""},{"text":"Schedule","disabled":false,"id":""},{"text":"Lives","disabled":false,"id":""},{"text":"Songs","disabled":false,"id":""},{"text":"Making","disabled":false,"id":""},{"text":"Media","disabled":false,"id":""},{"text":"Scout","disabled":false,"id":""},{"text":"Finances","disabled":false,"id":""},{"text":"Mark all read","disabled":true,"id":"btn-inbox-mark-all"},{"text":"* Today's live schedule\n        2025-08-01 - Assistant","disabled":false,"id":""},{"text":"Morning training ended\n        2025-07-31 - Training","disabled":false,"id":""},{"text":"Morning training ended\n        2025-07-30 - Training","disabled":false,"id":""},{"text":"Morning training ended\n        2025-07-29 - Training","disabled":false,"id":""},{"text":"Afternoon training ended\n        2025-07-28 - Training","disabled":false,"id":""},{"text":"Morning training ended\n        2025-07-28 - Training","disabled":false,"id":""},{"text":"Weekly news roundup\n        2025-07-28 - News","disabled":false,"id":""},{"text":"Morning training ended\n        2025-07-25 - Training","disabled":false,"id":""},{"text":"Morning training ended\n        2025-07-24 - Training","disabled":false,"id":""},{"text":"Morning training ended\n        2025-07-23 - Training","disabled":false,"id":""},{"text":"Morning training ended\n        2025-07-22 - Training","disabled":false,"id":""},{"text":"Morning training ended\n        2025-07-21 - Training","disabled":false,"id":""},{"text":"Weekly news roundup\n        2025-07-21 - News","disabled":false,"id":""},{"text":"Morning training ended\n        2025-07-18 - Training","disabled":false,"id":""},{"text":"Morning training ended\n        2025-07-17 - Training","disabled":false,"id":""},{"text":"Morning training ended\n        2025-07-16 - Training","disabled":false,"id":""},{"text":"Morning training ended\n        2025-07-15 - Training","disabled":false,"id":""},{"text":"Morning training ended\n        2025-07-14 - Training","disabled":false,"id":""},{"text":"Weekly news roundup\n        2025-07-14 - News","disabled":false,"id":""}]
[sim_takane_6m] open today's live schedule at 2025-08-01
[sim_takane_6m] open today's live schedule at 2025-08-01
[sim_takane_6m] open today's live schedule at 2025-08-01
[sim_takane_6m] open today's live schedule at 2025-08-01
[sim_takane_6m] step=2075 iso=2025-08-01 display=Friday, August 1, 2025 19:20 stale=2024
[sim_takane_6m] open today's live schedule at 2025-08-01
[sim_takane_6m] open today's live schedule at 2025-08-01
[sim_takane_6m] open today's live schedule at 2025-08-01
[sim_takane_6m] open today's live schedule at 2025-08-01
[sim_takane_6m] open today's live schedule at 2025-08-01
[sim_takane_6m] open today's live schedule at 2025-08-01
[sim_takane_6m] open today's live schedule at 2025-08-01
[sim_takane_6m] open today's live schedule at 2025-08-01
[sim_takane_6m] open today's live schedule at 2025-08-01
[sim_takane_6m] open today's live schedule at 2025-08-01
[sim_takane_6m] open today's live schedule at 2025-08-01
[sim_takane_6m] open today's live schedule at 2025-08-01
[sim_takane_6m] open today's live schedule at 2025-08-01
[sim_takane_6m] open today's live schedule at 2025-08-01
[sim_takane_6m] open today's live schedule at 2025-08-01
[sim_takane_6m] open today's live schedule at 2025-08-01
[sim_takane_6m] stale buttons Friday, August 1, 2025 19:20 :: [{"text":"Main menu","disabled":false,"id":"btn-main-menu"},{"text":"Save game","disabled":false,"id":"btn-save"},{"text":"Load game","disabled":false,"id":"btn-load"},{"text":"New game","disabled":false,"id":"btn-new"},{"text":"Clear slot","disabled":false,"id":"btn-clear"},{"text":"‹","disabled":false,"id":""},{"text":"›","disabled":true,"id":""},{"text":"Friday, August 1, 2025 19:20","disabled":false,"id":"btn-goto-schedule"},{"text":"Next","disabled":false,"id":"btn-next-day"},{"text":"Inbox","disabled":false,"id":""},{"text":"Idols","disabled":false,"id":""},{"text":"Groups","disabled":false,"id":""},{"text":"Training","disabled":false,"id":""},{"text":"Schedule","disabled":false,"id":""},{"text":"Lives","disabled":false,"id":""},{"text":"Songs","disabled":false,"id":""},{"text":"Making","disabled":false,"id":""},{"text":"Media","disabled":false,"id":""},{"text":"Scout","disabled":false,"id":""},{"text":"Finances","disabled":false,"id":""},{"text":"Mark all read","disabled":true,"id":"btn-inbox-mark-all"},{"text":"* Today's live schedule\n        2025-08-01 - Assistant","disabled":false,"id":""},{"text":"Morning training ended\n        2025-07-31 - Training","disabled":false,"id":""},{"text":"Morning training ended\n        2025-07-30 - Training","disabled":false,"id":""},{"text":"Morning training ended\n        2025-07-29 - Training","disabled":false,"id":""},{"text":"Afternoon training ended\n        2025-07-28 - Training","disabled":false,"id":""},{"text":"Morning training ended\n        2025-07-28 - Training","disabled":false,"id":""},{"text":"Weekly news roundup\n        2025-07-28 - News","disabled":false,"id":""},{"text":"Morning training ended\n        2025-07-25 - Training","disabled":false,"id":""},{"text":"Morning training ended\n        2025-07-24 - Training","disabled":false,"id":""},{"text":"Morning training ended\n        2025-07-23 - Training","disabled":false,"id":""},{"text":"Morning training ended\n        2025-07-22 - Training","disabled":false,"id":""},{"text":"Morning training ended\n        2025-07-21 - Training","disabled":false,"id":""},{"text":"Weekly news roundup\n        2025-07-21 - News","disabled":false,"id":""},{"text":"Morning training ended\n        2025-07-18 - Training","disabled":false,"id":""},{"text":"Morning training ended\n        2025-07-17 - Training","disabled":false,"id":""},{"text":"Morning training ended\n        2025-07-16 - Training","disabled":false,"id":""},{"text":"Morning training ended\n        2025-07-15 - Training","disabled":false,"id":""},{"text":"Morning training ended\n        2025-07-14 - Training","disabled":false,"id":""},{"text":"Weekly news roundup\n        2025-07-14 - News","disabled":false,"id":""}]
[sim_takane_6m] open today's live schedule at 2025-08-01
[sim_takane_6m] open today's live schedule at 2025-08-01
[sim_takane_6m] open today's live schedule at 2025-08-01
[sim_takane_6m] open today's live schedule at 2025-08-01
[sim_takane_6m] open today's live schedule at 2025-08-01
[sim_takane_6m] open today's live schedule at 2025-08-01
[sim_takane_6m] open today's live schedule at 2025-08-01
[sim_takane_6m] open today's live schedule at 2025-08-01
[sim_takane_6m] open today's live schedule at 2025-08-01
[sim_takane_6m] step=2100 iso=2025-08-01 display=Friday, August 1, 2025 19:20 stale=2049
[sim_takane_6m] open today's live schedule at 2025-08-01
[sim_takane_6m] open today's live schedule at 2025-08-01
[sim_takane_6m] open today's live schedule at 2025-08-01
[sim_takane_6m] open today's live schedule at 2025-08-01
[sim_takane_6m] open today's live schedule at 2025-08-01
[sim_takane_6m] open today's live schedule at 2025-08-01
[sim_takane_6m] open today's live schedule at 2025-08-01
[sim_takane_6m] open today's live schedule at 2025-08-01
[sim_takane_6m] open today's live schedule at 2025-08-01
[sim_takane_6m] open today's live schedule at 2025-08-01
[sim_takane_6m] open today's live schedule at 2025-08-01
[sim_takane_6m] stale buttons Friday, August 1, 2025 19:20 :: [{"text":"Main menu","disabled":false,"id":"btn-main-menu"},{"text":"Save game","disabled":false,"id":"btn-save"},{"text":"Load game","disabled":false,"id":"btn-load"},{"text":"New game","disabled":false,"id":"btn-new"},{"text":"Clear slot","disabled":false,"id":"btn-clear"},{"text":"‹","disabled":false,"id":""},{"text":"›","disabled":true,"id":""},{"text":"Friday, August 1, 2025 19:20","disabled":false,"id":"btn-goto-schedule"},{"text":"Next","disabled":false,"id":"btn-next-day"},{"text":"Inbox","disabled":false,"id":""},{"text":"Idols","disabled":false,"id":""},{"text":"Groups","disabled":false,"id":""},{"text":"Training","disabled":false,"id":""},{"text":"Schedule","disabled":false,"id":""},{"text":"Lives","disabled":false,"id":""},{"text":"Songs","disabled":false,"id":""},{"text":"Making","disabled":false,"id":""},{"text":"Media","disabled":false,"id":""},{"text":"Scout","disabled":false,"id":""},{"text":"Finances","disabled":false,"id":""},{"text":"Mark all read","disabled":true,"id":"btn-inbox-mark-all"},{"text":"* Today's live schedule\n        2025-08-01 - Assistant","disabled":false,"id":""},{"text":"Morning training ended\n        2025-07-31 - Training","disabled":false,"id":""},{"text":"Morning training ended\n        2025-07-30 - Training","disabled":false,"id":""},{"text":"Morning training ended\n        2025-07-29 - Training","disabled":false,"id":""},{"text":"Afternoon training ended\n        2025-07-28 - Training","disabled":false,"id":""},{"text":"Morning training ended\n        2025-07-28 - Training","disabled":false,"id":""},{"text":"Weekly news roundup\n        2025-07-28 - News","disabled":false,"id":""},{"text":"Morning training ended\n        2025-07-25 - Training","disabled":false,"id":""},{"text":"Morning training ended\n        2025-07-24 - Training","disabled":false,"id":""},{"text":"Morning training ended\n        2025-07-23 - Training","disabled":false,"id":""},{"text":"Morning training ended\n        2025-07-22 - Training","disabled":false,"id":""},{"text":"Morning training ended\n        2025-07-21 - Training","disabled":false,"id":""},{"text":"Weekly news roundup\n        2025-07-21 - News","disabled":false,"id":""},{"text":"Morning training ended\n        2025-07-18 - Training","disabled":false,"id":""},{"text":"Morning training ended\n        2025-07-17 - Training","disabled":false,"id":""},{"text":"Morning training ended\n        2025-07-16 - Training","disabled":false,"id":""},{"text":"Morning training ended\n        2025-07-15 - Training","disabled":false,"id":""},{"text":"Morning training ended\n        2025-07-14 - Training","disabled":false,"id":""},{"text":"Weekly news roundup\n        2025-07-14 - News","disabled":false,"id":""}]
[sim_takane_6m] open today's live schedule at 2025-08-01
[sim_takane_6m] open today's live schedule at 2025-08-01
[sim_takane_6m] open today's live schedule at 2025-08-01
[sim_takane_6m] open today's live schedule at 2025-08-01
[sim_takane_6m] open today's live schedule at 2025-08-01
[sim_takane_6m] open today's live schedule at 2025-08-01
[sim_takane_6m] open today's live schedule at 2025-08-01
[sim_takane_6m] open today's live schedule at 2025-08-01
[sim_takane_6m] open today's live schedule at 2025-08-01
[sim_takane_6m] open today's live schedule at 2025-08-01
[sim_takane_6m] open today's live schedule at 2025-08-01
[sim_takane_6m] open today's live schedule at 2025-08-01
[sim_takane_6m] open today's live schedule at 2025-08-01
[sim_takane_6m] open today's live schedule at 2025-08-01
[sim_takane_6m] step=2125 iso=2025-08-01 display=Friday, August 1, 2025 19:20 stale=2074
[sim_takane_6m] open today's live schedule at 2025-08-01
[sim_takane_6m] open today's live schedule at 2025-08-01
[sim_takane_6m] open today's live schedule at 2025-08-01
[sim_takane_6m] open today's live schedule at 2025-08-01
[sim_takane_6m] open today's live schedule at 2025-08-01
[sim_takane_6m] open today's live schedule at 2025-08-01
[sim_takane_6m] stale buttons Friday, August 1, 2025 19:20 :: [{"text":"Main menu","disabled":false,"id":"btn-main-menu"},{"text":"Save game","disabled":false,"id":"btn-save"},{"text":"Load game","disabled":false,"id":"btn-load"},{"text":"New game","disabled":false,"id":"btn-new"},{"text":"Clear slot","disabled":false,"id":"btn-clear"},{"text":"‹","disabled":false,"id":""},{"text":"›","disabled":true,"id":""},{"text":"Friday, August 1, 2025 19:20","disabled":false,"id":"btn-goto-schedule"},{"text":"Next","disabled":false,"id":"btn-next-day"},{"text":"Inbox","disabled":false,"id":""},{"text":"Idols","disabled":false,"id":""},{"text":"Groups","disabled":false,"id":""},{"text":"Training","disabled":false,"id":""},{"text":"Schedule","disabled":false,"id":""},{"text":"Lives","disabled":false,"id":""},{"text":"Songs","disabled":false,"id":""},{"text":"Making","disabled":false,"id":""},{"text":"Media","disabled":false,"id":""},{"text":"Scout","disabled":false,"id":""},{"text":"Finances","disabled":false,"id":""},{"text":"Mark all read","disabled":true,"id":"btn-inbox-mark-all"},{"text":"* Today's live schedule\n        2025-08-01 - Assistant","disabled":false,"id":""},{"text":"Morning training ended\n        2025-07-31 - Training","disabled":false,"id":""},{"text":"Morning training ended\n        2025-07-30 - Training","disabled":false,"id":""},{"text":"Morning training ended\n        2025-07-29 - Training","disabled":false,"id":""},{"text":"Afternoon training ended\n        2025-07-28 - Training","disabled":false,"id":""},{"text":"Morning training ended\n        2025-07-28 - Training","disabled":false,"id":""},{"text":"Weekly news roundup\n        2025-07-28 - News","disabled":false,"id":""},{"text":"Morning training ended\n        2025-07-25 - Training","disabled":false,"id":""},{"text":"Morning training ended\n        2025-07-24 - Training","disabled":false,"id":""},{"text":"Morning training ended\n        2025-07-23 - Training","disabled":false,"id":""},{"text":"Morning training ended\n        2025-07-22 - Training","disabled":false,"id":""},{"text":"Morning training ended\n        2025-07-21 - Training","disabled":false,"id":""},{"text":"Weekly news roundup\n        2025-07-21 - News","disabled":false,"id":""},{"text":"Morning training ended\n        2025-07-18 - Training","disabled":false,"id":""},{"text":"Morning training ended\n        2025-07-17 - Training","disabled":false,"id":""},{"text":"Morning training ended\n        2025-07-16 - Training","disabled":false,"id":""},{"text":"Morning training ended\n        2025-07-15 - Training","disabled":false,"id":""},{"text":"Morning training ended\n        2025-07-14 - Training","disabled":false,"id":""},{"text":"Weekly news roundup\n        2025-07-14 - News","disabled":false,"id":""}]
[sim_takane_6m] open today's live schedule at 2025-08-01
[sim_takane_6m] open today's live schedule at 2025-08-01
[sim_takane_6m] open today's live schedule at 2025-08-01
[sim_takane_6m] open today's live schedule at 2025-08-01
[sim_takane_6m] open today's live schedule at 2025-08-01
[sim_takane_6m] open today's live schedule at 2025-08-01
[sim_takane_6m] open today's live schedule at 2025-08-01
[sim_takane_6m] open today's live schedule at 2025-08-01
[sim_takane_6m] open today's live schedule at 2025-08-01
[sim_takane_6m] open today's live schedule at 2025-08-01
[sim_takane_6m] open today's live schedule at 2025-08-01
[sim_takane_6m] open today's live schedule at 2025-08-01
[sim_takane_6m] open today's live schedule at 2025-08-01
[sim_takane_6m] open today's live schedule at 2025-08-01
[sim_takane_6m] open today's live schedule at 2025-08-01
[sim_takane_6m] open today's live schedule at 2025-08-01
[sim_takane_6m] open today's live schedule at 2025-08-01
[sim_takane_6m] open today's live schedule at 2025-08-01
[sim_takane_6m] open today's live schedule at 2025-08-01
[sim_takane_6m] step=2150 iso=2025-08-01 display=Friday, August 1, 2025 19:20 stale=2099
[sim_takane_6m] open today's live schedule at 2025-08-01
[sim_takane_6m] stale buttons Friday, August 1, 2025 19:20 :: [{"text":"Main menu","disabled":false,"id":"btn-main-menu"},{"text":"Save game","disabled":false,"id":"btn-save"},{"text":"Load game","disabled":false,"id":"btn-load"},{"text":"New game","disabled":false,"id":"btn-new"},{"text":"Clear slot","disabled":false,"id":"btn-clear"},{"text":"‹","disabled":false,"id":""},{"text":"›","disabled":true,"id":""},{"text":"Friday, August 1, 2025 19:20","disabled":false,"id":"btn-goto-schedule"},{"text":"Next","disabled":false,"id":"btn-next-day"},{"text":"Inbox","disabled":false,"id":""},{"text":"Idols","disabled":false,"id":""},{"text":"Groups","disabled":false,"id":""},{"text":"Training","disabled":false,"id":""},{"text":"Schedule","disabled":false,"id":""},{"text":"Lives","disabled":false,"id":""},{"text":"Songs","disabled":false,"id":""},{"text":"Making","disabled":false,"id":""},{"text":"Media","disabled":false,"id":""},{"text":"Scout","disabled":false,"id":""},{"text":"Finances","disabled":false,"id":""},{"text":"Mark all read","disabled":true,"id":"btn-inbox-mark-all"},{"text":"* Today's live schedule\n        2025-08-01 - Assistant","disabled":false,"id":""},{"text":"Morning training ended\n        2025-07-31 - Training","disabled":false,"id":""},{"text":"Morning training ended\n        2025-07-30 - Training","disabled":false,"id":""},{"text":"Morning training ended\n        2025-07-29 - Training","disabled":false,"id":""},{"text":"Afternoon training ended\n        2025-07-28 - Training","disabled":false,"id":""},{"text":"Morning training ended\n        2025-07-28 - Training","disabled":false,"id":""},{"text":"Weekly news roundup\n        2025-07-28 - News","disabled":false,"id":""},{"text":"Morning training ended\n        2025-07-25 - Training","disabled":false,"id":""},{"text":"Morning training ended\n        2025-07-24 - Training","disabled":false,"id":""},{"text":"Morning training ended\n        2025-07-23 - Training","disabled":false,"id":""},{"text":"Morning training ended\n        2025-07-22 - Training","disabled":false,"id":""},{"text":"Morning training ended\n        2025-07-21 - Training","disabled":false,"id":""},{"text":"Weekly news roundup\n        2025-07-21 - News","disabled":false,"id":""},{"text":"Morning training ended\n        2025-07-18 - Training","disabled":false,"id":""},{"text":"Morning training ended\n        2025-07-17 - Training","disabled":false,"id":""},{"text":"Morning training ended\n        2025-07-16 - Training","disabled":false,"id":""},{"text":"Morning training ended\n        2025-07-15 - Training","disabled":false,"id":""},{"text":"Morning training ended\n        2025-07-14 - Training","disabled":false,"id":""},{"text":"Weekly news roundup\n        2025-07-14 - News","disabled":false,"id":""}]
[sim_takane_6m] open today's live schedule at 2025-08-01
[sim_takane_6m] open today's live schedule at 2025-08-01
[sim_takane_6m] open today's live schedule at 2025-08-01
[sim_takane_6m] open today's live schedule at 2025-08-01
[sim_takane_6m] open today's live schedule at 2025-08-01
[sim_takane_6m] open today's live schedule at 2025-08-01
[sim_takane_6m] open today's live schedule at 2025-08-01
[sim_takane_6m] open today's live schedule at 2025-08-01
[sim_takane_6m] open today's live schedule at 2025-08-01
[sim_takane_6m] open today's live schedule at 2025-08-01
[sim_takane_6m] open today's live schedule at 2025-08-01
[sim_takane_6m] open today's live schedule at 2025-08-01
[sim_takane_6m] open today's live schedule at 2025-08-01
[sim_takane_6m] open today's live schedule at 2025-08-01
[sim_takane_6m] open today's live schedule at 2025-08-01
[sim_takane_6m] open today's live schedule at 2025-08-01
[sim_takane_6m] open today's live schedule at 2025-08-01
[sim_takane_6m] open today's live schedule at 2025-08-01
[sim_takane_6m] open today's live schedule at 2025-08-01
[sim_takane_6m] open today's live schedule at 2025-08-01
[sim_takane_6m] stale buttons Friday, August 1, 2025 19:20 :: [{"text":"Main menu","disabled":false,"id":"btn-main-menu"},{"text":"Save game","disabled":false,"id":"btn-save"},{"text":"Load game","disabled":false,"id":"btn-load"},{"text":"New game","disabled":false,"id":"btn-new"},{"text":"Clear slot","disabled":false,"id":"btn-clear"},{"text":"‹","disabled":false,"id":""},{"text":"›","disabled":true,"id":""},{"text":"Friday, August 1, 2025 19:20","disabled":false,"id":"btn-goto-schedule"},{"text":"Next","disabled":false,"id":"btn-next-day"},{"text":"Inbox","disabled":false,"id":""},{"text":"Idols","disabled":false,"id":""},{"text":"Groups","disabled":false,"id":""},{"text":"Training","disabled":false,"id":""},{"text":"Schedule","disabled":false,"id":""},{"text":"Lives","disabled":false,"id":""},{"text":"Songs","disabled":false,"id":""},{"text":"Making","disabled":false,"id":""},{"text":"Media","disabled":false,"id":""},{"text":"Scout","disabled":false,"id":""},{"text":"Finances","disabled":false,"id":""},{"text":"Mark all read","disabled":true,"id":"btn-inbox-mark-all"},{"text":"* Today's live schedule\n        2025-08-01 - Assistant","disabled":false,"id":""},{"text":"Morning training ended\n        2025-07-31 - Training","disabled":false,"id":""},{"text":"Morning training ended\n        2025-07-30 - Training","disabled":false,"id":""},{"text":"Morning training ended\n        2025-07-29 - Training","disabled":false,"id":""},{"text":"Afternoon training ended\n        2025-07-28 - Training","disabled":false,"id":""},{"text":"Morning training ended\n        2025-07-28 - Training","disabled":false,"id":""},{"text":"Weekly news roundup\n        2025-07-28 - News","disabled":false,"id":""},{"text":"Morning training ended\n        2025-07-25 - Training","disabled":false,"id":""},{"text":"Morning training ended\n        2025-07-24 - Training","disabled":false,"id":""},{"text":"Morning training ended\n        2025-07-23 - Training","disabled":false,"id":""},{"text":"Morning training ended\n        2025-07-22 - Training","disabled":false,"id":""},{"text":"Morning training ended\n        2025-07-21 - Training","disabled":false,"id":""},{"text":"Weekly news roundup\n        2025-07-21 - News","disabled":false,"id":""},{"text":"Morning training ended\n        2025-07-18 - Training","disabled":false,"id":""},{"text":"Morning training ended\n        2025-07-17 - Training","disabled":false,"id":""},{"text":"Morning training ended\n        2025-07-16 - Training","disabled":false,"id":""},{"text":"Morning training ended\n        2025-07-15 - Training","disabled":false,"id":""},{"text":"Morning training ended\n        2025-07-14 - Training","disabled":false,"id":""},{"text":"Weekly news roundup\n        2025-07-14 - News","disabled":false,"id":""}]
[sim_takane_6m] open today's live schedule at 2025-08-01
[sim_takane_6m] open today's live schedule at 2025-08-01
[sim_takane_6m] open today's live schedule at 2025-08-01
[sim_takane_6m] open today's live schedule at 2025-08-01
[sim_takane_6m] step=2175 iso=2025-08-01 display=Friday, August 1, 2025 19:20 stale=2124
[sim_takane_6m] open today's live schedule at 2025-08-01
[sim_takane_6m] open today's live schedule at 2025-08-01
[sim_takane_6m] open today's live schedule at 2025-08-01
[sim_takane_6m] open today's live schedule at 2025-08-01
[sim_takane_6m] open today's live schedule at 2025-08-01
[sim_takane_6m] open today's live schedule at 2025-08-01
[sim_takane_6m] open today's live schedule at 2025-08-01
[sim_takane_6m] open today's live schedule at 2025-08-01
[sim_takane_6m] open today's live schedule at 2025-08-01
[sim_takane_6m] open today's live schedule at 2025-08-01
[sim_takane_6m] open today's live schedule at 2025-08-01
[sim_takane_6m] open today's live schedule at 2025-08-01
[sim_takane_6m] open today's live schedule at 2025-08-01
[sim_takane_6m] open today's live schedule at 2025-08-01
[sim_takane_6m] open today's live schedule at 2025-08-01
[sim_takane_6m] open today's live schedule at 2025-08-01
[sim_takane_6m] stale buttons Friday, August 1, 2025 19:20 :: [{"text":"Main menu","disabled":false,"id":"btn-main-menu"},{"text":"Save game","disabled":false,"id":"btn-save"},{"text":"Load game","disabled":false,"id":"btn-load"},{"text":"New game","disabled":false,"id":"btn-new"},{"text":"Clear slot","disabled":false,"id":"btn-clear"},{"text":"‹","disabled":false,"id":""},{"text":"›","disabled":true,"id":""},{"text":"Friday, August 1, 2025 19:20","disabled":false,"id":"btn-goto-schedule"},{"text":"Next","disabled":false,"id":"btn-next-day"},{"text":"Inbox","disabled":false,"id":""},{"text":"Idols","disabled":false,"id":""},{"text":"Groups","disabled":false,"id":""},{"text":"Training","disabled":false,"id":""},{"text":"Schedule","disabled":false,"id":""},{"text":"Lives","disabled":false,"id":""},{"text":"Songs","disabled":false,"id":""},{"text":"Making","disabled":false,"id":""},{"text":"Media","disabled":false,"id":""},{"text":"Scout","disabled":false,"id":""},{"text":"Finances","disabled":false,"id":""},{"text":"Mark all read","disabled":true,"id":"btn-inbox-mark-all"},{"text":"* Today's live schedule\n        2025-08-01 - Assistant","disabled":false,"id":""},{"text":"Morning training ended\n        2025-07-31 - Training","disabled":false,"id":""},{"text":"Morning training ended\n        2025-07-30 - Training","disabled":false,"id":""},{"text":"Morning training ended\n        2025-07-29 - Training","disabled":false,"id":""},{"text":"Afternoon training ended\n        2025-07-28 - Training","disabled":false,"id":""},{"text":"Morning training ended\n        2025-07-28 - Training","disabled":false,"id":""},{"text":"Weekly news roundup\n        2025-07-28 - News","disabled":false,"id":""},{"text":"Morning training ended\n        2025-07-25 - Training","disabled":false,"id":""},{"text":"Morning training ended\n        2025-07-24 - Training","disabled":false,"id":""},{"text":"Morning training ended\n        2025-07-23 - Training","disabled":false,"id":""},{"text":"Morning training ended\n        2025-07-22 - Training","disabled":false,"id":""},{"text":"Morning training ended\n        2025-07-21 - Training","disabled":false,"id":""},{"text":"Weekly news roundup\n        2025-07-21 - News","disabled":false,"id":""},{"text":"Morning training ended\n        2025-07-18 - Training","disabled":false,"id":""},{"text":"Morning training ended\n        2025-07-17 - Training","disabled":false,"id":""},{"text":"Morning training ended\n        2025-07-16 - Training","disabled":false,"id":""},{"text":"Morning training ended\n        2025-07-15 - Training","disabled":false,"id":""},{"text":"Morning training ended\n        2025-07-14 - Training","disabled":false,"id":""},{"text":"Weekly news roundup\n        2025-07-14 - News","disabled":false,"id":""}]
[sim_takane_6m] open today's live schedule at 2025-08-01
[sim_takane_6m] open today's live schedule at 2025-08-01
[sim_takane_6m] open today's live schedule at 2025-08-01
[sim_takane_6m] open today's live schedule at 2025-08-01
[sim_takane_6m] open today's live schedule at 2025-08-01
[sim_takane_6m] open today's live schedule at 2025-08-01
[sim_takane_6m] open today's live schedule at 2025-08-01
[sim_takane_6m] open today's live schedule at 2025-08-01
[sim_takane_6m] open today's live schedule at 2025-08-01
[sim_takane_6m] step=2200 iso=2025-08-01 display=Friday, August 1, 2025 19:20 stale=2149
[sim_takane_6m] open today's live schedule at 2025-08-01
[sim_takane_6m] open today's live schedule at 2025-08-01
[sim_takane_6m] open today's live schedule at 2025-08-01
[sim_takane_6m] open today's live schedule at 2025-08-01
[sim_takane_6m] open today's live schedule at 2025-08-01
[sim_takane_6m] open today's live schedule at 2025-08-01
[sim_takane_6m] open today's live schedule at 2025-08-01
[sim_takane_6m] open today's live schedule at 2025-08-01
[sim_takane_6m] open today's live schedule at 2025-08-01
[sim_takane_6m] open today's live schedule at 2025-08-01
[sim_takane_6m] open today's live schedule at 2025-08-01
[sim_takane_6m] stale buttons Friday, August 1, 2025 19:20 :: [{"text":"Main menu","disabled":false,"id":"btn-main-menu"},{"text":"Save game","disabled":false,"id":"btn-save"},{"text":"Load game","disabled":false,"id":"btn-load"},{"text":"New game","disabled":false,"id":"btn-new"},{"text":"Clear slot","disabled":false,"id":"btn-clear"},{"text":"‹","disabled":false,"id":""},{"text":"›","disabled":true,"id":""},{"text":"Friday, August 1, 2025 19:20","disabled":false,"id":"btn-goto-schedule"},{"text":"Next","disabled":false,"id":"btn-next-day"},{"text":"Inbox","disabled":false,"id":""},{"text":"Idols","disabled":false,"id":""},{"text":"Groups","disabled":false,"id":""},{"text":"Training","disabled":false,"id":""},{"text":"Schedule","disabled":false,"id":""},{"text":"Lives","disabled":false,"id":""},{"text":"Songs","disabled":false,"id":""},{"text":"Making","disabled":false,"id":""},{"text":"Media","disabled":false,"id":""},{"text":"Scout","disabled":false,"id":""},{"text":"Finances","disabled":false,"id":""},{"text":"Mark all read","disabled":true,"id":"btn-inbox-mark-all"},{"text":"* Today's live schedule\n        2025-08-01 - Assistant","disabled":false,"id":""},{"text":"Morning training ended\n        2025-07-31 - Training","disabled":false,"id":""},{"text":"Morning training ended\n        2025-07-30 - Training","disabled":false,"id":""},{"text":"Morning training ended\n        2025-07-29 - Training","disabled":false,"id":""},{"text":"Afternoon training ended\n        2025-07-28 - Training","disabled":false,"id":""},{"text":"Morning training ended\n        2025-07-28 - Training","disabled":false,"id":""},{"text":"Weekly news roundup\n        2025-07-28 - News","disabled":false,"id":""},{"text":"Morning training ended\n        2025-07-25 - Training","disabled":false,"id":""},{"text":"Morning training ended\n        2025-07-24 - Training","disabled":false,"id":""},{"text":"Morning training ended\n        2025-07-23 - Training","disabled":false,"id":""},{"text":"Morning training ended\n        2025-07-22 - Training","disabled":false,"id":""},{"text":"Morning training ended\n        2025-07-21 - Training","disabled":false,"id":""},{"text":"Weekly news roundup\n        2025-07-21 - News","disabled":false,"id":""},{"text":"Morning training ended\n        2025-07-18 - Training","disabled":false,"id":""},{"text":"Morning training ended\n        2025-07-17 - Training","disabled":false,"id":""},{"text":"Morning training ended\n        2025-07-16 - Training","disabled":false,"id":""},{"text":"Morning training ended\n        2025-07-15 - Training","disabled":false,"id":""},{"text":"Morning training ended\n        2025-07-14 - Training","disabled":false,"id":""},{"text":"Weekly news roundup\n        2025-07-14 - News","disabled":false,"id":""}]
[sim_takane_6m] open today's live schedule at 2025-08-01
[sim_takane_6m] open today's live schedule at 2025-08-01
[sim_takane_6m] open today's live schedule at 2025-08-01
[sim_takane_6m] open today's live schedule at 2025-08-01
[sim_takane_6m] open today's live schedule at 2025-08-01
[sim_takane_6m] open today's live schedule at 2025-08-01
[sim_takane_6m] open today's live schedule at 2025-08-01
[sim_takane_6m] open today's live schedule at 2025-08-01
[sim_takane_6m] open today's live schedule at 2025-08-01
[sim_takane_6m] open today's live schedule at 2025-08-01
[sim_takane_6m] open today's live schedule at 2025-08-01
[sim_takane_6m] open today's live schedule at 2025-08-01
[sim_takane_6m] open today's live schedule at 2025-08-01
[sim_takane_6m] open today's live schedule at 2025-08-01
[sim_takane_6m] step=2225 iso=2025-08-01 display=Friday, August 1, 2025 19:20 stale=2174
[sim_takane_6m] open today's live schedule at 2025-08-01
[sim_takane_6m] open today's live schedule at 2025-08-01
[sim_takane_6m] open today's live schedule at 2025-08-01
[sim_takane_6m] open today's live schedule at 2025-08-01
[sim_takane_6m] open today's live schedule at 2025-08-01
[sim_takane_6m] open today's live schedule at 2025-08-01
[sim_takane_6m] stale buttons Friday, August 1, 2025 19:20 :: [{"text":"Main menu","disabled":false,"id":"btn-main-menu"},{"text":"Save game","disabled":false,"id":"btn-save"},{"text":"Load game","disabled":false,"id":"btn-load"},{"text":"New game","disabled":false,"id":"btn-new"},{"text":"Clear slot","disabled":false,"id":"btn-clear"},{"text":"‹","disabled":false,"id":""},{"text":"›","disabled":true,"id":""},{"text":"Friday, August 1, 2025 19:20","disabled":false,"id":"btn-goto-schedule"},{"text":"Next","disabled":false,"id":"btn-next-day"},{"text":"Inbox","disabled":false,"id":""},{"text":"Idols","disabled":false,"id":""},{"text":"Groups","disabled":false,"id":""},{"text":"Training","disabled":false,"id":""},{"text":"Schedule","disabled":false,"id":""},{"text":"Lives","disabled":false,"id":""},{"text":"Songs","disabled":false,"id":""},{"text":"Making","disabled":false,"id":""},{"text":"Media","disabled":false,"id":""},{"text":"Scout","disabled":false,"id":""},{"text":"Finances","disabled":false,"id":""},{"text":"Mark all read","disabled":true,"id":"btn-inbox-mark-all"},{"text":"* Today's live schedule\n        2025-08-01 - Assistant","disabled":false,"id":""},{"text":"Morning training ended\n        2025-07-31 - Training","disabled":false,"id":""},{"text":"Morning training ended\n        2025-07-30 - Training","disabled":false,"id":""},{"text":"Morning training ended\n        2025-07-29 - Training","disabled":false,"id":""},{"text":"Afternoon training ended\n        2025-07-28 - Training","disabled":false,"id":""},{"text":"Morning training ended\n        2025-07-28 - Training","disabled":false,"id":""},{"text":"Weekly news roundup\n        2025-07-28 - News","disabled":false,"id":""},{"text":"Morning training ended\n        2025-07-25 - Training","disabled":false,"id":""},{"text":"Morning training ended\n        2025-07-24 - Training","disabled":false,"id":""},{"text":"Morning training ended\n        2025-07-23 - Training","disabled":false,"id":""},{"text":"Morning training ended\n        2025-07-22 - Training","disabled":false,"id":""},{"text":"Morning training ended\n        2025-07-21 - Training","disabled":false,"id":""},{"text":"Weekly news roundup\n        2025-07-21 - News","disabled":false,"id":""},{"text":"Morning training ended\n        2025-07-18 - Training","disabled":false,"id":""},{"text":"Morning training ended\n        2025-07-17 - Training","disabled":false,"id":""},{"text":"Morning training ended\n        2025-07-16 - Training","disabled":false,"id":""},{"text":"Morning training ended\n        2025-07-15 - Training","disabled":false,"id":""},{"text":"Morning training ended\n        2025-07-14 - Training","disabled":false,"id":""},{"text":"Weekly news roundup\n        2025-07-14 - News","disabled":false,"id":""}]
[sim_takane_6m] open today's live schedule at 2025-08-01
[sim_takane_6m] open today's live schedule at 2025-08-01
[sim_takane_6m] open today's live schedule at 2025-08-01
[sim_takane_6m] open today's live schedule at 2025-08-01
[sim_takane_6m] open today's live schedule at 2025-08-01
[sim_takane_6m] open today's live schedule at 2025-08-01
[sim_takane_6m] open today's live schedule at 2025-08-01
[sim_takane_6m] open today's live schedule at 2025-08-01
[sim_takane_6m] open today's live schedule at 2025-08-01
[sim_takane_6m] open today's live schedule at 2025-08-01
[sim_takane_6m] open today's live schedule at 2025-08-01
[sim_takane_6m] open today's live schedule at 2025-08-01
[sim_takane_6m] open today's live schedule at 2025-08-01
[sim_takane_6m] open today's live schedule at 2025-08-01
[sim_takane_6m] open today's live schedule at 2025-08-01
[sim_takane_6m] open today's live schedule at 2025-08-01
[sim_takane_6m] open today's live schedule at 2025-08-01
[sim_takane_6m] open today's live schedule at 2025-08-01
[sim_takane_6m] open today's live schedule at 2025-08-01
[sim_takane_6m] step=2250 iso=2025-08-01 display=Friday, August 1, 2025 19:20 stale=2199
[sim_takane_6m] open today's live schedule at 2025-08-01
[sim_takane_6m] stale buttons Friday, August 1, 2025 19:20 :: [{"text":"Main menu","disabled":false,"id":"btn-main-menu"},{"text":"Save game","disabled":false,"id":"btn-save"},{"text":"Load game","disabled":false,"id":"btn-load"},{"text":"New game","disabled":false,"id":"btn-new"},{"text":"Clear slot","disabled":false,"id":"btn-clear"},{"text":"‹","disabled":false,"id":""},{"text":"›","disabled":true,"id":""},{"text":"Friday, August 1, 2025 19:20","disabled":false,"id":"btn-goto-schedule"},{"text":"Next","disabled":false,"id":"btn-next-day"},{"text":"Inbox","disabled":false,"id":""},{"text":"Idols","disabled":false,"id":""},{"text":"Groups","disabled":false,"id":""},{"text":"Training","disabled":false,"id":""},{"text":"Schedule","disabled":false,"id":""},{"text":"Lives","disabled":false,"id":""},{"text":"Songs","disabled":false,"id":""},{"text":"Making","disabled":false,"id":""},{"text":"Media","disabled":false,"id":""},{"text":"Scout","disabled":false,"id":""},{"text":"Finances","disabled":false,"id":""},{"text":"Mark all read","disabled":true,"id":"btn-inbox-mark-all"},{"text":"* Today's live schedule\n        2025-08-01 - Assistant","disabled":false,"id":""},{"text":"Morning training ended\n        2025-07-31 - Training","disabled":false,"id":""},{"text":"Morning training ended\n        2025-07-30 - Training","disabled":false,"id":""},{"text":"Morning training ended\n        2025-07-29 - Training","disabled":false,"id":""},{"text":"Afternoon training ended\n        2025-07-28 - Training","disabled":false,"id":""},{"text":"Morning training ended\n        2025-07-28 - Training","disabled":false,"id":""},{"text":"Weekly news roundup\n        2025-07-28 - News","disabled":false,"id":""},{"text":"Morning training ended\n        2025-07-25 - Training","disabled":false,"id":""},{"text":"Morning training ended\n        2025-07-24 - Training","disabled":false,"id":""},{"text":"Morning training ended\n        2025-07-23 - Training","disabled":false,"id":""},{"text":"Morning training ended\n        2025-07-22 - Training","disabled":false,"id":""},{"text":"Morning training ended\n        2025-07-21 - Training","disabled":false,"id":""},{"text":"Weekly news roundup\n        2025-07-21 - News","disabled":false,"id":""},{"text":"Morning training ended\n        2025-07-18 - Training","disabled":false,"id":""},{"text":"Morning training ended\n        2025-07-17 - Training","disabled":false,"id":""},{"text":"Morning training ended\n        2025-07-16 - Training","disabled":false,"id":""},{"text":"Morning training ended\n        2025-07-15 - Training","disabled":false,"id":""},{"text":"Morning training ended\n        2025-07-14 - Training","disabled":false,"id":""},{"text":"Weekly news roundup\n        2025-07-14 - News","disabled":false,"id":""}]
[sim_takane_6m] open today's live schedule at 2025-08-01
[sim_takane_6m] open today's live schedule at 2025-08-01
[sim_takane_6m] open today's live schedule at 2025-08-01
[sim_takane_6m] open today's live schedule at 2025-08-01
[sim_takane_6m] open today's live schedule at 2025-08-01
[sim_takane_6m] open today's live schedule at 2025-08-01
[sim_takane_6m] open today's live schedule at 2025-08-01
[sim_takane_6m] open today's live schedule at 2025-08-01
[sim_takane_6m] open today's live schedule at 2025-08-01
[sim_takane_6m] open today's live schedule at 2025-08-01
[sim_takane_6m] open today's live schedule at 2025-08-01
[sim_takane_6m] open today's live schedule at 2025-08-01
[sim_takane_6m] open today's live schedule at 2025-08-01
[sim_takane_6m] open today's live schedule at 2025-08-01
[sim_takane_6m] open today's live schedule at 2025-08-01
[sim_takane_6m] open today's live schedule at 2025-08-01
[sim_takane_6m] open today's live schedule at 2025-08-01
[sim_takane_6m] open today's live schedule at 2025-08-01
[sim_takane_6m] open today's live schedule at 2025-08-01
[sim_takane_6m] open today's live schedule at 2025-08-01
[sim_takane_6m] stale buttons Friday, August 1, 2025 19:20 :: [{"text":"Main menu","disabled":false,"id":"btn-main-menu"},{"text":"Save game","disabled":false,"id":"btn-save"},{"text":"Load game","disabled":false,"id":"btn-load"},{"text":"New game","disabled":false,"id":"btn-new"},{"text":"Clear slot","disabled":false,"id":"btn-clear"},{"text":"‹","disabled":false,"id":""},{"text":"›","disabled":true,"id":""},{"text":"Friday, August 1, 2025 19:20","disabled":false,"id":"btn-goto-schedule"},{"text":"Next","disabled":false,"id":"btn-next-day"},{"text":"Inbox","disabled":false,"id":""},{"text":"Idols","disabled":false,"id":""},{"text":"Groups","disabled":false,"id":""},{"text":"Training","disabled":false,"id":""},{"text":"Schedule","disabled":false,"id":""},{"text":"Lives","disabled":false,"id":""},{"text":"Songs","disabled":false,"id":""},{"text":"Making","disabled":false,"id":""},{"text":"Media","disabled":false,"id":""},{"text":"Scout","disabled":false,"id":""},{"text":"Finances","disabled":false,"id":""},{"text":"Mark all read","disabled":true,"id":"btn-inbox-mark-all"},{"text":"* Today's live schedule\n        2025-08-01 - Assistant","disabled":false,"id":""},{"text":"Morning training ended\n        2025-07-31 - Training","disabled":false,"id":""},{"text":"Morning training ended\n        2025-07-30 - Training","disabled":false,"id":""},{"text":"Morning training ended\n        2025-07-29 - Training","disabled":false,"id":""},{"text":"Afternoon training ended\n        2025-07-28 - Training","disabled":false,"id":""},{"text":"Morning training ended\n        2025-07-28 - Training","disabled":false,"id":""},{"text":"Weekly news roundup\n        2025-07-28 - News","disabled":false,"id":""},{"text":"Morning training ended\n        2025-07-25 - Training","disabled":false,"id":""},{"text":"Morning training ended\n        2025-07-24 - Training","disabled":false,"id":""},{"text":"Morning training ended\n        2025-07-23 - Training","disabled":false,"id":""},{"text":"Morning training ended\n        2025-07-22 - Training","disabled":false,"id":""},{"text":"Morning training ended\n        2025-07-21 - Training","disabled":false,"id":""},{"text":"Weekly news roundup\n        2025-07-21 - News","disabled":false,"id":""},{"text":"Morning training ended\n        2025-07-18 - Training","disabled":false,"id":""},{"text":"Morning training ended\n        2025-07-17 - Training","disabled":false,"id":""},{"text":"Morning training ended\n        2025-07-16 - Training","disabled":false,"id":""},{"text":"Morning training ended\n        2025-07-15 - Training","disabled":false,"id":""},{"text":"Morning training ended\n        2025-07-14 - Training","disabled":false,"id":""},{"text":"Weekly news roundup\n        2025-07-14 - News","disabled":false,"id":""}]
[sim_takane_6m] open today's live schedule at 2025-08-01
[sim_takane_6m] open today's live schedule at 2025-08-01
[sim_takane_6m] open today's live schedule at 2025-08-01
[sim_takane_6m] open today's live schedule at 2025-08-01
[sim_takane_6m] step=2275 iso=2025-08-01 display=Friday, August 1, 2025 19:20 stale=2224
[sim_takane_6m] open today's live schedule at 2025-08-01
[sim_takane_6m] open today's live schedule at 2025-08-01
[sim_takane_6m] open today's live schedule at 2025-08-01
[sim_takane_6m] open today's live schedule at 2025-08-01
[sim_takane_6m] open today's live schedule at 2025-08-01
[sim_takane_6m] open today's live schedule at 2025-08-01
[sim_takane_6m] open today's live schedule at 2025-08-01
[sim_takane_6m] open today's live schedule at 2025-08-01
[sim_takane_6m] open today's live schedule at 2025-08-01
[sim_takane_6m] open today's live schedule at 2025-08-01
[sim_takane_6m] open today's live schedule at 2025-08-01
[sim_takane_6m] open today's live schedule at 2025-08-01
[sim_takane_6m] open today's live schedule at 2025-08-01
[sim_takane_6m] open today's live schedule at 2025-08-01
[sim_takane_6m] open today's live schedule at 2025-08-01
[sim_takane_6m] open today's live schedule at 2025-08-01
[sim_takane_6m] stale buttons Friday, August 1, 2025 19:20 :: [{"text":"Main menu","disabled":false,"id":"btn-main-menu"},{"text":"Save game","disabled":false,"id":"btn-save"},{"text":"Load game","disabled":false,"id":"btn-load"},{"text":"New game","disabled":false,"id":"btn-new"},{"text":"Clear slot","disabled":false,"id":"btn-clear"},{"text":"‹","disabled":false,"id":""},{"text":"›","disabled":true,"id":""},{"text":"Friday, August 1, 2025 19:20","disabled":false,"id":"btn-goto-schedule"},{"text":"Next","disabled":false,"id":"btn-next-day"},{"text":"Inbox","disabled":false,"id":""},{"text":"Idols","disabled":false,"id":""},{"text":"Groups","disabled":false,"id":""},{"text":"Training","disabled":false,"id":""},{"text":"Schedule","disabled":false,"id":""},{"text":"Lives","disabled":false,"id":""},{"text":"Songs","disabled":false,"id":""},{"text":"Making","disabled":false,"id":""},{"text":"Media","disabled":false,"id":""},{"text":"Scout","disabled":false,"id":""},{"text":"Finances","disabled":false,"id":""},{"text":"Mark all read","disabled":true,"id":"btn-inbox-mark-all"},{"text":"* Today's live schedule\n        2025-08-01 - Assistant","disabled":false,"id":""},{"text":"Morning training ended\n        2025-07-31 - Training","disabled":false,"id":""},{"text":"Morning training ended\n        2025-07-30 - Training","disabled":false,"id":""},{"text":"Morning training ended\n        2025-07-29 - Training","disabled":false,"id":""},{"text":"Afternoon training ended\n        2025-07-28 - Training","disabled":false,"id":""},{"text":"Morning training ended\n        2025-07-28 - Training","disabled":false,"id":""},{"text":"Weekly news roundup\n        2025-07-28 - News","disabled":false,"id":""},{"text":"Morning training ended\n        2025-07-25 - Training","disabled":false,"id":""},{"text":"Morning training ended\n        2025-07-24 - Training","disabled":false,"id":""},{"text":"Morning training ended\n        2025-07-23 - Training","disabled":false,"id":""},{"text":"Morning training ended\n        2025-07-22 - Training","disabled":false,"id":""},{"text":"Morning training ended\n        2025-07-21 - Training","disabled":false,"id":""},{"text":"Weekly news roundup\n        2025-07-21 - News","disabled":false,"id":""},{"text":"Morning training ended\n        2025-07-18 - Training","disabled":false,"id":""},{"text":"Morning training ended\n        2025-07-17 - Training","disabled":false,"id":""},{"text":"Morning training ended\n        2025-07-16 - Training","disabled":false,"id":""},{"text":"Morning training ended\n        2025-07-15 - Training","disabled":false,"id":""},{"text":"Morning training ended\n        2025-07-14 - Training","disabled":false,"id":""},{"text":"Weekly news roundup\n        2025-07-14 - News","disabled":false,"id":""}]
[sim_takane_6m] open today's live schedule at 2025-08-01
[sim_takane_6m] open today's live schedule at 2025-08-01
[sim_takane_6m] open today's live schedule at 2025-08-01
[sim_takane_6m] open today's live schedule at 2025-08-01
[sim_takane_6m] open today's live schedule at 2025-08-01
[sim_takane_6m] open today's live schedule at 2025-08-01
[sim_takane_6m] open today's live schedule at 2025-08-01
[sim_takane_6m] open today's live schedule at 2025-08-01
[sim_takane_6m] open today's live schedule at 2025-08-01
[sim_takane_6m] step=2300 iso=2025-08-01 display=Friday, August 1, 2025 19:20 stale=2249
[sim_takane_6m] open today's live schedule at 2025-08-01
[sim_takane_6m] open today's live schedule at 2025-08-01
[sim_takane_6m] open today's live schedule at 2025-08-01
[sim_takane_6m] open today's live schedule at 2025-08-01
[sim_takane_6m] open today's live schedule at 2025-08-01
[sim_takane_6m] open today's live schedule at 2025-08-01
[sim_takane_6m] open today's live schedule at 2025-08-01
[sim_takane_6m] open today's live schedule at 2025-08-01
[sim_takane_6m] open today's live schedule at 2025-08-01
[sim_takane_6m] open today's live schedule at 2025-08-01
[sim_takane_6m] open today's live schedule at 2025-08-01
[sim_takane_6m] stale buttons Friday, August 1, 2025 19:20 :: [{"text":"Main menu","disabled":false,"id":"btn-main-menu"},{"text":"Save game","disabled":false,"id":"btn-save"},{"text":"Load game","disabled":false,"id":"btn-load"},{"text":"New game","disabled":false,"id":"btn-new"},{"text":"Clear slot","disabled":false,"id":"btn-clear"},{"text":"‹","disabled":false,"id":""},{"text":"›","disabled":true,"id":""},{"text":"Friday, August 1, 2025 19:20","disabled":false,"id":"btn-goto-schedule"},{"text":"Next","disabled":false,"id":"btn-next-day"},{"text":"Inbox","disabled":false,"id":""},{"text":"Idols","disabled":false,"id":""},{"text":"Groups","disabled":false,"id":""},{"text":"Training","disabled":false,"id":""},{"text":"Schedule","disabled":false,"id":""},{"text":"Lives","disabled":false,"id":""},{"text":"Songs","disabled":false,"id":""},{"text":"Making","disabled":false,"id":""},{"text":"Media","disabled":false,"id":""},{"text":"Scout","disabled":false,"id":""},{"text":"Finances","disabled":false,"id":""},{"text":"Mark all read","disabled":true,"id":"btn-inbox-mark-all"},{"text":"* Today's live schedule\n        2025-08-01 - Assistant","disabled":false,"id":""},{"text":"Morning training ended\n        2025-07-31 - Training","disabled":false,"id":""},{"text":"Morning training ended\n        2025-07-30 - Training","disabled":false,"id":""},{"text":"Morning training ended\n        2025-07-29 - Training","disabled":false,"id":""},{"text":"Afternoon training ended\n        2025-07-28 - Training","disabled":false,"id":""},{"text":"Morning training ended\n        2025-07-28 - Training","disabled":false,"id":""},{"text":"Weekly news roundup\n        2025-07-28 - News","disabled":false,"id":""},{"text":"Morning training ended\n        2025-07-25 - Training","disabled":false,"id":""},{"text":"Morning training ended\n        2025-07-24 - Training","disabled":false,"id":""},{"text":"Morning training ended\n        2025-07-23 - Training","disabled":false,"id":""},{"text":"Morning training ended\n        2025-07-22 - Training","disabled":false,"id":""},{"text":"Morning training ended\n        2025-07-21 - Training","disabled":false,"id":""},{"text":"Weekly news roundup\n        2025-07-21 - News","disabled":false,"id":""},{"text":"Morning training ended\n        2025-07-18 - Training","disabled":false,"id":""},{"text":"Morning training ended\n        2025-07-17 - Training","disabled":false,"id":""},{"text":"Morning training ended\n        2025-07-16 - Training","disabled":false,"id":""},{"text":"Morning training ended\n        2025-07-15 - Training","disabled":false,"id":""},{"text":"Morning training ended\n        2025-07-14 - Training","disabled":false,"id":""},{"text":"Weekly news roundup\n        2025-07-14 - News","disabled":false,"id":""}]
[sim_takane_6m] open today's live schedule at 2025-08-01
[sim_takane_6m] open today's live schedule at 2025-08-01
[sim_takane_6m] open today's live schedule at 2025-08-01
[sim_takane_6m] open today's live schedule at 2025-08-01
[sim_takane_6m] open today's live schedule at 2025-08-01
[sim_takane_6m] open today's live schedule at 2025-08-01
[sim_takane_6m] open today's live schedule at 2025-08-01
[sim_takane_6m] open today's live schedule at 2025-08-01
[sim_takane_6m] open today's live schedule at 2025-08-01
[sim_takane_6m] open today's live schedule at 2025-08-01
[sim_takane_6m] open today's live schedule at 2025-08-01
[sim_takane_6m] open today's live schedule at 2025-08-01
[sim_takane_6m] open today's live schedule at 2025-08-01
[sim_takane_6m] open today's live schedule at 2025-08-01
[sim_takane_6m] step=2325 iso=2025-08-01 display=Friday, August 1, 2025 19:20 stale=2274
[sim_takane_6m] open today's live schedule at 2025-08-01
[sim_takane_6m] open today's live schedule at 2025-08-01
[sim_takane_6m] open today's live schedule at 2025-08-01
[sim_takane_6m] open today's live schedule at 2025-08-01
[sim_takane_6m] open today's live schedule at 2025-08-01
[sim_takane_6m] open today's live schedule at 2025-08-01
[sim_takane_6m] stale buttons Friday, August 1, 2025 19:20 :: [{"text":"Main menu","disabled":false,"id":"btn-main-menu"},{"text":"Save game","disabled":false,"id":"btn-save"},{"text":"Load game","disabled":false,"id":"btn-load"},{"text":"New game","disabled":false,"id":"btn-new"},{"text":"Clear slot","disabled":false,"id":"btn-clear"},{"text":"‹","disabled":false,"id":""},{"text":"›","disabled":true,"id":""},{"text":"Friday, August 1, 2025 19:20","disabled":false,"id":"btn-goto-schedule"},{"text":"Next","disabled":false,"id":"btn-next-day"},{"text":"Inbox","disabled":false,"id":""},{"text":"Idols","disabled":false,"id":""},{"text":"Groups","disabled":false,"id":""},{"text":"Training","disabled":false,"id":""},{"text":"Schedule","disabled":false,"id":""},{"text":"Lives","disabled":false,"id":""},{"text":"Songs","disabled":false,"id":""},{"text":"Making","disabled":false,"id":""},{"text":"Media","disabled":false,"id":""},{"text":"Scout","disabled":false,"id":""},{"text":"Finances","disabled":false,"id":""},{"text":"Mark all read","disabled":true,"id":"btn-inbox-mark-all"},{"text":"* Today's live schedule\n        2025-08-01 - Assistant","disabled":false,"id":""},{"text":"Morning training ended\n        2025-07-31 - Training","disabled":false,"id":""},{"text":"Morning training ended\n        2025-07-30 - Training","disabled":false,"id":""},{"text":"Morning training ended\n        2025-07-29 - Training","disabled":false,"id":""},{"text":"Afternoon training ended\n        2025-07-28 - Training","disabled":false,"id":""},{"text":"Morning training ended\n        2025-07-28 - Training","disabled":false,"id":""},{"text":"Weekly news roundup\n        2025-07-28 - News","disabled":false,"id":""},{"text":"Morning training ended\n        2025-07-25 - Training","disabled":false,"id":""},{"text":"Morning training ended\n        2025-07-24 - Training","disabled":false,"id":""},{"text":"Morning training ended\n        2025-07-23 - Training","disabled":false,"id":""},{"text":"Morning training ended\n        2025-07-22 - Training","disabled":false,"id":""},{"text":"Morning training ended\n        2025-07-21 - Training","disabled":false,"id":""},{"text":"Weekly news roundup\n        2025-07-21 - News","disabled":false,"id":""},{"text":"Morning training ended\n        2025-07-18 - Training","disabled":false,"id":""},{"text":"Morning training ended\n        2025-07-17 - Training","disabled":false,"id":""},{"text":"Morning training ended\n        2025-07-16 - Training","disabled":false,"id":""},{"text":"Morning training ended\n        2025-07-15 - Training","disabled":false,"id":""},{"text":"Morning training ended\n        2025-07-14 - Training","disabled":false,"id":""},{"text":"Weekly news roundup\n        2025-07-14 - News","disabled":false,"id":""}]
[sim_takane_6m] open today's live schedule at 2025-08-01
[sim_takane_6m] open today's live schedule at 2025-08-01
[sim_takane_6m] open today's live schedule at 2025-08-01
[sim_takane_6m] open today's live schedule at 2025-08-01
[sim_takane_6m] open today's live schedule at 2025-08-01
[sim_takane_6m] open today's live schedule at 2025-08-01
[sim_takane_6m] open today's live schedule at 2025-08-01
[sim_takane_6m] open today's live schedule at 2025-08-01
[sim_takane_6m] open today's live schedule at 2025-08-01
[sim_takane_6m] open today's live schedule at 2025-08-01
[sim_takane_6m] open today's live schedule at 2025-08-01
[sim_takane_6m] open today's live schedule at 2025-08-01
[sim_takane_6m] open today's live schedule at 2025-08-01
[sim_takane_6m] open today's live schedule at 2025-08-01
[sim_takane_6m] open today's live schedule at 2025-08-01
[sim_takane_6m] open today's live schedule at 2025-08-01
[sim_takane_6m] open today's live schedule at 2025-08-01
[sim_takane_6m] open today's live schedule at 2025-08-01
[sim_takane_6m] open today's live schedule at 2025-08-01
[sim_takane_6m] step=2350 iso=2025-08-01 display=Friday, August 1, 2025 19:20 stale=2299
[sim_takane_6m] open today's live schedule at 2025-08-01
[sim_takane_6m] stale buttons Friday, August 1, 2025 19:20 :: [{"text":"Main menu","disabled":false,"id":"btn-main-menu"},{"text":"Save game","disabled":false,"id":"btn-save"},{"text":"Load game","disabled":false,"id":"btn-load"},{"text":"New game","disabled":false,"id":"btn-new"},{"text":"Clear slot","disabled":false,"id":"btn-clear"},{"text":"‹","disabled":false,"id":""},{"text":"›","disabled":true,"id":""},{"text":"Friday, August 1, 2025 19:20","disabled":false,"id":"btn-goto-schedule"},{"text":"Next","disabled":false,"id":"btn-next-day"},{"text":"Inbox","disabled":false,"id":""},{"text":"Idols","disabled":false,"id":""},{"text":"Groups","disabled":false,"id":""},{"text":"Training","disabled":false,"id":""},{"text":"Schedule","disabled":false,"id":""},{"text":"Lives","disabled":false,"id":""},{"text":"Songs","disabled":false,"id":""},{"text":"Making","disabled":false,"id":""},{"text":"Media","disabled":false,"id":""},{"text":"Scout","disabled":false,"id":""},{"text":"Finances","disabled":false,"id":""},{"text":"Mark all read","disabled":true,"id":"btn-inbox-mark-all"},{"text":"* Today's live schedule\n        2025-08-01 - Assistant","disabled":false,"id":""},{"text":"Morning training ended\n        2025-07-31 - Training","disabled":false,"id":""},{"text":"Morning training ended\n        2025-07-30 - Training","disabled":false,"id":""},{"text":"Morning training ended\n        2025-07-29 - Training","disabled":false,"id":""},{"text":"Afternoon training ended\n        2025-07-28 - Training","disabled":false,"id":""},{"text":"Morning training ended\n        2025-07-28 - Training","disabled":false,"id":""},{"text":"Weekly news roundup\n        2025-07-28 - News","disabled":false,"id":""},{"text":"Morning training ended\n        2025-07-25 - Training","disabled":false,"id":""},{"text":"Morning training ended\n        2025-07-24 - Training","disabled":false,"id":""},{"text":"Morning training ended\n        2025-07-23 - Training","disabled":false,"id":""},{"text":"Morning training ended\n        2025-07-22 - Training","disabled":false,"id":""},{"text":"Morning training ended\n        2025-07-21 - Training","disabled":false,"id":""},{"text":"Weekly news roundup\n        2025-07-21 - News","disabled":false,"id":""},{"text":"Morning training ended\n        2025-07-18 - Training","disabled":false,"id":""},{"text":"Morning training ended\n        2025-07-17 - Training","disabled":false,"id":""},{"text":"Morning training ended\n        2025-07-16 - Training","disabled":false,"id":""},{"text":"Morning training ended\n        2025-07-15 - Training","disabled":false,"id":""},{"text":"Morning training ended\n        2025-07-14 - Training","disabled":false,"id":""},{"text":"Weekly news roundup\n        2025-07-14 - News","disabled":false,"id":""}]
[sim_takane_6m] open today's live schedule at 2025-08-01
[sim_takane_6m] open today's live schedule at 2025-08-01
[sim_takane_6m] open today's live schedule at 2025-08-01
[sim_takane_6m] open today's live schedule at 2025-08-01
[sim_takane_6m] open today's live schedule at 2025-08-01
[sim_takane_6m] open today's live schedule at 2025-08-01
[sim_takane_6m] open today's live schedule at 2025-08-01
[sim_takane_6m] open today's live schedule at 2025-08-01
[sim_takane_6m] open today's live schedule at 2025-08-01
[sim_takane_6m] open today's live schedule at 2025-08-01
[sim_takane_6m] open today's live schedule at 2025-08-01
[sim_takane_6m] open today's live schedule at 2025-08-01
[sim_takane_6m] open today's live schedule at 2025-08-01
[sim_takane_6m] open today's live schedule at 2025-08-01
[sim_takane_6m] open today's live schedule at 2025-08-01
[sim_takane_6m] open today's live schedule at 2025-08-01
[sim_takane_6m] open today's live schedule at 2025-08-01
[sim_takane_6m] open today's live schedule at 2025-08-01
[sim_takane_6m] open today's live schedule at 2025-08-01
[sim_takane_6m] open today's live schedule at 2025-08-01
[sim_takane_6m] stale buttons Friday, August 1, 2025 19:20 :: [{"text":"Main menu","disabled":false,"id":"btn-main-menu"},{"text":"Save game","disabled":false,"id":"btn-save"},{"text":"Load game","disabled":false,"id":"btn-load"},{"text":"New game","disabled":false,"id":"btn-new"},{"text":"Clear slot","disabled":false,"id":"btn-clear"},{"text":"‹","disabled":false,"id":""},{"text":"›","disabled":true,"id":""},{"text":"Friday, August 1, 2025 19:20","disabled":false,"id":"btn-goto-schedule"},{"text":"Next","disabled":false,"id":"btn-next-day"},{"text":"Inbox","disabled":false,"id":""},{"text":"Idols","disabled":false,"id":""},{"text":"Groups","disabled":false,"id":""},{"text":"Training","disabled":false,"id":""},{"text":"Schedule","disabled":false,"id":""},{"text":"Lives","disabled":false,"id":""},{"text":"Songs","disabled":false,"id":""},{"text":"Making","disabled":false,"id":""},{"text":"Media","disabled":false,"id":""},{"text":"Scout","disabled":false,"id":""},{"text":"Finances","disabled":false,"id":""},{"text":"Mark all read","disabled":true,"id":"btn-inbox-mark-all"},{"text":"* Today's live schedule\n        2025-08-01 - Assistant","disabled":false,"id":""},{"text":"Morning training ended\n        2025-07-31 - Training","disabled":false,"id":""},{"text":"Morning training ended\n        2025-07-30 - Training","disabled":false,"id":""},{"text":"Morning training ended\n        2025-07-29 - Training","disabled":false,"id":""},{"text":"Afternoon training ended\n        2025-07-28 - Training","disabled":false,"id":""},{"text":"Morning training ended\n        2025-07-28 - Training","disabled":false,"id":""},{"text":"Weekly news roundup\n        2025-07-28 - News","disabled":false,"id":""},{"text":"Morning training ended\n        2025-07-25 - Training","disabled":false,"id":""},{"text":"Morning training ended\n        2025-07-24 - Training","disabled":false,"id":""},{"text":"Morning training ended\n        2025-07-23 - Training","disabled":false,"id":""},{"text":"Morning training ended\n        2025-07-22 - Training","disabled":false,"id":""},{"text":"Morning training ended\n        2025-07-21 - Training","disabled":false,"id":""},{"text":"Weekly news roundup\n        2025-07-21 - News","disabled":false,"id":""},{"text":"Morning training ended\n        2025-07-18 - Training","disabled":false,"id":""},{"text":"Morning training ended\n        2025-07-17 - Training","disabled":false,"id":""},{"text":"Morning training ended\n        2025-07-16 - Training","disabled":false,"id":""},{"text":"Morning training ended\n        2025-07-15 - Training","disabled":false,"id":""},{"text":"Morning training ended\n        2025-07-14 - Training","disabled":false,"id":""},{"text":"Weekly news roundup\n        2025-07-14 - News","disabled":false,"id":""}]
[sim_takane_6m] open today's live schedule at 2025-08-01
[sim_takane_6m] open today's live schedule at 2025-08-01
[sim_takane_6m] open today's live schedule at 2025-08-01
[sim_takane_6m] open today's live schedule at 2025-08-01
[sim_takane_6m] step=2375 iso=2025-08-01 display=Friday, August 1, 2025 19:20 stale=2324
[sim_takane_6m] open today's live schedule at 2025-08-01
[sim_takane_6m] open today's live schedule at 2025-08-01
[sim_takane_6m] open today's live schedule at 2025-08-01
[sim_takane_6m] open today's live schedule at 2025-08-01
[sim_takane_6m] open today's live schedule at 2025-08-01
[sim_takane_6m] open today's live schedule at 2025-08-01
[sim_takane_6m] open today's live schedule at 2025-08-01
[sim_takane_6m] open today's live schedule at 2025-08-01
[sim_takane_6m] open today's live schedule at 2025-08-01
[sim_takane_6m] open today's live schedule at 2025-08-01
[sim_takane_6m] open today's live schedule at 2025-08-01
[sim_takane_6m] open today's live schedule at 2025-08-01
[sim_takane_6m] open today's live schedule at 2025-08-01
[sim_takane_6m] open today's live schedule at 2025-08-01
[sim_takane_6m] open today's live schedule at 2025-08-01
[sim_takane_6m] open today's live schedule at 2025-08-01
[sim_takane_6m] stale buttons Friday, August 1, 2025 19:20 :: [{"text":"Main menu","disabled":false,"id":"btn-main-menu"},{"text":"Save game","disabled":false,"id":"btn-save"},{"text":"Load game","disabled":false,"id":"btn-load"},{"text":"New game","disabled":false,"id":"btn-new"},{"text":"Clear slot","disabled":false,"id":"btn-clear"},{"text":"‹","disabled":false,"id":""},{"text":"›","disabled":true,"id":""},{"text":"Friday, August 1, 2025 19:20","disabled":false,"id":"btn-goto-schedule"},{"text":"Next","disabled":false,"id":"btn-next-day"},{"text":"Inbox","disabled":false,"id":""},{"text":"Idols","disabled":false,"id":""},{"text":"Groups","disabled":false,"id":""},{"text":"Training","disabled":false,"id":""},{"text":"Schedule","disabled":false,"id":""},{"text":"Lives","disabled":false,"id":""},{"text":"Songs","disabled":false,"id":""},{"text":"Making","disabled":false,"id":""},{"text":"Media","disabled":false,"id":""},{"text":"Scout","disabled":false,"id":""},{"text":"Finances","disabled":false,"id":""},{"text":"Mark all read","disabled":true,"id":"btn-inbox-mark-all"},{"text":"* Today's live schedule\n        2025-08-01 - Assistant","disabled":false,"id":""},{"text":"Morning training ended\n        2025-07-31 - Training","disabled":false,"id":""},{"text":"Morning training ended\n        2025-07-30 - Training","disabled":false,"id":""},{"text":"Morning training ended\n        2025-07-29 - Training","disabled":false,"id":""},{"text":"Afternoon training ended\n        2025-07-28 - Training","disabled":false,"id":""},{"text":"Morning training ended\n        2025-07-28 - Training","disabled":false,"id":""},{"text":"Weekly news roundup\n        2025-07-28 - News","disabled":false,"id":""},{"text":"Morning training ended\n        2025-07-25 - Training","disabled":false,"id":""},{"text":"Morning training ended\n        2025-07-24 - Training","disabled":false,"id":""},{"text":"Morning training ended\n        2025-07-23 - Training","disabled":false,"id":""},{"text":"Morning training ended\n        2025-07-22 - Training","disabled":false,"id":""},{"text":"Morning training ended\n        2025-07-21 - Training","disabled":false,"id":""},{"text":"Weekly news roundup\n        2025-07-21 - News","disabled":false,"id":""},{"text":"Morning training ended\n        2025-07-18 - Training","disabled":false,"id":""},{"text":"Morning training ended\n        2025-07-17 - Training","disabled":false,"id":""},{"text":"Morning training ended\n        2025-07-16 - Training","disabled":false,"id":""},{"text":"Morning training ended\n        2025-07-15 - Training","disabled":false,"id":""},{"text":"Morning training ended\n        2025-07-14 - Training","disabled":false,"id":""},{"text":"Weekly news roundup\n        2025-07-14 - News","disabled":false,"id":""}]
[sim_takane_6m] open today's live schedule at 2025-08-01
[sim_takane_6m] open today's live schedule at 2025-08-01
[sim_takane_6m] open today's live schedule at 2025-08-01
[sim_takane_6m] open today's live schedule at 2025-08-01
[sim_takane_6m] open today's live schedule at 2025-08-01
[sim_takane_6m] open today's live schedule at 2025-08-01
[sim_takane_6m] open today's live schedule at 2025-08-01
[sim_takane_6m] open today's live schedule at 2025-08-01
[sim_takane_6m] open today's live schedule at 2025-08-01
[sim_takane_6m] step=2400 iso=2025-08-01 display=Friday, August 1, 2025 19:20 stale=2349
[sim_takane_6m] open today's live schedule at 2025-08-01
[sim_takane_6m] open today's live schedule at 2025-08-01
[sim_takane_6m] open today's live schedule at 2025-08-01
[sim_takane_6m] open today's live schedule at 2025-08-01
[sim_takane_6m] open today's live schedule at 2025-08-01
[sim_takane_6m] open today's live schedule at 2025-08-01
[sim_takane_6m] open today's live schedule at 2025-08-01
[sim_takane_6m] open today's live schedule at 2025-08-01
[sim_takane_6m] open today's live schedule at 2025-08-01
[sim_takane_6m] open today's live schedule at 2025-08-01
[sim_takane_6m] open today's live schedule at 2025-08-01
[sim_takane_6m] stale buttons Friday, August 1, 2025 19:20 :: [{"text":"Main menu","disabled":false,"id":"btn-main-menu"},{"text":"Save game","disabled":false,"id":"btn-save"},{"text":"Load game","disabled":false,"id":"btn-load"},{"text":"New game","disabled":false,"id":"btn-new"},{"text":"Clear slot","disabled":false,"id":"btn-clear"},{"text":"‹","disabled":false,"id":""},{"text":"›","disabled":true,"id":""},{"text":"Friday, August 1, 2025 19:20","disabled":false,"id":"btn-goto-schedule"},{"text":"Next","disabled":false,"id":"btn-next-day"},{"text":"Inbox","disabled":false,"id":""},{"text":"Idols","disabled":false,"id":""},{"text":"Groups","disabled":false,"id":""},{"text":"Training","disabled":false,"id":""},{"text":"Schedule","disabled":false,"id":""},{"text":"Lives","disabled":false,"id":""},{"text":"Songs","disabled":false,"id":""},{"text":"Making","disabled":false,"id":""},{"text":"Media","disabled":false,"id":""},{"text":"Scout","disabled":false,"id":""},{"text":"Finances","disabled":false,"id":""},{"text":"Mark all read","disabled":true,"id":"btn-inbox-mark-all"},{"text":"* Today's live schedule\n        2025-08-01 - Assistant","disabled":false,"id":""},{"text":"Morning training ended\n        2025-07-31 - Training","disabled":false,"id":""},{"text":"Morning training ended\n        2025-07-30 - Training","disabled":false,"id":""},{"text":"Morning training ended\n        2025-07-29 - Training","disabled":false,"id":""},{"text":"Afternoon training ended\n        2025-07-28 - Training","disabled":false,"id":""},{"text":"Morning training ended\n        2025-07-28 - Training","disabled":false,"id":""},{"text":"Weekly news roundup\n        2025-07-28 - News","disabled":false,"id":""},{"text":"Morning training ended\n        2025-07-25 - Training","disabled":false,"id":""},{"text":"Morning training ended\n        2025-07-24 - Training","disabled":false,"id":""},{"text":"Morning training ended\n        2025-07-23 - Training","disabled":false,"id":""},{"text":"Morning training ended\n        2025-07-22 - Training","disabled":false,"id":""},{"text":"Morning training ended\n        2025-07-21 - Training","disabled":false,"id":""},{"text":"Weekly news roundup\n        2025-07-21 - News","disabled":false,"id":""},{"text":"Morning training ended\n        2025-07-18 - Training","disabled":false,"id":""},{"text":"Morning training ended\n        2025-07-17 - Training","disabled":false,"id":""},{"text":"Morning training ended\n        2025-07-16 - Training","disabled":false,"id":""},{"text":"Morning training ended\n        2025-07-15 - Training","disabled":false,"id":""},{"text":"Morning training ended\n        2025-07-14 - Training","disabled":false,"id":""},{"text":"Weekly news roundup\n        2025-07-14 - News","disabled":false,"id":""}]
[sim_takane_6m] open today's live schedule at 2025-08-01
[sim_takane_6m] open today's live schedule at 2025-08-01
[sim_takane_6m] open today's live schedule at 2025-08-01
[sim_takane_6m] open today's live schedule at 2025-08-01
[sim_takane_6m] open today's live schedule at 2025-08-01
[sim_takane_6m] open today's live schedule at 2025-08-01
[sim_takane_6m] open today's live schedule at 2025-08-01
[sim_takane_6m] open today's live schedule at 2025-08-01
[sim_takane_6m] open today's live schedule at 2025-08-01
[sim_takane_6m] open today's live schedule at 2025-08-01
[sim_takane_6m] open today's live schedule at 2025-08-01
[sim_takane_6m] open today's live schedule at 2025-08-01
[sim_takane_6m] open today's live schedule at 2025-08-01
[sim_takane_6m] open today's live schedule at 2025-08-01
[sim_takane_6m] step=2425 iso=2025-08-01 display=Friday, August 1, 2025 19:20 stale=2374
[sim_takane_6m] open today's live schedule at 2025-08-01
[sim_takane_6m] open today's live schedule at 2025-08-01
[sim_takane_6m] open today's live schedule at 2025-08-01
[sim_takane_6m] open today's live schedule at 2025-08-01
[sim_takane_6m] open today's live schedule at 2025-08-01
[sim_takane_6m] open today's live schedule at 2025-08-01
[sim_takane_6m] stale buttons Friday, August 1, 2025 19:20 :: [{"text":"Main menu","disabled":false,"id":"btn-main-menu"},{"text":"Save game","disabled":false,"id":"btn-save"},{"text":"Load game","disabled":false,"id":"btn-load"},{"text":"New game","disabled":false,"id":"btn-new"},{"text":"Clear slot","disabled":false,"id":"btn-clear"},{"text":"‹","disabled":false,"id":""},{"text":"›","disabled":true,"id":""},{"text":"Friday, August 1, 2025 19:20","disabled":false,"id":"btn-goto-schedule"},{"text":"Next","disabled":false,"id":"btn-next-day"},{"text":"Inbox","disabled":false,"id":""},{"text":"Idols","disabled":false,"id":""},{"text":"Groups","disabled":false,"id":""},{"text":"Training","disabled":false,"id":""},{"text":"Schedule","disabled":false,"id":""},{"text":"Lives","disabled":false,"id":""},{"text":"Songs","disabled":false,"id":""},{"text":"Making","disabled":false,"id":""},{"text":"Media","disabled":false,"id":""},{"text":"Scout","disabled":false,"id":""},{"text":"Finances","disabled":false,"id":""},{"text":"Mark all read","disabled":true,"id":"btn-inbox-mark-all"},{"text":"* Today's live schedule\n        2025-08-01 - Assistant","disabled":false,"id":""},{"text":"Morning training ended\n        2025-07-31 - Training","disabled":false,"id":""},{"text":"Morning training ended\n        2025-07-30 - Training","disabled":false,"id":""},{"text":"Morning training ended\n        2025-07-29 - Training","disabled":false,"id":""},{"text":"Afternoon training ended\n        2025-07-28 - Training","disabled":false,"id":""},{"text":"Morning training ended\n        2025-07-28 - Training","disabled":false,"id":""},{"text":"Weekly news roundup\n        2025-07-28 - News","disabled":false,"id":""},{"text":"Morning training ended\n        2025-07-25 - Training","disabled":false,"id":""},{"text":"Morning training ended\n        2025-07-24 - Training","disabled":false,"id":""},{"text":"Morning training ended\n        2025-07-23 - Training","disabled":false,"id":""},{"text":"Morning training ended\n        2025-07-22 - Training","disabled":false,"id":""},{"text":"Morning training ended\n        2025-07-21 - Training","disabled":false,"id":""},{"text":"Weekly news roundup\n        2025-07-21 - News","disabled":false,"id":""},{"text":"Morning training ended\n        2025-07-18 - Training","disabled":false,"id":""},{"text":"Morning training ended\n        2025-07-17 - Training","disabled":false,"id":""},{"text":"Morning training ended\n        2025-07-16 - Training","disabled":false,"id":""},{"text":"Morning training ended\n        2025-07-15 - Training","disabled":false,"id":""},{"text":"Morning training ended\n        2025-07-14 - Training","disabled":false,"id":""},{"text":"Weekly news roundup\n        2025-07-14 - News","disabled":false,"id":""}]
[sim_takane_6m] open today's live schedule at 2025-08-01
[sim_takane_6m] open today's live schedule at 2025-08-01
[sim_takane_6m] open today's live schedule at 2025-08-01
[sim_takane_6m] open today's live schedule at 2025-08-01
[sim_takane_6m] open today's live schedule at 2025-08-01
[sim_takane_6m] open today's live schedule at 2025-08-01
[sim_takane_6m] open today's live schedule at 2025-08-01
[sim_takane_6m] open today's live schedule at 2025-08-01
[sim_takane_6m] open today's live schedule at 2025-08-01
[sim_takane_6m] open today's live schedule at 2025-08-01
[sim_takane_6m] open today's live schedule at 2025-08-01
[sim_takane_6m] open today's live schedule at 2025-08-01
[sim_takane_6m] open today's live schedule at 2025-08-01
[sim_takane_6m] open today's live schedule at 2025-08-01
[sim_takane_6m] open today's live schedule at 2025-08-01
[sim_takane_6m] open today's live schedule at 2025-08-01
[sim_takane_6m] open today's live schedule at 2025-08-01
[sim_takane_6m] open today's live schedule at 2025-08-01
[sim_takane_6m] open today's live schedule at 2025-08-01
[sim_takane_6m] step=2450 iso=2025-08-01 display=Friday, August 1, 2025 19:20 stale=2399
[sim_takane_6m] open today's live schedule at 2025-08-01
[sim_takane_6m] stale buttons Friday, August 1, 2025 19:20 :: [{"text":"Main menu","disabled":false,"id":"btn-main-menu"},{"text":"Save game","disabled":false,"id":"btn-save"},{"text":"Load game","disabled":false,"id":"btn-load"},{"text":"New game","disabled":false,"id":"btn-new"},{"text":"Clear slot","disabled":false,"id":"btn-clear"},{"text":"‹","disabled":false,"id":""},{"text":"›","disabled":true,"id":""},{"text":"Friday, August 1, 2025 19:20","disabled":false,"id":"btn-goto-schedule"},{"text":"Next","disabled":false,"id":"btn-next-day"},{"text":"Inbox","disabled":false,"id":""},{"text":"Idols","disabled":false,"id":""},{"text":"Groups","disabled":false,"id":""},{"text":"Training","disabled":false,"id":""},{"text":"Schedule","disabled":false,"id":""},{"text":"Lives","disabled":false,"id":""},{"text":"Songs","disabled":false,"id":""},{"text":"Making","disabled":false,"id":""},{"text":"Media","disabled":false,"id":""},{"text":"Scout","disabled":false,"id":""},{"text":"Finances","disabled":false,"id":""},{"text":"Mark all read","disabled":true,"id":"btn-inbox-mark-all"},{"text":"* Today's live schedule\n        2025-08-01 - Assistant","disabled":false,"id":""},{"text":"Morning training ended\n        2025-07-31 - Training","disabled":false,"id":""},{"text":"Morning training ended\n        2025-07-30 - Training","disabled":false,"id":""},{"text":"Morning training ended\n        2025-07-29 - Training","disabled":false,"id":""},{"text":"Afternoon training ended\n        2025-07-28 - Training","disabled":false,"id":""},{"text":"Morning training ended\n        2025-07-28 - Training","disabled":false,"id":""},{"text":"Weekly news roundup\n        2025-07-28 - News","disabled":false,"id":""},{"text":"Morning training ended\n        2025-07-25 - Training","disabled":false,"id":""},{"text":"Morning training ended\n        2025-07-24 - Training","disabled":false,"id":""},{"text":"Morning training ended\n        2025-07-23 - Training","disabled":false,"id":""},{"text":"Morning training ended\n        2025-07-22 - Training","disabled":false,"id":""},{"text":"Morning training ended\n        2025-07-21 - Training","disabled":false,"id":""},{"text":"Weekly news roundup\n        2025-07-21 - News","disabled":false,"id":""},{"text":"Morning training ended\n        2025-07-18 - Training","disabled":false,"id":""},{"text":"Morning training ended\n        2025-07-17 - Training","disabled":false,"id":""},{"text":"Morning training ended\n        2025-07-16 - Training","disabled":false,"id":""},{"text":"Morning training ended\n        2025-07-15 - Training","disabled":false,"id":""},{"text":"Morning training ended\n        2025-07-14 - Training","disabled":false,"id":""},{"text":"Weekly news roundup\n        2025-07-14 - News","disabled":false,"id":""}]
[sim_takane_6m] open today's live schedule at 2025-08-01
[sim_takane_6m] open today's live schedule at 2025-08-01
[sim_takane_6m] open today's live schedule at 2025-08-01
[sim_takane_6m] open today's live schedule at 2025-08-01
[sim_takane_6m] open today's live schedule at 2025-08-01
[sim_takane_6m] open today's live schedule at 2025-08-01
[sim_takane_6m] open today's live schedule at 2025-08-01
[sim_takane_6m] open today's live schedule at 2025-08-01
[sim_takane_6m] open today's live schedule at 2025-08-01
[sim_takane_6m] open today's live schedule at 2025-08-01
[sim_takane_6m] open today's live schedule at 2025-08-01
[sim_takane_6m] open today's live schedule at 2025-08-01
[sim_takane_6m] open today's live schedule at 2025-08-01
[sim_takane_6m] open today's live schedule at 2025-08-01
[sim_takane_6m] open today's live schedule at 2025-08-01
[sim_takane_6m] open today's live schedule at 2025-08-01
[sim_takane_6m] open today's live schedule at 2025-08-01
[sim_takane_6m] open today's live schedule at 2025-08-01
[sim_takane_6m] open today's live schedule at 2025-08-01
[sim_takane_6m] open today's live schedule at 2025-08-01
[sim_takane_6m] stale buttons Friday, August 1, 2025 19:20 :: [{"text":"Main menu","disabled":false,"id":"btn-main-menu"},{"text":"Save game","disabled":false,"id":"btn-save"},{"text":"Load game","disabled":false,"id":"btn-load"},{"text":"New game","disabled":false,"id":"btn-new"},{"text":"Clear slot","disabled":false,"id":"btn-clear"},{"text":"‹","disabled":false,"id":""},{"text":"›","disabled":true,"id":""},{"text":"Friday, August 1, 2025 19:20","disabled":false,"id":"btn-goto-schedule"},{"text":"Next","disabled":false,"id":"btn-next-day"},{"text":"Inbox","disabled":false,"id":""},{"text":"Idols","disabled":false,"id":""},{"text":"Groups","disabled":false,"id":""},{"text":"Training","disabled":false,"id":""},{"text":"Schedule","disabled":false,"id":""},{"text":"Lives","disabled":false,"id":""},{"text":"Songs","disabled":false,"id":""},{"text":"Making","disabled":false,"id":""},{"text":"Media","disabled":false,"id":""},{"text":"Scout","disabled":false,"id":""},{"text":"Finances","disabled":false,"id":""},{"text":"Mark all read","disabled":true,"id":"btn-inbox-mark-all"},{"text":"* Today's live schedule\n        2025-08-01 - Assistant","disabled":false,"id":""},{"text":"Morning training ended\n        2025-07-31 - Training","disabled":false,"id":""},{"text":"Morning training ended\n        2025-07-30 - Training","disabled":false,"id":""},{"text":"Morning training ended\n        2025-07-29 - Training","disabled":false,"id":""},{"text":"Afternoon training ended\n        2025-07-28 - Training","disabled":false,"id":""},{"text":"Morning training ended\n        2025-07-28 - Training","disabled":false,"id":""},{"text":"Weekly news roundup\n        2025-07-28 - News","disabled":false,"id":""},{"text":"Morning training ended\n        2025-07-25 - Training","disabled":false,"id":""},{"text":"Morning training ended\n        2025-07-24 - Training","disabled":false,"id":""},{"text":"Morning training ended\n        2025-07-23 - Training","disabled":false,"id":""},{"text":"Morning training ended\n        2025-07-22 - Training","disabled":false,"id":""},{"text":"Morning training ended\n        2025-07-21 - Training","disabled":false,"id":""},{"text":"Weekly news roundup\n        2025-07-21 - News","disabled":false,"id":""},{"text":"Morning training ended\n        2025-07-18 - Training","disabled":false,"id":""},{"text":"Morning training ended\n        2025-07-17 - Training","disabled":false,"id":""},{"text":"Morning training ended\n        2025-07-16 - Training","disabled":false,"id":""},{"text":"Morning training ended\n        2025-07-15 - Training","disabled":false,"id":""},{"text":"Morning training ended\n        2025-07-14 - Training","disabled":false,"id":""},{"text":"Weekly news roundup\n        2025-07-14 - News","disabled":false,"id":""}]
[sim_takane_6m] open today's live schedule at 2025-08-01
[sim_takane_6m] open today's live schedule at 2025-08-01
[sim_takane_6m] open today's live schedule at 2025-08-01
[sim_takane_6m] open today's live schedule at 2025-08-01
[sim_takane_6m] step=2475 iso=2025-08-01 display=Friday, August 1, 2025 19:20 stale=2424
[sim_takane_6m] open today's live schedule at 2025-08-01
[sim_takane_6m] open today's live schedule at 2025-08-01
[sim_takane_6m] open today's live schedule at 2025-08-01
[sim_takane_6m] open today's live schedule at 2025-08-01
[sim_takane_6m] open today's live schedule at 2025-08-01
[sim_takane_6m] open today's live schedule at 2025-08-01
[sim_takane_6m] open today's live schedule at 2025-08-01
[sim_takane_6m] open today's live schedule at 2025-08-01
[sim_takane_6m] open today's live schedule at 2025-08-01
[sim_takane_6m] open today's live schedule at 2025-08-01
[sim_takane_6m] open today's live schedule at 2025-08-01
[sim_takane_6m] open today's live schedule at 2025-08-01
[sim_takane_6m] open today's live schedule at 2025-08-01
[sim_takane_6m] open today's live schedule at 2025-08-01
[sim_takane_6m] open today's live schedule at 2025-08-01
[sim_takane_6m] open today's live schedule at 2025-08-01
[sim_takane_6m] stale buttons Friday, August 1, 2025 19:20 :: [{"text":"Main menu","disabled":false,"id":"btn-main-menu"},{"text":"Save game","disabled":false,"id":"btn-save"},{"text":"Load game","disabled":false,"id":"btn-load"},{"text":"New game","disabled":false,"id":"btn-new"},{"text":"Clear slot","disabled":false,"id":"btn-clear"},{"text":"‹","disabled":false,"id":""},{"text":"›","disabled":true,"id":""},{"text":"Friday, August 1, 2025 19:20","disabled":false,"id":"btn-goto-schedule"},{"text":"Next","disabled":false,"id":"btn-next-day"},{"text":"Inbox","disabled":false,"id":""},{"text":"Idols","disabled":false,"id":""},{"text":"Groups","disabled":false,"id":""},{"text":"Training","disabled":false,"id":""},{"text":"Schedule","disabled":false,"id":""},{"text":"Lives","disabled":false,"id":""},{"text":"Songs","disabled":false,"id":""},{"text":"Making","disabled":false,"id":""},{"text":"Media","disabled":false,"id":""},{"text":"Scout","disabled":false,"id":""},{"text":"Finances","disabled":false,"id":""},{"text":"Mark all read","disabled":true,"id":"btn-inbox-mark-all"},{"text":"* Today's live schedule\n        2025-08-01 - Assistant","disabled":false,"id":""},{"text":"Morning training ended\n        2025-07-31 - Training","disabled":false,"id":""},{"text":"Morning training ended\n        2025-07-30 - Training","disabled":false,"id":""},{"text":"Morning training ended\n        2025-07-29 - Training","disabled":false,"id":""},{"text":"Afternoon training ended\n        2025-07-28 - Training","disabled":false,"id":""},{"text":"Morning training ended\n        2025-07-28 - Training","disabled":false,"id":""},{"text":"Weekly news roundup\n        2025-07-28 - News","disabled":false,"id":""},{"text":"Morning training ended\n        2025-07-25 - Training","disabled":false,"id":""},{"text":"Morning training ended\n        2025-07-24 - Training","disabled":false,"id":""},{"text":"Morning training ended\n        2025-07-23 - Training","disabled":false,"id":""},{"text":"Morning training ended\n        2025-07-22 - Training","disabled":false,"id":""},{"text":"Morning training ended\n        2025-07-21 - Training","disabled":false,"id":""},{"text":"Weekly news roundup\n        2025-07-21 - News","disabled":false,"id":""},{"text":"Morning training ended\n        2025-07-18 - Training","disabled":false,"id":""},{"text":"Morning training ended\n        2025-07-17 - Training","disabled":false,"id":""},{"text":"Morning training ended\n        2025-07-16 - Training","disabled":false,"id":""},{"text":"Morning training ended\n        2025-07-15 - Training","disabled":false,"id":""},{"text":"Morning training ended\n        2025-07-14 - Training","disabled":false,"id":""},{"text":"Weekly news roundup\n        2025-07-14 - News","disabled":false,"id":""}]
[sim_takane_6m] open today's live schedule at 2025-08-01
[sim_takane_6m] open today's live schedule at 2025-08-01
[sim_takane_6m] open today's live schedule at 2025-08-01
[sim_takane_6m] open today's live schedule at 2025-08-01
[sim_takane_6m] open today's live schedule at 2025-08-01
[sim_takane_6m] open today's live schedule at 2025-08-01
[sim_takane_6m] open today's live schedule at 2025-08-01
[sim_takane_6m] open today's live schedule at 2025-08-01
[sim_takane_6m] open today's live schedule at 2025-08-01
[sim_takane_6m] step=2500 iso=2025-08-01 display=Friday, August 1, 2025 19:20 stale=2449
[sim_takane_6m] open today's live schedule at 2025-08-01
[sim_takane_6m] open today's live schedule at 2025-08-01
[sim_takane_6m] open today's live schedule at 2025-08-01
[sim_takane_6m] open today's live schedule at 2025-08-01
[sim_takane_6m] open today's live schedule at 2025-08-01
[sim_takane_6m] open today's live schedule at 2025-08-01
[sim_takane_6m] open today's live schedule at 2025-08-01
[sim_takane_6m] open today's live schedule at 2025-08-01
[sim_takane_6m] open today's live schedule at 2025-08-01
[sim_takane_6m] open today's live schedule at 2025-08-01
[sim_takane_6m] open today's live schedule at 2025-08-01
[sim_takane_6m] stale buttons Friday, August 1, 2025 19:20 :: [{"text":"Main menu","disabled":false,"id":"btn-main-menu"},{"text":"Save game","disabled":false,"id":"btn-save"},{"text":"Load game","disabled":false,"id":"btn-load"},{"text":"New game","disabled":false,"id":"btn-new"},{"text":"Clear slot","disabled":false,"id":"btn-clear"},{"text":"‹","disabled":false,"id":""},{"text":"›","disabled":true,"id":""},{"text":"Friday, August 1, 2025 19:20","disabled":false,"id":"btn-goto-schedule"},{"text":"Next","disabled":false,"id":"btn-next-day"},{"text":"Inbox","disabled":false,"id":""},{"text":"Idols","disabled":false,"id":""},{"text":"Groups","disabled":false,"id":""},{"text":"Training","disabled":false,"id":""},{"text":"Schedule","disabled":false,"id":""},{"text":"Lives","disabled":false,"id":""},{"text":"Songs","disabled":false,"id":""},{"text":"Making","disabled":false,"id":""},{"text":"Media","disabled":false,"id":""},{"text":"Scout","disabled":false,"id":""},{"text":"Finances","disabled":false,"id":""},{"text":"Mark all read","disabled":true,"id":"btn-inbox-mark-all"},{"text":"* Today's live schedule\n        2025-08-01 - Assistant","disabled":false,"id":""},{"text":"Morning training ended\n        2025-07-31 - Training","disabled":false,"id":""},{"text":"Morning training ended\n        2025-07-30 - Training","disabled":false,"id":""},{"text":"Morning training ended\n        2025-07-29 - Training","disabled":false,"id":""},{"text":"Afternoon training ended\n        2025-07-28 - Training","disabled":false,"id":""},{"text":"Morning training ended\n        2025-07-28 - Training","disabled":false,"id":""},{"text":"Weekly news roundup\n        2025-07-28 - News","disabled":false,"id":""},{"text":"Morning training ended\n        2025-07-25 - Training","disabled":false,"id":""},{"text":"Morning training ended\n        2025-07-24 - Training","disabled":false,"id":""},{"text":"Morning training ended\n        2025-07-23 - Training","disabled":false,"id":""},{"text":"Morning training ended\n        2025-07-22 - Training","disabled":false,"id":""},{"text":"Morning training ended\n        2025-07-21 - Training","disabled":false,"id":""},{"text":"Weekly news roundup\n        2025-07-21 - News","disabled":false,"id":""},{"text":"Morning training ended\n        2025-07-18 - Training","disabled":false,"id":""},{"text":"Morning training ended\n        2025-07-17 - Training","disabled":false,"id":""},{"text":"Morning training ended\n        2025-07-16 - Training","disabled":false,"id":""},{"text":"Morning training ended\n        2025-07-15 - Training","disabled":false,"id":""},{"text":"Morning training ended\n        2025-07-14 - Training","disabled":false,"id":""},{"text":"Weekly news roundup\n        2025-07-14 - News","disabled":false,"id":""}]
[sim_takane_6m] open today's live schedule at 2025-08-01
[sim_takane_6m] open today's live schedule at 2025-08-01
[sim_takane_6m] open today's live schedule at 2025-08-01
[sim_takane_6m] open today's live schedule at 2025-08-01
[sim_takane_6m] open today's live schedule at 2025-08-01
[sim_takane_6m] open today's live schedule at 2025-08-01
[sim_takane_6m] open today's live schedule at 2025-08-01
[sim_takane_6m] open today's live schedule at 2025-08-01
[sim_takane_6m] open today's live schedule at 2025-08-01
[sim_takane_6m] open today's live schedule at 2025-08-01
[sim_takane_6m] open today's live schedule at 2025-08-01
[sim_takane_6m] open today's live schedule at 2025-08-01
[sim_takane_6m] open today's live schedule at 2025-08-01
[sim_takane_6m] open today's live schedule at 2025-08-01
[sim_takane_6m] step=2525 iso=2025-08-01 display=Friday, August 1, 2025 19:20 stale=2474
[sim_takane_6m] open today's live schedule at 2025-08-01
[sim_takane_6m] open today's live schedule at 2025-08-01
[sim_takane_6m] open today's live schedule at 2025-08-01
[sim_takane_6m] open today's live schedule at 2025-08-01
[sim_takane_6m] open today's live schedule at 2025-08-01
[sim_takane_6m] open today's live schedule at 2025-08-01
[sim_takane_6m] stale buttons Friday, August 1, 2025 19:20 :: [{"text":"Main menu","disabled":false,"id":"btn-main-menu"},{"text":"Save game","disabled":false,"id":"btn-save"},{"text":"Load game","disabled":false,"id":"btn-load"},{"text":"New game","disabled":false,"id":"btn-new"},{"text":"Clear slot","disabled":false,"id":"btn-clear"},{"text":"‹","disabled":false,"id":""},{"text":"›","disabled":true,"id":""},{"text":"Friday, August 1, 2025 19:20","disabled":false,"id":"btn-goto-schedule"},{"text":"Next","disabled":false,"id":"btn-next-day"},{"text":"Inbox","disabled":false,"id":""},{"text":"Idols","disabled":false,"id":""},{"text":"Groups","disabled":false,"id":""},{"text":"Training","disabled":false,"id":""},{"text":"Schedule","disabled":false,"id":""},{"text":"Lives","disabled":false,"id":""},{"text":"Songs","disabled":false,"id":""},{"text":"Making","disabled":false,"id":""},{"text":"Media","disabled":false,"id":""},{"text":"Scout","disabled":false,"id":""},{"text":"Finances","disabled":false,"id":""},{"text":"Mark all read","disabled":true,"id":"btn-inbox-mark-all"},{"text":"* Today's live schedule\n        2025-08-01 - Assistant","disabled":false,"id":""},{"text":"Morning training ended\n        2025-07-31 - Training","disabled":false,"id":""},{"text":"Morning training ended\n        2025-07-30 - Training","disabled":false,"id":""},{"text":"Morning training ended\n        2025-07-29 - Training","disabled":false,"id":""},{"text":"Afternoon training ended\n        2025-07-28 - Training","disabled":false,"id":""},{"text":"Morning training ended\n        2025-07-28 - Training","disabled":false,"id":""},{"text":"Weekly news roundup\n        2025-07-28 - News","disabled":false,"id":""},{"text":"Morning training ended\n        2025-07-25 - Training","disabled":false,"id":""},{"text":"Morning training ended\n        2025-07-24 - Training","disabled":false,"id":""},{"text":"Morning training ended\n        2025-07-23 - Training","disabled":false,"id":""},{"text":"Morning training ended\n        2025-07-22 - Training","disabled":false,"id":""},{"text":"Morning training ended\n        2025-07-21 - Training","disabled":false,"id":""},{"text":"Weekly news roundup\n        2025-07-21 - News","disabled":false,"id":""},{"text":"Morning training ended\n        2025-07-18 - Training","disabled":false,"id":""},{"text":"Morning training ended\n        2025-07-17 - Training","disabled":false,"id":""},{"text":"Morning training ended\n        2025-07-16 - Training","disabled":false,"id":""},{"text":"Morning training ended\n        2025-07-15 - Training","disabled":false,"id":""},{"text":"Morning training ended\n        2025-07-14 - Training","disabled":false,"id":""},{"text":"Weekly news roundup\n        2025-07-14 - News","disabled":false,"id":""}]
[sim_takane_6m] open today's live schedule at 2025-08-01
[sim_takane_6m] open today's live schedule at 2025-08-01
[sim_takane_6m] open today's live schedule at 2025-08-01
[sim_takane_6m] open today's live schedule at 2025-08-01
[sim_takane_6m] open today's live schedule at 2025-08-01
[sim_takane_6m] open today's live schedule at 2025-08-01
[sim_takane_6m] open today's live schedule at 2025-08-01
[sim_takane_6m] open today's live schedule at 2025-08-01
[sim_takane_6m] open today's live schedule at 2025-08-01
[sim_takane_6m] open today's live schedule at 2025-08-01
[sim_takane_6m] open today's live schedule at 2025-08-01
[sim_takane_6m] open today's live schedule at 2025-08-01
[sim_takane_6m] open today's live schedule at 2025-08-01
[sim_takane_6m] open today's live schedule at 2025-08-01
[sim_takane_6m] open today's live schedule at 2025-08-01
[sim_takane_6m] open today's live schedule at 2025-08-01
[sim_takane_6m] open today's live schedule at 2025-08-01
[sim_takane_6m] open today's live schedule at 2025-08-01
[sim_takane_6m] open today's live schedule at 2025-08-01
[sim_takane_6m] step=2550 iso=2025-08-01 display=Friday, August 1, 2025 19:20 stale=2499
[sim_takane_6m] open today's live schedule at 2025-08-01
[sim_takane_6m] stale buttons Friday, August 1, 2025 19:20 :: [{"text":"Main menu","disabled":false,"id":"btn-main-menu"},{"text":"Save game","disabled":false,"id":"btn-save"},{"text":"Load game","disabled":false,"id":"btn-load"},{"text":"New game","disabled":false,"id":"btn-new"},{"text":"Clear slot","disabled":false,"id":"btn-clear"},{"text":"‹","disabled":false,"id":""},{"text":"›","disabled":true,"id":""},{"text":"Friday, August 1, 2025 19:20","disabled":false,"id":"btn-goto-schedule"},{"text":"Next","disabled":false,"id":"btn-next-day"},{"text":"Inbox","disabled":false,"id":""},{"text":"Idols","disabled":false,"id":""},{"text":"Groups","disabled":false,"id":""},{"text":"Training","disabled":false,"id":""},{"text":"Schedule","disabled":false,"id":""},{"text":"Lives","disabled":false,"id":""},{"text":"Songs","disabled":false,"id":""},{"text":"Making","disabled":false,"id":""},{"text":"Media","disabled":false,"id":""},{"text":"Scout","disabled":false,"id":""},{"text":"Finances","disabled":false,"id":""},{"text":"Mark all read","disabled":true,"id":"btn-inbox-mark-all"},{"text":"* Today's live schedule\n        2025-08-01 - Assistant","disabled":false,"id":""},{"text":"Morning training ended\n        2025-07-31 - Training","disabled":false,"id":""},{"text":"Morning training ended\n        2025-07-30 - Training","disabled":false,"id":""},{"text":"Morning training ended\n        2025-07-29 - Training","disabled":false,"id":""},{"text":"Afternoon training ended\n        2025-07-28 - Training","disabled":false,"id":""},{"text":"Morning training ended\n        2025-07-28 - Training","disabled":false,"id":""},{"text":"Weekly news roundup\n        2025-07-28 - News","disabled":false,"id":""},{"text":"Morning training ended\n        2025-07-25 - Training","disabled":false,"id":""},{"text":"Morning training ended\n        2025-07-24 - Training","disabled":false,"id":""},{"text":"Morning training ended\n        2025-07-23 - Training","disabled":false,"id":""},{"text":"Morning training ended\n        2025-07-22 - Training","disabled":false,"id":""},{"text":"Morning training ended\n        2025-07-21 - Training","disabled":false,"id":""},{"text":"Weekly news roundup\n        2025-07-21 - News","disabled":false,"id":""},{"text":"Morning training ended\n        2025-07-18 - Training","disabled":false,"id":""},{"text":"Morning training ended\n        2025-07-17 - Training","disabled":false,"id":""},{"text":"Morning training ended\n        2025-07-16 - Training","disabled":false,"id":""},{"text":"Morning training ended\n        2025-07-15 - Training","disabled":false,"id":""},{"text":"Morning training ended\n        2025-07-14 - Training","disabled":false,"id":""},{"text":"Weekly news roundup\n        2025-07-14 - News","disabled":false,"id":""}]
[sim_takane_6m] open today's live schedule at 2025-08-01
[sim_takane_6m] open today's live schedule at 2025-08-01
[sim_takane_6m] open today's live schedule at 2025-08-01
[sim_takane_6m] open today's live schedule at 2025-08-01
[sim_takane_6m] open today's live schedule at 2025-08-01
[sim_takane_6m] open today's live schedule at 2025-08-01
[sim_takane_6m] open today's live schedule at 2025-08-01
[sim_takane_6m] open today's live schedule at 2025-08-01
[sim_takane_6m] open today's live schedule at 2025-08-01
[sim_takane_6m] open today's live schedule at 2025-08-01
[sim_takane_6m] open today's live schedule at 2025-08-01
[sim_takane_6m] open today's live schedule at 2025-08-01
[sim_takane_6m] open today's live schedule at 2025-08-01
[sim_takane_6m] open today's live schedule at 2025-08-01
[sim_takane_6m] open today's live schedule at 2025-08-01
[sim_takane_6m] open today's live schedule at 2025-08-01
[sim_takane_6m] open today's live schedule at 2025-08-01
[sim_takane_6m] open today's live schedule at 2025-08-01
[sim_takane_6m] open today's live schedule at 2025-08-01
[sim_takane_6m] open today's live schedule at 2025-08-01
[sim_takane_6m] stale buttons Friday, August 1, 2025 19:20 :: [{"text":"Main menu","disabled":false,"id":"btn-main-menu"},{"text":"Save game","disabled":false,"id":"btn-save"},{"text":"Load game","disabled":false,"id":"btn-load"},{"text":"New game","disabled":false,"id":"btn-new"},{"text":"Clear slot","disabled":false,"id":"btn-clear"},{"text":"‹","disabled":false,"id":""},{"text":"›","disabled":true,"id":""},{"text":"Friday, August 1, 2025 19:20","disabled":false,"id":"btn-goto-schedule"},{"text":"Next","disabled":false,"id":"btn-next-day"},{"text":"Inbox","disabled":false,"id":""},{"text":"Idols","disabled":false,"id":""},{"text":"Groups","disabled":false,"id":""},{"text":"Training","disabled":false,"id":""},{"text":"Schedule","disabled":false,"id":""},{"text":"Lives","disabled":false,"id":""},{"text":"Songs","disabled":false,"id":""},{"text":"Making","disabled":false,"id":""},{"text":"Media","disabled":false,"id":""},{"text":"Scout","disabled":false,"id":""},{"text":"Finances","disabled":false,"id":""},{"text":"Mark all read","disabled":true,"id":"btn-inbox-mark-all"},{"text":"* Today's live schedule\n        2025-08-01 - Assistant","disabled":false,"id":""},{"text":"Morning training ended\n        2025-07-31 - Training","disabled":false,"id":""},{"text":"Morning training ended\n        2025-07-30 - Training","disabled":false,"id":""},{"text":"Morning training ended\n        2025-07-29 - Training","disabled":false,"id":""},{"text":"Afternoon training ended\n        2025-07-28 - Training","disabled":false,"id":""},{"text":"Morning training ended\n        2025-07-28 - Training","disabled":false,"id":""},{"text":"Weekly news roundup\n        2025-07-28 - News","disabled":false,"id":""},{"text":"Morning training ended\n        2025-07-25 - Training","disabled":false,"id":""},{"text":"Morning training ended\n        2025-07-24 - Training","disabled":false,"id":""},{"text":"Morning training ended\n        2025-07-23 - Training","disabled":false,"id":""},{"text":"Morning training ended\n        2025-07-22 - Training","disabled":false,"id":""},{"text":"Morning training ended\n        2025-07-21 - Training","disabled":false,"id":""},{"text":"Weekly news roundup\n        2025-07-21 - News","disabled":false,"id":""},{"text":"Morning training ended\n        2025-07-18 - Training","disabled":false,"id":""},{"text":"Morning training ended\n        2025-07-17 - Training","disabled":false,"id":""},{"text":"Morning training ended\n        2025-07-16 - Training","disabled":false,"id":""},{"text":"Morning training ended\n        2025-07-15 - Training","disabled":false,"id":""},{"text":"Morning training ended\n        2025-07-14 - Training","disabled":false,"id":""},{"text":"Weekly news roundup\n        2025-07-14 - News","disabled":false,"id":""}]
[sim_takane_6m] open today's live schedule at 2025-08-01
[sim_takane_6m] open today's live schedule at 2025-08-01
[sim_takane_6m] open today's live schedule at 2025-08-01
[sim_takane_6m] open today's live schedule at 2025-08-01
[sim_takane_6m] step=2575 iso=2025-08-01 display=Friday, August 1, 2025 19:20 stale=2524
[sim_takane_6m] open today's live schedule at 2025-08-01
[sim_takane_6m] open today's live schedule at 2025-08-01
[sim_takane_6m] open today's live schedule at 2025-08-01
[sim_takane_6m] open today's live schedule at 2025-08-01
[sim_takane_6m] open today's live schedule at 2025-08-01
[sim_takane_6m] open today's live schedule at 2025-08-01
[sim_takane_6m] open today's live schedule at 2025-08-01
[sim_takane_6m] open today's live schedule at 2025-08-01
[sim_takane_6m] open today's live schedule at 2025-08-01
[sim_takane_6m] open today's live schedule at 2025-08-01
[sim_takane_6m] open today's live schedule at 2025-08-01
[sim_takane_6m] open today's live schedule at 2025-08-01
[sim_takane_6m] open today's live schedule at 2025-08-01
[sim_takane_6m] open today's live schedule at 2025-08-01
[sim_takane_6m] open today's live schedule at 2025-08-01
[sim_takane_6m] open today's live schedule at 2025-08-01
[sim_takane_6m] stale buttons Friday, August 1, 2025 19:20 :: [{"text":"Main menu","disabled":false,"id":"btn-main-menu"},{"text":"Save game","disabled":false,"id":"btn-save"},{"text":"Load game","disabled":false,"id":"btn-load"},{"text":"New game","disabled":false,"id":"btn-new"},{"text":"Clear slot","disabled":false,"id":"btn-clear"},{"text":"‹","disabled":false,"id":""},{"text":"›","disabled":true,"id":""},{"text":"Friday, August 1, 2025 19:20","disabled":false,"id":"btn-goto-schedule"},{"text":"Next","disabled":false,"id":"btn-next-day"},{"text":"Inbox","disabled":false,"id":""},{"text":"Idols","disabled":false,"id":""},{"text":"Groups","disabled":false,"id":""},{"text":"Training","disabled":false,"id":""},{"text":"Schedule","disabled":false,"id":""},{"text":"Lives","disabled":false,"id":""},{"text":"Songs","disabled":false,"id":""},{"text":"Making","disabled":false,"id":""},{"text":"Media","disabled":false,"id":""},{"text":"Scout","disabled":false,"id":""},{"text":"Finances","disabled":false,"id":""},{"text":"Mark all read","disabled":true,"id":"btn-inbox-mark-all"},{"text":"* Today's live schedule\n        2025-08-01 - Assistant","disabled":false,"id":""},{"text":"Morning training ended\n        2025-07-31 - Training","disabled":false,"id":""},{"text":"Morning training ended\n        2025-07-30 - Training","disabled":false,"id":""},{"text":"Morning training ended\n        2025-07-29 - Training","disabled":false,"id":""},{"text":"Afternoon training ended\n        2025-07-28 - Training","disabled":false,"id":""},{"text":"Morning training ended\n        2025-07-28 - Training","disabled":false,"id":""},{"text":"Weekly news roundup\n        2025-07-28 - News","disabled":false,"id":""},{"text":"Morning training ended\n        2025-07-25 - Training","disabled":false,"id":""},{"text":"Morning training ended\n        2025-07-24 - Training","disabled":false,"id":""},{"text":"Morning training ended\n        2025-07-23 - Training","disabled":false,"id":""},{"text":"Morning training ended\n        2025-07-22 - Training","disabled":false,"id":""},{"text":"Morning training ended\n        2025-07-21 - Training","disabled":false,"id":""},{"text":"Weekly news roundup\n        2025-07-21 - News","disabled":false,"id":""},{"text":"Morning training ended\n        2025-07-18 - Training","disabled":false,"id":""},{"text":"Morning training ended\n        2025-07-17 - Training","disabled":false,"id":""},{"text":"Morning training ended\n        2025-07-16 - Training","disabled":false,"id":""},{"text":"Morning training ended\n        2025-07-15 - Training","disabled":false,"id":""},{"text":"Morning training ended\n        2025-07-14 - Training","disabled":false,"id":""},{"text":"Weekly news roundup\n        2025-07-14 - News","disabled":false,"id":""}]
[sim_takane_6m] open today's live schedule at 2025-08-01
[sim_takane_6m] open today's live schedule at 2025-08-01
[sim_takane_6m] open today's live schedule at 2025-08-01
[sim_takane_6m] open today's live schedule at 2025-08-01
[sim_takane_6m] open today's live schedule at 2025-08-01
[sim_takane_6m] open today's live schedule at 2025-08-01
[sim_takane_6m] open today's live schedule at 2025-08-01
[sim_takane_6m] open today's live schedule at 2025-08-01
[sim_takane_6m] open today's live schedule at 2025-08-01
[sim_takane_6m] step=2600 iso=2025-08-01 display=Friday, August 1, 2025 19:20 stale=2549
[sim_takane_6m] open today's live schedule at 2025-08-01
[sim_takane_6m] open today's live schedule at 2025-08-01
[sim_takane_6m] open today's live schedule at 2025-08-01
[sim_takane_6m] open today's live schedule at 2025-08-01
[sim_takane_6m] open today's live schedule at 2025-08-01
[sim_takane_6m] open today's live schedule at 2025-08-01
[sim_takane_6m] open today's live schedule at 2025-08-01
[sim_takane_6m] open today's live schedule at 2025-08-01
[sim_takane_6m] open today's live schedule at 2025-08-01
[sim_takane_6m] open today's live schedule at 2025-08-01
[sim_takane_6m] open today's live schedule at 2025-08-01
[sim_takane_6m] stale buttons Friday, August 1, 2025 19:20 :: [{"text":"Main menu","disabled":false,"id":"btn-main-menu"},{"text":"Save game","disabled":false,"id":"btn-save"},{"text":"Load game","disabled":false,"id":"btn-load"},{"text":"New game","disabled":false,"id":"btn-new"},{"text":"Clear slot","disabled":false,"id":"btn-clear"},{"text":"‹","disabled":false,"id":""},{"text":"›","disabled":true,"id":""},{"text":"Friday, August 1, 2025 19:20","disabled":false,"id":"btn-goto-schedule"},{"text":"Next","disabled":false,"id":"btn-next-day"},{"text":"Inbox","disabled":false,"id":""},{"text":"Idols","disabled":false,"id":""},{"text":"Groups","disabled":false,"id":""},{"text":"Training","disabled":false,"id":""},{"text":"Schedule","disabled":false,"id":""},{"text":"Lives","disabled":false,"id":""},{"text":"Songs","disabled":false,"id":""},{"text":"Making","disabled":false,"id":""},{"text":"Media","disabled":false,"id":""},{"text":"Scout","disabled":false,"id":""},{"text":"Finances","disabled":false,"id":""},{"text":"Mark all read","disabled":true,"id":"btn-inbox-mark-all"},{"text":"* Today's live schedule\n        2025-08-01 - Assistant","disabled":false,"id":""},{"text":"Morning training ended\n        2025-07-31 - Training","disabled":false,"id":""},{"text":"Morning training ended\n        2025-07-30 - Training","disabled":false,"id":""},{"text":"Morning training ended\n        2025-07-29 - Training","disabled":false,"id":""},{"text":"Afternoon training ended\n        2025-07-28 - Training","disabled":false,"id":""},{"text":"Morning training ended\n        2025-07-28 - Training","disabled":false,"id":""},{"text":"Weekly news roundup\n        2025-07-28 - News","disabled":false,"id":""},{"text":"Morning training ended\n        2025-07-25 - Training","disabled":false,"id":""},{"text":"Morning training ended\n        2025-07-24 - Training","disabled":false,"id":""},{"text":"Morning training ended\n        2025-07-23 - Training","disabled":false,"id":""},{"text":"Morning training ended\n        2025-07-22 - Training","disabled":false,"id":""},{"text":"Morning training ended\n        2025-07-21 - Training","disabled":false,"id":""},{"text":"Weekly news roundup\n        2025-07-21 - News","disabled":false,"id":""},{"text":"Morning training ended\n        2025-07-18 - Training","disabled":false,"id":""},{"text":"Morning training ended\n        2025-07-17 - Training","disabled":false,"id":""},{"text":"Morning training ended\n        2025-07-16 - Training","disabled":false,"id":""},{"text":"Morning training ended\n        2025-07-15 - Training","disabled":false,"id":""},{"text":"Morning training ended\n        2025-07-14 - Training","disabled":false,"id":""},{"text":"Weekly news roundup\n        2025-07-14 - News","disabled":false,"id":""}]
[sim_takane_6m] open today's live schedule at 2025-08-01
[sim_takane_6m] open today's live schedule at 2025-08-01
[sim_takane_6m] open today's live schedule at 2025-08-01
[sim_takane_6m] open today's live schedule at 2025-08-01
[sim_takane_6m] open today's live schedule at 2025-08-01
[sim_takane_6m] open today's live schedule at 2025-08-01
[sim_takane_6m] open today's live schedule at 2025-08-01
[sim_takane_6m] open today's live schedule at 2025-08-01
[sim_takane_6m] open today's live schedule at 2025-08-01
[sim_takane_6m] open today's live schedule at 2025-08-01
[sim_takane_6m] open today's live schedule at 2025-08-01
[sim_takane_6m] open today's live schedule at 2025-08-01
[sim_takane_6m] open today's live schedule at 2025-08-01
[sim_takane_6m] open today's live schedule at 2025-08-01
[sim_takane_6m] step=2625 iso=2025-08-01 display=Friday, August 1, 2025 19:20 stale=2574
[sim_takane_6m] open today's live schedule at 2025-08-01
[sim_takane_6m] open today's live schedule at 2025-08-01
[sim_takane_6m] open today's live schedule at 2025-08-01
[sim_takane_6m] open today's live schedule at 2025-08-01
[sim_takane_6m] open today's live schedule at 2025-08-01
[sim_takane_6m] open today's live schedule at 2025-08-01
[sim_takane_6m] stale buttons Friday, August 1, 2025 19:20 :: [{"text":"Main menu","disabled":false,"id":"btn-main-menu"},{"text":"Save game","disabled":false,"id":"btn-save"},{"text":"Load game","disabled":false,"id":"btn-load"},{"text":"New game","disabled":false,"id":"btn-new"},{"text":"Clear slot","disabled":false,"id":"btn-clear"},{"text":"‹","disabled":false,"id":""},{"text":"›","disabled":true,"id":""},{"text":"Friday, August 1, 2025 19:20","disabled":false,"id":"btn-goto-schedule"},{"text":"Next","disabled":false,"id":"btn-next-day"},{"text":"Inbox","disabled":false,"id":""},{"text":"Idols","disabled":false,"id":""},{"text":"Groups","disabled":false,"id":""},{"text":"Training","disabled":false,"id":""},{"text":"Schedule","disabled":false,"id":""},{"text":"Lives","disabled":false,"id":""},{"text":"Songs","disabled":false,"id":""},{"text":"Making","disabled":false,"id":""},{"text":"Media","disabled":false,"id":""},{"text":"Scout","disabled":false,"id":""},{"text":"Finances","disabled":false,"id":""},{"text":"Mark all read","disabled":true,"id":"btn-inbox-mark-all"},{"text":"* Today's live schedule\n        2025-08-01 - Assistant","disabled":false,"id":""},{"text":"Morning training ended\n        2025-07-31 - Training","disabled":false,"id":""},{"text":"Morning training ended\n        2025-07-30 - Training","disabled":false,"id":""},{"text":"Morning training ended\n        2025-07-29 - Training","disabled":false,"id":""},{"text":"Afternoon training ended\n        2025-07-28 - Training","disabled":false,"id":""},{"text":"Morning training ended\n        2025-07-28 - Training","disabled":false,"id":""},{"text":"Weekly news roundup\n        2025-07-28 - News","disabled":false,"id":""},{"text":"Morning training ended\n        2025-07-25 - Training","disabled":false,"id":""},{"text":"Morning training ended\n        2025-07-24 - Training","disabled":false,"id":""},{"text":"Morning training ended\n        2025-07-23 - Training","disabled":false,"id":""},{"text":"Morning training ended\n        2025-07-22 - Training","disabled":false,"id":""},{"text":"Morning training ended\n        2025-07-21 - Training","disabled":false,"id":""},{"text":"Weekly news roundup\n        2025-07-21 - News","disabled":false,"id":""},{"text":"Morning training ended\n        2025-07-18 - Training","disabled":false,"id":""},{"text":"Morning training ended\n        2025-07-17 - Training","disabled":false,"id":""},{"text":"Morning training ended\n        2025-07-16 - Training","disabled":false,"id":""},{"text":"Morning training ended\n        2025-07-15 - Training","disabled":false,"id":""},{"text":"Morning training ended\n        2025-07-14 - Training","disabled":false,"id":""},{"text":"Weekly news roundup\n        2025-07-14 - News","disabled":false,"id":""}]
[sim_takane_6m] open today's live schedule at 2025-08-01
[sim_takane_6m] open today's live schedule at 2025-08-01
[sim_takane_6m] open today's live schedule at 2025-08-01
[sim_takane_6m] open today's live schedule at 2025-08-01
[sim_takane_6m] open today's live schedule at 2025-08-01
[sim_takane_6m] open today's live schedule at 2025-08-01
[sim_takane_6m] open today's live schedule at 2025-08-01
[sim_takane_6m] open today's live schedule at 2025-08-01
[sim_takane_6m] open today's live schedule at 2025-08-01
[sim_takane_6m] open today's live schedule at 2025-08-01
[sim_takane_6m] open today's live schedule at 2025-08-01
[sim_takane_6m] open today's live schedule at 2025-08-01
[sim_takane_6m] open today's live schedule at 2025-08-01
[sim_takane_6m] open today's live schedule at 2025-08-01
[sim_takane_6m] open today's live schedule at 2025-08-01
[sim_takane_6m] open today's live schedule at 2025-08-01
[sim_takane_6m] open today's live schedule at 2025-08-01
[sim_takane_6m] open today's live schedule at 2025-08-01
[sim_takane_6m] open today's live schedule at 2025-08-01
[sim_takane_6m] step=2650 iso=2025-08-01 display=Friday, August 1, 2025 19:20 stale=2599
[sim_takane_6m] open today's live schedule at 2025-08-01
[sim_takane_6m] stale buttons Friday, August 1, 2025 19:20 :: [{"text":"Main menu","disabled":false,"id":"btn-main-menu"},{"text":"Save game","disabled":false,"id":"btn-save"},{"text":"Load game","disabled":false,"id":"btn-load"},{"text":"New game","disabled":false,"id":"btn-new"},{"text":"Clear slot","disabled":false,"id":"btn-clear"},{"text":"‹","disabled":false,"id":""},{"text":"›","disabled":true,"id":""},{"text":"Friday, August 1, 2025 19:20","disabled":false,"id":"btn-goto-schedule"},{"text":"Next","disabled":false,"id":"btn-next-day"},{"text":"Inbox","disabled":false,"id":""},{"text":"Idols","disabled":false,"id":""},{"text":"Groups","disabled":false,"id":""},{"text":"Training","disabled":false,"id":""},{"text":"Schedule","disabled":false,"id":""},{"text":"Lives","disabled":false,"id":""},{"text":"Songs","disabled":false,"id":""},{"text":"Making","disabled":false,"id":""},{"text":"Media","disabled":false,"id":""},{"text":"Scout","disabled":false,"id":""},{"text":"Finances","disabled":false,"id":""},{"text":"Mark all read","disabled":true,"id":"btn-inbox-mark-all"},{"text":"* Today's live schedule\n        2025-08-01 - Assistant","disabled":false,"id":""},{"text":"Morning training ended\n        2025-07-31 - Training","disabled":false,"id":""},{"text":"Morning training ended\n        2025-07-30 - Training","disabled":false,"id":""},{"text":"Morning training ended\n        2025-07-29 - Training","disabled":false,"id":""},{"text":"Afternoon training ended\n        2025-07-28 - Training","disabled":false,"id":""},{"text":"Morning training ended\n        2025-07-28 - Training","disabled":false,"id":""},{"text":"Weekly news roundup\n        2025-07-28 - News","disabled":false,"id":""},{"text":"Morning training ended\n        2025-07-25 - Training","disabled":false,"id":""},{"text":"Morning training ended\n        2025-07-24 - Training","disabled":false,"id":""},{"text":"Morning training ended\n        2025-07-23 - Training","disabled":false,"id":""},{"text":"Morning training ended\n        2025-07-22 - Training","disabled":false,"id":""},{"text":"Morning training ended\n        2025-07-21 - Training","disabled":false,"id":""},{"text":"Weekly news roundup\n        2025-07-21 - News","disabled":false,"id":""},{"text":"Morning training ended\n        2025-07-18 - Training","disabled":false,"id":""},{"text":"Morning training ended\n        2025-07-17 - Training","disabled":false,"id":""},{"text":"Morning training ended\n        2025-07-16 - Training","disabled":false,"id":""},{"text":"Morning training ended\n        2025-07-15 - Training","disabled":false,"id":""},{"text":"Morning training ended\n        2025-07-14 - Training","disabled":false,"id":""},{"text":"Weekly news roundup\n        2025-07-14 - News","disabled":false,"id":""}]
[sim_takane_6m] open today's live schedule at 2025-08-01
[sim_takane_6m] open today's live schedule at 2025-08-01
[sim_takane_6m] open today's live schedule at 2025-08-01
[sim_takane_6m] open today's live schedule at 2025-08-01
[sim_takane_6m] open today's live schedule at 2025-08-01
[sim_takane_6m] open today's live schedule at 2025-08-01
[sim_takane_6m] open today's live schedule at 2025-08-01
[sim_takane_6m] open today's live schedule at 2025-08-01
[sim_takane_6m] open today's live schedule at 2025-08-01
[sim_takane_6m] open today's live schedule at 2025-08-01
[sim_takane_6m] open today's live schedule at 2025-08-01
[sim_takane_6m] open today's live schedule at 2025-08-01
[sim_takane_6m] open today's live schedule at 2025-08-01
[sim_takane_6m] open today's live schedule at 2025-08-01
[sim_takane_6m] open today's live schedule at 2025-08-01
[sim_takane_6m] open today's live schedule at 2025-08-01
[sim_takane_6m] open today's live schedule at 2025-08-01
[sim_takane_6m] open today's live schedule at 2025-08-01
[sim_takane_6m] open today's live schedule at 2025-08-01
[sim_takane_6m] open today's live schedule at 2025-08-01
[sim_takane_6m] stale buttons Friday, August 1, 2025 19:20 :: [{"text":"Main menu","disabled":false,"id":"btn-main-menu"},{"text":"Save game","disabled":false,"id":"btn-save"},{"text":"Load game","disabled":false,"id":"btn-load"},{"text":"New game","disabled":false,"id":"btn-new"},{"text":"Clear slot","disabled":false,"id":"btn-clear"},{"text":"‹","disabled":false,"id":""},{"text":"›","disabled":true,"id":""},{"text":"Friday, August 1, 2025 19:20","disabled":false,"id":"btn-goto-schedule"},{"text":"Next","disabled":false,"id":"btn-next-day"},{"text":"Inbox","disabled":false,"id":""},{"text":"Idols","disabled":false,"id":""},{"text":"Groups","disabled":false,"id":""},{"text":"Training","disabled":false,"id":""},{"text":"Schedule","disabled":false,"id":""},{"text":"Lives","disabled":false,"id":""},{"text":"Songs","disabled":false,"id":""},{"text":"Making","disabled":false,"id":""},{"text":"Media","disabled":false,"id":""},{"text":"Scout","disabled":false,"id":""},{"text":"Finances","disabled":false,"id":""},{"text":"Mark all read","disabled":true,"id":"btn-inbox-mark-all"},{"text":"* Today's live schedule\n        2025-08-01 - Assistant","disabled":false,"id":""},{"text":"Morning training ended\n        2025-07-31 - Training","disabled":false,"id":""},{"text":"Morning training ended\n        2025-07-30 - Training","disabled":false,"id":""},{"text":"Morning training ended\n        2025-07-29 - Training","disabled":false,"id":""},{"text":"Afternoon training ended\n        2025-07-28 - Training","disabled":false,"id":""},{"text":"Morning training ended\n        2025-07-28 - Training","disabled":false,"id":""},{"text":"Weekly news roundup\n        2025-07-28 - News","disabled":false,"id":""},{"text":"Morning training ended\n        2025-07-25 - Training","disabled":false,"id":""},{"text":"Morning training ended\n        2025-07-24 - Training","disabled":false,"id":""},{"text":"Morning training ended\n        2025-07-23 - Training","disabled":false,"id":""},{"text":"Morning training ended\n        2025-07-22 - Training","disabled":false,"id":""},{"text":"Morning training ended\n        2025-07-21 - Training","disabled":false,"id":""},{"text":"Weekly news roundup\n        2025-07-21 - News","disabled":false,"id":""},{"text":"Morning training ended\n        2025-07-18 - Training","disabled":false,"id":""},{"text":"Morning training ended\n        2025-07-17 - Training","disabled":false,"id":""},{"text":"Morning training ended\n        2025-07-16 - Training","disabled":false,"id":""},{"text":"Morning training ended\n        2025-07-15 - Training","disabled":false,"id":""},{"text":"Morning training ended\n        2025-07-14 - Training","disabled":false,"id":""},{"text":"Weekly news roundup\n        2025-07-14 - News","disabled":false,"id":""}]
[sim_takane_6m] open today's live schedule at 2025-08-01
[sim_takane_6m] open today's live schedule at 2025-08-01
[sim_takane_6m] open today's live schedule at 2025-08-01
[sim_takane_6m] open today's live schedule at 2025-08-01
[sim_takane_6m] step=2675 iso=2025-08-01 display=Friday, August 1, 2025 19:20 stale=2624
[sim_takane_6m] open today's live schedule at 2025-08-01
[sim_takane_6m] open today's live schedule at 2025-08-01
[sim_takane_6m] open today's live schedule at 2025-08-01
[sim_takane_6m] open today's live schedule at 2025-08-01
[sim_takane_6m] open today's live schedule at 2025-08-01
[sim_takane_6m] open today's live schedule at 2025-08-01
[sim_takane_6m] open today's live schedule at 2025-08-01
[sim_takane_6m] open today's live schedule at 2025-08-01
[sim_takane_6m] open today's live schedule at 2025-08-01
[sim_takane_6m] open today's live schedule at 2025-08-01
[sim_takane_6m] open today's live schedule at 2025-08-01
[sim_takane_6m] open today's live schedule at 2025-08-01
[sim_takane_6m] open today's live schedule at 2025-08-01
[sim_takane_6m] open today's live schedule at 2025-08-01
[sim_takane_6m] open today's live schedule at 2025-08-01
[sim_takane_6m] open today's live schedule at 2025-08-01
[sim_takane_6m] stale buttons Friday, August 1, 2025 19:20 :: [{"text":"Main menu","disabled":false,"id":"btn-main-menu"},{"text":"Save game","disabled":false,"id":"btn-save"},{"text":"Load game","disabled":false,"id":"btn-load"},{"text":"New game","disabled":false,"id":"btn-new"},{"text":"Clear slot","disabled":false,"id":"btn-clear"},{"text":"‹","disabled":false,"id":""},{"text":"›","disabled":true,"id":""},{"text":"Friday, August 1, 2025 19:20","disabled":false,"id":"btn-goto-schedule"},{"text":"Next","disabled":false,"id":"btn-next-day"},{"text":"Inbox","disabled":false,"id":""},{"text":"Idols","disabled":false,"id":""},{"text":"Groups","disabled":false,"id":""},{"text":"Training","disabled":false,"id":""},{"text":"Schedule","disabled":false,"id":""},{"text":"Lives","disabled":false,"id":""},{"text":"Songs","disabled":false,"id":""},{"text":"Making","disabled":false,"id":""},{"text":"Media","disabled":false,"id":""},{"text":"Scout","disabled":false,"id":""},{"text":"Finances","disabled":false,"id":""},{"text":"Mark all read","disabled":true,"id":"btn-inbox-mark-all"},{"text":"* Today's live schedule\n        2025-08-01 - Assistant","disabled":false,"id":""},{"text":"Morning training ended\n        2025-07-31 - Training","disabled":false,"id":""},{"text":"Morning training ended\n        2025-07-30 - Training","disabled":false,"id":""},{"text":"Morning training ended\n        2025-07-29 - Training","disabled":false,"id":""},{"text":"Afternoon training ended\n        2025-07-28 - Training","disabled":false,"id":""},{"text":"Morning training ended\n        2025-07-28 - Training","disabled":false,"id":""},{"text":"Weekly news roundup\n        2025-07-28 - News","disabled":false,"id":""},{"text":"Morning training ended\n        2025-07-25 - Training","disabled":false,"id":""},{"text":"Morning training ended\n        2025-07-24 - Training","disabled":false,"id":""},{"text":"Morning training ended\n        2025-07-23 - Training","disabled":false,"id":""},{"text":"Morning training ended\n        2025-07-22 - Training","disabled":false,"id":""},{"text":"Morning training ended\n        2025-07-21 - Training","disabled":false,"id":""},{"text":"Weekly news roundup\n        2025-07-21 - News","disabled":false,"id":""},{"text":"Morning training ended\n        2025-07-18 - Training","disabled":false,"id":""},{"text":"Morning training ended\n        2025-07-17 - Training","disabled":false,"id":""},{"text":"Morning training ended\n        2025-07-16 - Training","disabled":false,"id":""},{"text":"Morning training ended\n        2025-07-15 - Training","disabled":false,"id":""},{"text":"Morning training ended\n        2025-07-14 - Training","disabled":false,"id":""},{"text":"Weekly news roundup\n        2025-07-14 - News","disabled":false,"id":""}]
[sim_takane_6m] open today's live schedule at 2025-08-01
[sim_takane_6m] open today's live schedule at 2025-08-01
[sim_takane_6m] open today's live schedule at 2025-08-01
[sim_takane_6m] open today's live schedule at 2025-08-01
[sim_takane_6m] open today's live schedule at 2025-08-01
[sim_takane_6m] open today's live schedule at 2025-08-01
[sim_takane_6m] open today's live schedule at 2025-08-01
[sim_takane_6m] open today's live schedule at 2025-08-01
[sim_takane_6m] open today's live schedule at 2025-08-01
[sim_takane_6m] step=2700 iso=2025-08-01 display=Friday, August 1, 2025 19:20 stale=2649
[sim_takane_6m] open today's live schedule at 2025-08-01
[sim_takane_6m] open today's live schedule at 2025-08-01
[sim_takane_6m] open today's live schedule at 2025-08-01
[sim_takane_6m] open today's live schedule at 2025-08-01
[sim_takane_6m] open today's live schedule at 2025-08-01
[sim_takane_6m] open today's live schedule at 2025-08-01
[sim_takane_6m] open today's live schedule at 2025-08-01
[sim_takane_6m] open today's live schedule at 2025-08-01
[sim_takane_6m] open today's live schedule at 2025-08-01
[sim_takane_6m] open today's live schedule at 2025-08-01
[sim_takane_6m] open today's live schedule at 2025-08-01
[sim_takane_6m] stale buttons Friday, August 1, 2025 19:20 :: [{"text":"Main menu","disabled":false,"id":"btn-main-menu"},{"text":"Save game","disabled":false,"id":"btn-save"},{"text":"Load game","disabled":false,"id":"btn-load"},{"text":"New game","disabled":false,"id":"btn-new"},{"text":"Clear slot","disabled":false,"id":"btn-clear"},{"text":"‹","disabled":false,"id":""},{"text":"›","disabled":true,"id":""},{"text":"Friday, August 1, 2025 19:20","disabled":false,"id":"btn-goto-schedule"},{"text":"Next","disabled":false,"id":"btn-next-day"},{"text":"Inbox","disabled":false,"id":""},{"text":"Idols","disabled":false,"id":""},{"text":"Groups","disabled":false,"id":""},{"text":"Training","disabled":false,"id":""},{"text":"Schedule","disabled":false,"id":""},{"text":"Lives","disabled":false,"id":""},{"text":"Songs","disabled":false,"id":""},{"text":"Making","disabled":false,"id":""},{"text":"Media","disabled":false,"id":""},{"text":"Scout","disabled":false,"id":""},{"text":"Finances","disabled":false,"id":""},{"text":"Mark all read","disabled":true,"id":"btn-inbox-mark-all"},{"text":"* Today's live schedule\n        2025-08-01 - Assistant","disabled":false,"id":""},{"text":"Morning training ended\n        2025-07-31 - Training","disabled":false,"id":""},{"text":"Morning training ended\n        2025-07-30 - Training","disabled":false,"id":""},{"text":"Morning training ended\n        2025-07-29 - Training","disabled":false,"id":""},{"text":"Afternoon training ended\n        2025-07-28 - Training","disabled":false,"id":""},{"text":"Morning training ended\n        2025-07-28 - Training","disabled":false,"id":""},{"text":"Weekly news roundup\n        2025-07-28 - News","disabled":false,"id":""},{"text":"Morning training ended\n        2025-07-25 - Training","disabled":false,"id":""},{"text":"Morning training ended\n        2025-07-24 - Training","disabled":false,"id":""},{"text":"Morning training ended\n        2025-07-23 - Training","disabled":false,"id":""},{"text":"Morning training ended\n        2025-07-22 - Training","disabled":false,"id":""},{"text":"Morning training ended\n        2025-07-21 - Training","disabled":false,"id":""},{"text":"Weekly news roundup\n        2025-07-21 - News","disabled":false,"id":""},{"text":"Morning training ended\n        2025-07-18 - Training","disabled":false,"id":""},{"text":"Morning training ended\n        2025-07-17 - Training","disabled":false,"id":""},{"text":"Morning training ended\n        2025-07-16 - Training","disabled":false,"id":""},{"text":"Morning training ended\n        2025-07-15 - Training","disabled":false,"id":""},{"text":"Morning training ended\n        2025-07-14 - Training","disabled":false,"id":""},{"text":"Weekly news roundup\n        2025-07-14 - News","disabled":false,"id":""}]
[sim_takane_6m] open today's live schedule at 2025-08-01
[sim_takane_6m] open today's live schedule at 2025-08-01
[sim_takane_6m] open today's live schedule at 2025-08-01
[sim_takane_6m] open today's live schedule at 2025-08-01
[sim_takane_6m] open today's live schedule at 2025-08-01
[sim_takane_6m] open today's live schedule at 2025-08-01
[sim_takane_6m] open today's live schedule at 2025-08-01
[sim_takane_6m] open today's live schedule at 2025-08-01
[sim_takane_6m] open today's live schedule at 2025-08-01
[sim_takane_6m] open today's live schedule at 2025-08-01
[sim_takane_6m] open today's live schedule at 2025-08-01
[sim_takane_6m] open today's live schedule at 2025-08-01
[sim_takane_6m] open today's live schedule at 2025-08-01
[sim_takane_6m] open today's live schedule at 2025-08-01
[sim_takane_6m] step=2725 iso=2025-08-01 display=Friday, August 1, 2025 19:20 stale=2674
[sim_takane_6m] open today's live schedule at 2025-08-01
[sim_takane_6m] open today's live schedule at 2025-08-01
[sim_takane_6m] open today's live schedule at 2025-08-01
[sim_takane_6m] open today's live schedule at 2025-08-01
[sim_takane_6m] open today's live schedule at 2025-08-01
[sim_takane_6m] open today's live schedule at 2025-08-01
[sim_takane_6m] stale buttons Friday, August 1, 2025 19:20 :: [{"text":"Main menu","disabled":false,"id":"btn-main-menu"},{"text":"Save game","disabled":false,"id":"btn-save"},{"text":"Load game","disabled":false,"id":"btn-load"},{"text":"New game","disabled":false,"id":"btn-new"},{"text":"Clear slot","disabled":false,"id":"btn-clear"},{"text":"‹","disabled":false,"id":""},{"text":"›","disabled":true,"id":""},{"text":"Friday, August 1, 2025 19:20","disabled":false,"id":"btn-goto-schedule"},{"text":"Next","disabled":false,"id":"btn-next-day"},{"text":"Inbox","disabled":false,"id":""},{"text":"Idols","disabled":false,"id":""},{"text":"Groups","disabled":false,"id":""},{"text":"Training","disabled":false,"id":""},{"text":"Schedule","disabled":false,"id":""},{"text":"Lives","disabled":false,"id":""},{"text":"Songs","disabled":false,"id":""},{"text":"Making","disabled":false,"id":""},{"text":"Media","disabled":false,"id":""},{"text":"Scout","disabled":false,"id":""},{"text":"Finances","disabled":false,"id":""},{"text":"Mark all read","disabled":true,"id":"btn-inbox-mark-all"},{"text":"* Today's live schedule\n        2025-08-01 - Assistant","disabled":false,"id":""},{"text":"Morning training ended\n        2025-07-31 - Training","disabled":false,"id":""},{"text":"Morning training ended\n        2025-07-30 - Training","disabled":false,"id":""},{"text":"Morning training ended\n        2025-07-29 - Training","disabled":false,"id":""},{"text":"Afternoon training ended\n        2025-07-28 - Training","disabled":false,"id":""},{"text":"Morning training ended\n        2025-07-28 - Training","disabled":false,"id":""},{"text":"Weekly news roundup\n        2025-07-28 - News","disabled":false,"id":""},{"text":"Morning training ended\n        2025-07-25 - Training","disabled":false,"id":""},{"text":"Morning training ended\n        2025-07-24 - Training","disabled":false,"id":""},{"text":"Morning training ended\n        2025-07-23 - Training","disabled":false,"id":""},{"text":"Morning training ended\n        2025-07-22 - Training","disabled":false,"id":""},{"text":"Morning training ended\n        2025-07-21 - Training","disabled":false,"id":""},{"text":"Weekly news roundup\n        2025-07-21 - News","disabled":false,"id":""},{"text":"Morning training ended\n        2025-07-18 - Training","disabled":false,"id":""},{"text":"Morning training ended\n        2025-07-17 - Training","disabled":false,"id":""},{"text":"Morning training ended\n        2025-07-16 - Training","disabled":false,"id":""},{"text":"Morning training ended\n        2025-07-15 - Training","disabled":false,"id":""},{"text":"Morning training ended\n        2025-07-14 - Training","disabled":false,"id":""},{"text":"Weekly news roundup\n        2025-07-14 - News","disabled":false,"id":""}]
[sim_takane_6m] open today's live schedule at 2025-08-01
[sim_takane_6m] open today's live schedule at 2025-08-01
[sim_takane_6m] open today's live schedule at 2025-08-01
[sim_takane_6m] open today's live schedule at 2025-08-01
[sim_takane_6m] open today's live schedule at 2025-08-01
[sim_takane_6m] open today's live schedule at 2025-08-01
[sim_takane_6m] open today's live schedule at 2025-08-01
[sim_takane_6m] open today's live schedule at 2025-08-01
[sim_takane_6m] open today's live schedule at 2025-08-01
[sim_takane_6m] open today's live schedule at 2025-08-01
[sim_takane_6m] open today's live schedule at 2025-08-01
[sim_takane_6m] open today's live schedule at 2025-08-01
[sim_takane_6m] open today's live schedule at 2025-08-01
[sim_takane_6m] open today's live schedule at 2025-08-01
[sim_takane_6m] open today's live schedule at 2025-08-01
[sim_takane_6m] open today's live schedule at 2025-08-01
[sim_takane_6m] open today's live schedule at 2025-08-01
[sim_takane_6m] open today's live schedule at 2025-08-01
[sim_takane_6m] open today's live schedule at 2025-08-01
[sim_takane_6m] step=2750 iso=2025-08-01 display=Friday, August 1, 2025 19:20 stale=2699
[sim_takane_6m] open today's live schedule at 2025-08-01
[sim_takane_6m] stale buttons Friday, August 1, 2025 19:20 :: [{"text":"Main menu","disabled":false,"id":"btn-main-menu"},{"text":"Save game","disabled":false,"id":"btn-save"},{"text":"Load game","disabled":false,"id":"btn-load"},{"text":"New game","disabled":false,"id":"btn-new"},{"text":"Clear slot","disabled":false,"id":"btn-clear"},{"text":"‹","disabled":false,"id":""},{"text":"›","disabled":true,"id":""},{"text":"Friday, August 1, 2025 19:20","disabled":false,"id":"btn-goto-schedule"},{"text":"Next","disabled":false,"id":"btn-next-day"},{"text":"Inbox","disabled":false,"id":""},{"text":"Idols","disabled":false,"id":""},{"text":"Groups","disabled":false,"id":""},{"text":"Training","disabled":false,"id":""},{"text":"Schedule","disabled":false,"id":""},{"text":"Lives","disabled":false,"id":""},{"text":"Songs","disabled":false,"id":""},{"text":"Making","disabled":false,"id":""},{"text":"Media","disabled":false,"id":""},{"text":"Scout","disabled":false,"id":""},{"text":"Finances","disabled":false,"id":""},{"text":"Mark all read","disabled":true,"id":"btn-inbox-mark-all"},{"text":"* Today's live schedule\n        2025-08-01 - Assistant","disabled":false,"id":""},{"text":"Morning training ended\n        2025-07-31 - Training","disabled":false,"id":""},{"text":"Morning training ended\n        2025-07-30 - Training","disabled":false,"id":""},{"text":"Morning training ended\n        2025-07-29 - Training","disabled":false,"id":""},{"text":"Afternoon training ended\n        2025-07-28 - Training","disabled":false,"id":""},{"text":"Morning training ended\n        2025-07-28 - Training","disabled":false,"id":""},{"text":"Weekly news roundup\n        2025-07-28 - News","disabled":false,"id":""},{"text":"Morning training ended\n        2025-07-25 - Training","disabled":false,"id":""},{"text":"Morning training ended\n        2025-07-24 - Training","disabled":false,"id":""},{"text":"Morning training ended\n        2025-07-23 - Training","disabled":false,"id":""},{"text":"Morning training ended\n        2025-07-22 - Training","disabled":false,"id":""},{"text":"Morning training ended\n        2025-07-21 - Training","disabled":false,"id":""},{"text":"Weekly news roundup\n        2025-07-21 - News","disabled":false,"id":""},{"text":"Morning training ended\n        2025-07-18 - Training","disabled":false,"id":""},{"text":"Morning training ended\n        2025-07-17 - Training","disabled":false,"id":""},{"text":"Morning training ended\n        2025-07-16 - Training","disabled":false,"id":""},{"text":"Morning training ended\n        2025-07-15 - Training","disabled":false,"id":""},{"text":"Morning training ended\n        2025-07-14 - Training","disabled":false,"id":""},{"text":"Weekly news roundup\n        2025-07-14 - News","disabled":false,"id":""}]
[sim_takane_6m] open today's live schedule at 2025-08-01
[sim_takane_6m] open today's live schedule at 2025-08-01
[sim_takane_6m] open today's live schedule at 2025-08-01
[sim_takane_6m] open today's live schedule at 2025-08-01
[sim_takane_6m] open today's live schedule at 2025-08-01
[sim_takane_6m] open today's live schedule at 2025-08-01
[sim_takane_6m] open today's live schedule at 2025-08-01
[sim_takane_6m] open today's live schedule at 2025-08-01
[sim_takane_6m] open today's live schedule at 2025-08-01
[sim_takane_6m] open today's live schedule at 2025-08-01
[sim_takane_6m] open today's live schedule at 2025-08-01
[sim_takane_6m] open today's live schedule at 2025-08-01
[sim_takane_6m] open today's live schedule at 2025-08-01
[sim_takane_6m] open today's live schedule at 2025-08-01
[sim_takane_6m] open today's live schedule at 2025-08-01
[sim_takane_6m] open today's live schedule at 2025-08-01
[sim_takane_6m] open today's live schedule at 2025-08-01
[sim_takane_6m] open today's live schedule at 2025-08-01
[sim_takane_6m] open today's live schedule at 2025-08-01
[sim_takane_6m] open today's live schedule at 2025-08-01
[sim_takane_6m] stale buttons Friday, August 1, 2025 19:20 :: [{"text":"Main menu","disabled":false,"id":"btn-main-menu"},{"text":"Save game","disabled":false,"id":"btn-save"},{"text":"Load game","disabled":false,"id":"btn-load"},{"text":"New game","disabled":false,"id":"btn-new"},{"text":"Clear slot","disabled":false,"id":"btn-clear"},{"text":"‹","disabled":false,"id":""},{"text":"›","disabled":true,"id":""},{"text":"Friday, August 1, 2025 19:20","disabled":false,"id":"btn-goto-schedule"},{"text":"Next","disabled":false,"id":"btn-next-day"},{"text":"Inbox","disabled":false,"id":""},{"text":"Idols","disabled":false,"id":""},{"text":"Groups","disabled":false,"id":""},{"text":"Training","disabled":false,"id":""},{"text":"Schedule","disabled":false,"id":""},{"text":"Lives","disabled":false,"id":""},{"text":"Songs","disabled":false,"id":""},{"text":"Making","disabled":false,"id":""},{"text":"Media","disabled":false,"id":""},{"text":"Scout","disabled":false,"id":""},{"text":"Finances","disabled":false,"id":""},{"text":"Mark all read","disabled":true,"id":"btn-inbox-mark-all"},{"text":"* Today's live schedule\n        2025-08-01 - Assistant","disabled":false,"id":""},{"text":"Morning training ended\n        2025-07-31 - Training","disabled":false,"id":""},{"text":"Morning training ended\n        2025-07-30 - Training","disabled":false,"id":""},{"text":"Morning training ended\n        2025-07-29 - Training","disabled":false,"id":""},{"text":"Afternoon training ended\n        2025-07-28 - Training","disabled":false,"id":""},{"text":"Morning training ended\n        2025-07-28 - Training","disabled":false,"id":""},{"text":"Weekly news roundup\n        2025-07-28 - News","disabled":false,"id":""},{"text":"Morning training ended\n        2025-07-25 - Training","disabled":false,"id":""},{"text":"Morning training ended\n        2025-07-24 - Training","disabled":false,"id":""},{"text":"Morning training ended\n        2025-07-23 - Training","disabled":false,"id":""},{"text":"Morning training ended\n        2025-07-22 - Training","disabled":false,"id":""},{"text":"Morning training ended\n        2025-07-21 - Training","disabled":false,"id":""},{"text":"Weekly news roundup\n        2025-07-21 - News","disabled":false,"id":""},{"text":"Morning training ended\n        2025-07-18 - Training","disabled":false,"id":""},{"text":"Morning training ended\n        2025-07-17 - Training","disabled":false,"id":""},{"text":"Morning training ended\n        2025-07-16 - Training","disabled":false,"id":""},{"text":"Morning training ended\n        2025-07-15 - Training","disabled":false,"id":""},{"text":"Morning training ended\n        2025-07-14 - Training","disabled":false,"id":""},{"text":"Weekly news roundup\n        2025-07-14 - News","disabled":false,"id":""}]
[sim_takane_6m] open today's live schedule at 2025-08-01
[sim_takane_6m] open today's live schedule at 2025-08-01
[sim_takane_6m] open today's live schedule at 2025-08-01
[sim_takane_6m] open today's live schedule at 2025-08-01
[sim_takane_6m] step=2775 iso=2025-08-01 display=Friday, August 1, 2025 19:20 stale=2724
[sim_takane_6m] open today's live schedule at 2025-08-01
[sim_takane_6m] open today's live schedule at 2025-08-01
[sim_takane_6m] open today's live schedule at 2025-08-01
[sim_takane_6m] open today's live schedule at 2025-08-01
[sim_takane_6m] open today's live schedule at 2025-08-01
[sim_takane_6m] open today's live schedule at 2025-08-01
[sim_takane_6m] open today's live schedule at 2025-08-01
[sim_takane_6m] open today's live schedule at 2025-08-01
[sim_takane_6m] open today's live schedule at 2025-08-01
[sim_takane_6m] open today's live schedule at 2025-08-01
[sim_takane_6m] open today's live schedule at 2025-08-01
[sim_takane_6m] open today's live schedule at 2025-08-01
[sim_takane_6m] open today's live schedule at 2025-08-01
[sim_takane_6m] open today's live schedule at 2025-08-01
[sim_takane_6m] open today's live schedule at 2025-08-01
[sim_takane_6m] open today's live schedule at 2025-08-01
[sim_takane_6m] stale buttons Friday, August 1, 2025 19:20 :: [{"text":"Main menu","disabled":false,"id":"btn-main-menu"},{"text":"Save game","disabled":false,"id":"btn-save"},{"text":"Load game","disabled":false,"id":"btn-load"},{"text":"New game","disabled":false,"id":"btn-new"},{"text":"Clear slot","disabled":false,"id":"btn-clear"},{"text":"‹","disabled":false,"id":""},{"text":"›","disabled":true,"id":""},{"text":"Friday, August 1, 2025 19:20","disabled":false,"id":"btn-goto-schedule"},{"text":"Next","disabled":false,"id":"btn-next-day"},{"text":"Inbox","disabled":false,"id":""},{"text":"Idols","disabled":false,"id":""},{"text":"Groups","disabled":false,"id":""},{"text":"Training","disabled":false,"id":""},{"text":"Schedule","disabled":false,"id":""},{"text":"Lives","disabled":false,"id":""},{"text":"Songs","disabled":false,"id":""},{"text":"Making","disabled":false,"id":""},{"text":"Media","disabled":false,"id":""},{"text":"Scout","disabled":false,"id":""},{"text":"Finances","disabled":false,"id":""},{"text":"Mark all read","disabled":true,"id":"btn-inbox-mark-all"},{"text":"* Today's live schedule\n        2025-08-01 - Assistant","disabled":false,"id":""},{"text":"Morning training ended\n        2025-07-31 - Training","disabled":false,"id":""},{"text":"Morning training ended\n        2025-07-30 - Training","disabled":false,"id":""},{"text":"Morning training ended\n        2025-07-29 - Training","disabled":false,"id":""},{"text":"Afternoon training ended\n        2025-07-28 - Training","disabled":false,"id":""},{"text":"Morning training ended\n        2025-07-28 - Training","disabled":false,"id":""},{"text":"Weekly news roundup\n        2025-07-28 - News","disabled":false,"id":""},{"text":"Morning training ended\n        2025-07-25 - Training","disabled":false,"id":""},{"text":"Morning training ended\n        2025-07-24 - Training","disabled":false,"id":""},{"text":"Morning training ended\n        2025-07-23 - Training","disabled":false,"id":""},{"text":"Morning training ended\n        2025-07-22 - Training","disabled":false,"id":""},{"text":"Morning training ended\n        2025-07-21 - Training","disabled":false,"id":""},{"text":"Weekly news roundup\n        2025-07-21 - News","disabled":false,"id":""},{"text":"Morning training ended\n        2025-07-18 - Training","disabled":false,"id":""},{"text":"Morning training ended\n        2025-07-17 - Training","disabled":false,"id":""},{"text":"Morning training ended\n        2025-07-16 - Training","disabled":false,"id":""},{"text":"Morning training ended\n        2025-07-15 - Training","disabled":false,"id":""},{"text":"Morning training ended\n        2025-07-14 - Training","disabled":false,"id":""},{"text":"Weekly news roundup\n        2025-07-14 - News","disabled":false,"id":""}]
[sim_takane_6m] open today's live schedule at 2025-08-01
[sim_takane_6m] open today's live schedule at 2025-08-01
[sim_takane_6m] open today's live schedule at 2025-08-01
[sim_takane_6m] open today's live schedule at 2025-08-01
[sim_takane_6m] open today's live schedule at 2025-08-01
[sim_takane_6m] open today's live schedule at 2025-08-01
[sim_takane_6m] open today's live schedule at 2025-08-01
[sim_takane_6m] open today's live schedule at 2025-08-01
[sim_takane_6m] open today's live schedule at 2025-08-01
[sim_takane_6m] step=2800 iso=2025-08-01 display=Friday, August 1, 2025 19:20 stale=2749
[sim_takane_6m] open today's live schedule at 2025-08-01
[sim_takane_6m] open today's live schedule at 2025-08-01
[sim_takane_6m] open today's live schedule at 2025-08-01
[sim_takane_6m] open today's live schedule at 2025-08-01
[sim_takane_6m] open today's live schedule at 2025-08-01
[sim_takane_6m] open today's live schedule at 2025-08-01
[sim_takane_6m] open today's live schedule at 2025-08-01
[sim_takane_6m] open today's live schedule at 2025-08-01
[sim_takane_6m] open today's live schedule at 2025-08-01
[sim_takane_6m] open today's live schedule at 2025-08-01
[sim_takane_6m] open today's live schedule at 2025-08-01
[sim_takane_6m] stale buttons Friday, August 1, 2025 19:20 :: [{"text":"Main menu","disabled":false,"id":"btn-main-menu"},{"text":"Save game","disabled":false,"id":"btn-save"},{"text":"Load game","disabled":false,"id":"btn-load"},{"text":"New game","disabled":false,"id":"btn-new"},{"text":"Clear slot","disabled":false,"id":"btn-clear"},{"text":"‹","disabled":false,"id":""},{"text":"›","disabled":true,"id":""},{"text":"Friday, August 1, 2025 19:20","disabled":false,"id":"btn-goto-schedule"},{"text":"Next","disabled":false,"id":"btn-next-day"},{"text":"Inbox","disabled":false,"id":""},{"text":"Idols","disabled":false,"id":""},{"text":"Groups","disabled":false,"id":""},{"text":"Training","disabled":false,"id":""},{"text":"Schedule","disabled":false,"id":""},{"text":"Lives","disabled":false,"id":""},{"text":"Songs","disabled":false,"id":""},{"text":"Making","disabled":false,"id":""},{"text":"Media","disabled":false,"id":""},{"text":"Scout","disabled":false,"id":""},{"text":"Finances","disabled":false,"id":""},{"text":"Mark all read","disabled":true,"id":"btn-inbox-mark-all"},{"text":"* Today's live schedule\n        2025-08-01 - Assistant","disabled":false,"id":""},{"text":"Morning training ended\n        2025-07-31 - Training","disabled":false,"id":""},{"text":"Morning training ended\n        2025-07-30 - Training","disabled":false,"id":""},{"text":"Morning training ended\n        2025-07-29 - Training","disabled":false,"id":""},{"text":"Afternoon training ended\n        2025-07-28 - Training","disabled":false,"id":""},{"text":"Morning training ended\n        2025-07-28 - Training","disabled":false,"id":""},{"text":"Weekly news roundup\n        2025-07-28 - News","disabled":false,"id":""},{"text":"Morning training ended\n        2025-07-25 - Training","disabled":false,"id":""},{"text":"Morning training ended\n        2025-07-24 - Training","disabled":false,"id":""},{"text":"Morning training ended\n        2025-07-23 - Training","disabled":false,"id":""},{"text":"Morning training ended\n        2025-07-22 - Training","disabled":false,"id":""},{"text":"Morning training ended\n        2025-07-21 - Training","disabled":false,"id":""},{"text":"Weekly news roundup\n        2025-07-21 - News","disabled":false,"id":""},{"text":"Morning training ended\n        2025-07-18 - Training","disabled":false,"id":""},{"text":"Morning training ended\n        2025-07-17 - Training","disabled":false,"id":""},{"text":"Morning training ended\n        2025-07-16 - Training","disabled":false,"id":""},{"text":"Morning training ended\n        2025-07-15 - Training","disabled":false,"id":""},{"text":"Morning training ended\n        2025-07-14 - Training","disabled":false,"id":""},{"text":"Weekly news roundup\n        2025-07-14 - News","disabled":false,"id":""}]
[sim_takane_6m] open today's live schedule at 2025-08-01
[sim_takane_6m] open today's live schedule at 2025-08-01
[sim_takane_6m] open today's live schedule at 2025-08-01
[sim_takane_6m] open today's live schedule at 2025-08-01
[sim_takane_6m] open today's live schedule at 2025-08-01
[sim_takane_6m] open today's live schedule at 2025-08-01
[sim_takane_6m] open today's live schedule at 2025-08-01
[sim_takane_6m] open today's live schedule at 2025-08-01
[sim_takane_6m] open today's live schedule at 2025-08-01
[sim_takane_6m] open today's live schedule at 2025-08-01
[sim_takane_6m] open today's live schedule at 2025-08-01
[sim_takane_6m] open today's live schedule at 2025-08-01
[sim_takane_6m] open today's live schedule at 2025-08-01
[sim_takane_6m] open today's live schedule at 2025-08-01
[sim_takane_6m] step=2825 iso=2025-08-01 display=Friday, August 1, 2025 19:20 stale=2774
[sim_takane_6m] open today's live schedule at 2025-08-01
[sim_takane_6m] open today's live schedule at 2025-08-01
[sim_takane_6m] open today's live schedule at 2025-08-01
[sim_takane_6m] open today's live schedule at 2025-08-01
[sim_takane_6m] open today's live schedule at 2025-08-01
[sim_takane_6m] open today's live schedule at 2025-08-01
[sim_takane_6m] stale buttons Friday, August 1, 2025 19:20 :: [{"text":"Main menu","disabled":false,"id":"btn-main-menu"},{"text":"Save game","disabled":false,"id":"btn-save"},{"text":"Load game","disabled":false,"id":"btn-load"},{"text":"New game","disabled":false,"id":"btn-new"},{"text":"Clear slot","disabled":false,"id":"btn-clear"},{"text":"‹","disabled":false,"id":""},{"text":"›","disabled":true,"id":""},{"text":"Friday, August 1, 2025 19:20","disabled":false,"id":"btn-goto-schedule"},{"text":"Next","disabled":false,"id":"btn-next-day"},{"text":"Inbox","disabled":false,"id":""},{"text":"Idols","disabled":false,"id":""},{"text":"Groups","disabled":false,"id":""},{"text":"Training","disabled":false,"id":""},{"text":"Schedule","disabled":false,"id":""},{"text":"Lives","disabled":false,"id":""},{"text":"Songs","disabled":false,"id":""},{"text":"Making","disabled":false,"id":""},{"text":"Media","disabled":false,"id":""},{"text":"Scout","disabled":false,"id":""},{"text":"Finances","disabled":false,"id":""},{"text":"Mark all read","disabled":true,"id":"btn-inbox-mark-all"},{"text":"* Today's live schedule\n        2025-08-01 - Assistant","disabled":false,"id":""},{"text":"Morning training ended\n        2025-07-31 - Training","disabled":false,"id":""},{"text":"Morning training ended\n        2025-07-30 - Training","disabled":false,"id":""},{"text":"Morning training ended\n        2025-07-29 - Training","disabled":false,"id":""},{"text":"Afternoon training ended\n        2025-07-28 - Training","disabled":false,"id":""},{"text":"Morning training ended\n        2025-07-28 - Training","disabled":false,"id":""},{"text":"Weekly news roundup\n        2025-07-28 - News","disabled":false,"id":""},{"text":"Morning training ended\n        2025-07-25 - Training","disabled":false,"id":""},{"text":"Morning training ended\n        2025-07-24 - Training","disabled":false,"id":""},{"text":"Morning training ended\n        2025-07-23 - Training","disabled":false,"id":""},{"text":"Morning training ended\n        2025-07-22 - Training","disabled":false,"id":""},{"text":"Morning training ended\n        2025-07-21 - Training","disabled":false,"id":""},{"text":"Weekly news roundup\n        2025-07-21 - News","disabled":false,"id":""},{"text":"Morning training ended\n        2025-07-18 - Training","disabled":false,"id":""},{"text":"Morning training ended\n        2025-07-17 - Training","disabled":false,"id":""},{"text":"Morning training ended\n        2025-07-16 - Training","disabled":false,"id":""},{"text":"Morning training ended\n        2025-07-15 - Training","disabled":false,"id":""},{"text":"Morning training ended\n        2025-07-14 - Training","disabled":false,"id":""},{"text":"Weekly news roundup\n        2025-07-14 - News","disabled":false,"id":""}]
[sim_takane_6m] open today's live schedule at 2025-08-01
[sim_takane_6m] open today's live schedule at 2025-08-01
[sim_takane_6m] open today's live schedule at 2025-08-01
[sim_takane_6m] open today's live schedule at 2025-08-01
[sim_takane_6m] open today's live schedule at 2025-08-01
[sim_takane_6m] open today's live schedule at 2025-08-01
[sim_takane_6m] open today's live schedule at 2025-08-01
[sim_takane_6m] open today's live schedule at 2025-08-01
[sim_takane_6m] open today's live schedule at 2025-08-01
[sim_takane_6m] open today's live schedule at 2025-08-01
[sim_takane_6m] open today's live schedule at 2025-08-01
[sim_takane_6m] open today's live schedule at 2025-08-01
[sim_takane_6m] open today's live schedule at 2025-08-01
[sim_takane_6m] open today's live schedule at 2025-08-01
[sim_takane_6m] open today's live schedule at 2025-08-01
[sim_takane_6m] open today's live schedule at 2025-08-01
[sim_takane_6m] open today's live schedule at 2025-08-01
[sim_takane_6m] open today's live schedule at 2025-08-01
[sim_takane_6m] open today's live schedule at 2025-08-01
[sim_takane_6m] step=2850 iso=2025-08-01 display=Friday, August 1, 2025 19:20 stale=2799
[sim_takane_6m] open today's live schedule at 2025-08-01
[sim_takane_6m] stale buttons Friday, August 1, 2025 19:20 :: [{"text":"Main menu","disabled":false,"id":"btn-main-menu"},{"text":"Save game","disabled":false,"id":"btn-save"},{"text":"Load game","disabled":false,"id":"btn-load"},{"text":"New game","disabled":false,"id":"btn-new"},{"text":"Clear slot","disabled":false,"id":"btn-clear"},{"text":"‹","disabled":false,"id":""},{"text":"›","disabled":true,"id":""},{"text":"Friday, August 1, 2025 19:20","disabled":false,"id":"btn-goto-schedule"},{"text":"Next","disabled":false,"id":"btn-next-day"},{"text":"Inbox","disabled":false,"id":""},{"text":"Idols","disabled":false,"id":""},{"text":"Groups","disabled":false,"id":""},{"text":"Training","disabled":false,"id":""},{"text":"Schedule","disabled":false,"id":""},{"text":"Lives","disabled":false,"id":""},{"text":"Songs","disabled":false,"id":""},{"text":"Making","disabled":false,"id":""},{"text":"Media","disabled":false,"id":""},{"text":"Scout","disabled":false,"id":""},{"text":"Finances","disabled":false,"id":""},{"text":"Mark all read","disabled":true,"id":"btn-inbox-mark-all"},{"text":"* Today's live schedule\n        2025-08-01 - Assistant","disabled":false,"id":""},{"text":"Morning training ended\n        2025-07-31 - Training","disabled":false,"id":""},{"text":"Morning training ended\n        2025-07-30 - Training","disabled":false,"id":""},{"text":"Morning training ended\n        2025-07-29 - Training","disabled":false,"id":""},{"text":"Afternoon training ended\n        2025-07-28 - Training","disabled":false,"id":""},{"text":"Morning training ended\n        2025-07-28 - Training","disabled":false,"id":""},{"text":"Weekly news roundup\n        2025-07-28 - News","disabled":false,"id":""},{"text":"Morning training ended\n        2025-07-25 - Training","disabled":false,"id":""},{"text":"Morning training ended\n        2025-07-24 - Training","disabled":false,"id":""},{"text":"Morning training ended\n        2025-07-23 - Training","disabled":false,"id":""},{"text":"Morning training ended\n        2025-07-22 - Training","disabled":false,"id":""},{"text":"Morning training ended\n        2025-07-21 - Training","disabled":false,"id":""},{"text":"Weekly news roundup\n        2025-07-21 - News","disabled":false,"id":""},{"text":"Morning training ended\n        2025-07-18 - Training","disabled":false,"id":""},{"text":"Morning training ended\n        2025-07-17 - Training","disabled":false,"id":""},{"text":"Morning training ended\n        2025-07-16 - Training","disabled":false,"id":""},{"text":"Morning training ended\n        2025-07-15 - Training","disabled":false,"id":""},{"text":"Morning training ended\n        2025-07-14 - Training","disabled":false,"id":""},{"text":"Weekly news roundup\n        2025-07-14 - News","disabled":false,"id":""}]
[sim_takane_6m] open today's live schedule at 2025-08-01
[sim_takane_6m] open today's live schedule at 2025-08-01
[sim_takane_6m] open today's live schedule at 2025-08-01
[sim_takane_6m] open today's live schedule at 2025-08-01
[sim_takane_6m] open today's live schedule at 2025-08-01
[sim_takane_6m] open today's live schedule at 2025-08-01
[sim_takane_6m] open today's live schedule at 2025-08-01
[sim_takane_6m] open today's live schedule at 2025-08-01
[sim_takane_6m] open today's live schedule at 2025-08-01
[sim_takane_6m] open today's live schedule at 2025-08-01
[sim_takane_6m] open today's live schedule at 2025-08-01
[sim_takane_6m] open today's live schedule at 2025-08-01
[sim_takane_6m] open today's live schedule at 2025-08-01
[sim_takane_6m] open today's live schedule at 2025-08-01
[sim_takane_6m] open today's live schedule at 2025-08-01
[sim_takane_6m] open today's live schedule at 2025-08-01
[sim_takane_6m] open today's live schedule at 2025-08-01
[sim_takane_6m] open today's live schedule at 2025-08-01
[sim_takane_6m] open today's live schedule at 2025-08-01
[sim_takane_6m] open today's live schedule at 2025-08-01
[sim_takane_6m] stale buttons Friday, August 1, 2025 19:20 :: [{"text":"Main menu","disabled":false,"id":"btn-main-menu"},{"text":"Save game","disabled":false,"id":"btn-save"},{"text":"Load game","disabled":false,"id":"btn-load"},{"text":"New game","disabled":false,"id":"btn-new"},{"text":"Clear slot","disabled":false,"id":"btn-clear"},{"text":"‹","disabled":false,"id":""},{"text":"›","disabled":true,"id":""},{"text":"Friday, August 1, 2025 19:20","disabled":false,"id":"btn-goto-schedule"},{"text":"Next","disabled":false,"id":"btn-next-day"},{"text":"Inbox","disabled":false,"id":""},{"text":"Idols","disabled":false,"id":""},{"text":"Groups","disabled":false,"id":""},{"text":"Training","disabled":false,"id":""},{"text":"Schedule","disabled":false,"id":""},{"text":"Lives","disabled":false,"id":""},{"text":"Songs","disabled":false,"id":""},{"text":"Making","disabled":false,"id":""},{"text":"Media","disabled":false,"id":""},{"text":"Scout","disabled":false,"id":""},{"text":"Finances","disabled":false,"id":""},{"text":"Mark all read","disabled":true,"id":"btn-inbox-mark-all"},{"text":"* Today's live schedule\n        2025-08-01 - Assistant","disabled":false,"id":""},{"text":"Morning training ended\n        2025-07-31 - Training","disabled":false,"id":""},{"text":"Morning training ended\n        2025-07-30 - Training","disabled":false,"id":""},{"text":"Morning training ended\n        2025-07-29 - Training","disabled":false,"id":""},{"text":"Afternoon training ended\n        2025-07-28 - Training","disabled":false,"id":""},{"text":"Morning training ended\n        2025-07-28 - Training","disabled":false,"id":""},{"text":"Weekly news roundup\n        2025-07-28 - News","disabled":false,"id":""},{"text":"Morning training ended\n        2025-07-25 - Training","disabled":false,"id":""},{"text":"Morning training ended\n        2025-07-24 - Training","disabled":false,"id":""},{"text":"Morning training ended\n        2025-07-23 - Training","disabled":false,"id":""},{"text":"Morning training ended\n        2025-07-22 - Training","disabled":false,"id":""},{"text":"Morning training ended\n        2025-07-21 - Training","disabled":false,"id":""},{"text":"Weekly news roundup\n        2025-07-21 - News","disabled":false,"id":""},{"text":"Morning training ended\n        2025-07-18 - Training","disabled":false,"id":""},{"text":"Morning training ended\n        2025-07-17 - Training","disabled":false,"id":""},{"text":"Morning training ended\n        2025-07-16 - Training","disabled":false,"id":""},{"text":"Morning training ended\n        2025-07-15 - Training","disabled":false,"id":""},{"text":"Morning training ended\n        2025-07-14 - Training","disabled":false,"id":""},{"text":"Weekly news roundup\n        2025-07-14 - News","disabled":false,"id":""}]
[sim_takane_6m] open today's live schedule at 2025-08-01
[sim_takane_6m] open today's live schedule at 2025-08-01
[sim_takane_6m] open today's live schedule at 2025-08-01
[sim_takane_6m] open today's live schedule at 2025-08-01
[sim_takane_6m] step=2875 iso=2025-08-01 display=Friday, August 1, 2025 19:20 stale=2824
[sim_takane_6m] open today's live schedule at 2025-08-01
[sim_takane_6m] open today's live schedule at 2025-08-01
[sim_takane_6m] open today's live schedule at 2025-08-01
[sim_takane_6m] open today's live schedule at 2025-08-01
[sim_takane_6m] open today's live schedule at 2025-08-01
[sim_takane_6m] open today's live schedule at 2025-08-01
[sim_takane_6m] open today's live schedule at 2025-08-01
[sim_takane_6m] open today's live schedule at 2025-08-01
[sim_takane_6m] open today's live schedule at 2025-08-01
[sim_takane_6m] open today's live schedule at 2025-08-01
[sim_takane_6m] open today's live schedule at 2025-08-01
[sim_takane_6m] open today's live schedule at 2025-08-01
[sim_takane_6m] open today's live schedule at 2025-08-01
[sim_takane_6m] open today's live schedule at 2025-08-01
[sim_takane_6m] open today's live schedule at 2025-08-01
[sim_takane_6m] open today's live schedule at 2025-08-01
[sim_takane_6m] stale buttons Friday, August 1, 2025 19:20 :: [{"text":"Main menu","disabled":false,"id":"btn-main-menu"},{"text":"Save game","disabled":false,"id":"btn-save"},{"text":"Load game","disabled":false,"id":"btn-load"},{"text":"New game","disabled":false,"id":"btn-new"},{"text":"Clear slot","disabled":false,"id":"btn-clear"},{"text":"‹","disabled":false,"id":""},{"text":"›","disabled":true,"id":""},{"text":"Friday, August 1, 2025 19:20","disabled":false,"id":"btn-goto-schedule"},{"text":"Next","disabled":false,"id":"btn-next-day"},{"text":"Inbox","disabled":false,"id":""},{"text":"Idols","disabled":false,"id":""},{"text":"Groups","disabled":false,"id":""},{"text":"Training","disabled":false,"id":""},{"text":"Schedule","disabled":false,"id":""},{"text":"Lives","disabled":false,"id":""},{"text":"Songs","disabled":false,"id":""},{"text":"Making","disabled":false,"id":""},{"text":"Media","disabled":false,"id":""},{"text":"Scout","disabled":false,"id":""},{"text":"Finances","disabled":false,"id":""},{"text":"Mark all read","disabled":true,"id":"btn-inbox-mark-all"},{"text":"* Today's live schedule\n        2025-08-01 - Assistant","disabled":false,"id":""},{"text":"Morning training ended\n        2025-07-31 - Training","disabled":false,"id":""},{"text":"Morning training ended\n        2025-07-30 - Training","disabled":false,"id":""},{"text":"Morning training ended\n        2025-07-29 - Training","disabled":false,"id":""},{"text":"Afternoon training ended\n        2025-07-28 - Training","disabled":false,"id":""},{"text":"Morning training ended\n        2025-07-28 - Training","disabled":false,"id":""},{"text":"Weekly news roundup\n        2025-07-28 - News","disabled":false,"id":""},{"text":"Morning training ended\n        2025-07-25 - Training","disabled":false,"id":""},{"text":"Morning training ended\n        2025-07-24 - Training","disabled":false,"id":""},{"text":"Morning training ended\n        2025-07-23 - Training","disabled":false,"id":""},{"text":"Morning training ended\n        2025-07-22 - Training","disabled":false,"id":""},{"text":"Morning training ended\n        2025-07-21 - Training","disabled":false,"id":""},{"text":"Weekly news roundup\n        2025-07-21 - News","disabled":false,"id":""},{"text":"Morning training ended\n        2025-07-18 - Training","disabled":false,"id":""},{"text":"Morning training ended\n        2025-07-17 - Training","disabled":false,"id":""},{"text":"Morning training ended\n        2025-07-16 - Training","disabled":false,"id":""},{"text":"Morning training ended\n        2025-07-15 - Training","disabled":false,"id":""},{"text":"Morning training ended\n        2025-07-14 - Training","disabled":false,"id":""},{"text":"Weekly news roundup\n        2025-07-14 - News","disabled":false,"id":""}]
[sim_takane_6m] open today's live schedule at 2025-08-01
[sim_takane_6m] open today's live schedule at 2025-08-01
[sim_takane_6m] open today's live schedule at 2025-08-01
[sim_takane_6m] open today's live schedule at 2025-08-01
[sim_takane_6m] open today's live schedule at 2025-08-01
[sim_takane_6m] open today's live schedule at 2025-08-01
[sim_takane_6m] open today's live schedule at 2025-08-01
[sim_takane_6m] open today's live schedule at 2025-08-01
[sim_takane_6m] open today's live schedule at 2025-08-01
[sim_takane_6m] step=2900 iso=2025-08-01 display=Friday, August 1, 2025 19:20 stale=2849
[sim_takane_6m] open today's live schedule at 2025-08-01
[sim_takane_6m] open today's live schedule at 2025-08-01
[sim_takane_6m] open today's live schedule at 2025-08-01
[sim_takane_6m] open today's live schedule at 2025-08-01
[sim_takane_6m] open today's live schedule at 2025-08-01
[sim_takane_6m] open today's live schedule at 2025-08-01
[sim_takane_6m] open today's live schedule at 2025-08-01
[sim_takane_6m] open today's live schedule at 2025-08-01
[sim_takane_6m] open today's live schedule at 2025-08-01
[sim_takane_6m] open today's live schedule at 2025-08-01
[sim_takane_6m] open today's live schedule at 2025-08-01
[sim_takane_6m] stale buttons Friday, August 1, 2025 19:20 :: [{"text":"Main menu","disabled":false,"id":"btn-main-menu"},{"text":"Save game","disabled":false,"id":"btn-save"},{"text":"Load game","disabled":false,"id":"btn-load"},{"text":"New game","disabled":false,"id":"btn-new"},{"text":"Clear slot","disabled":false,"id":"btn-clear"},{"text":"‹","disabled":false,"id":""},{"text":"›","disabled":true,"id":""},{"text":"Friday, August 1, 2025 19:20","disabled":false,"id":"btn-goto-schedule"},{"text":"Next","disabled":false,"id":"btn-next-day"},{"text":"Inbox","disabled":false,"id":""},{"text":"Idols","disabled":false,"id":""},{"text":"Groups","disabled":false,"id":""},{"text":"Training","disabled":false,"id":""},{"text":"Schedule","disabled":false,"id":""},{"text":"Lives","disabled":false,"id":""},{"text":"Songs","disabled":false,"id":""},{"text":"Making","disabled":false,"id":""},{"text":"Media","disabled":false,"id":""},{"text":"Scout","disabled":false,"id":""},{"text":"Finances","disabled":false,"id":""},{"text":"Mark all read","disabled":true,"id":"btn-inbox-mark-all"},{"text":"* Today's live schedule\n        2025-08-01 - Assistant","disabled":false,"id":""},{"text":"Morning training ended\n        2025-07-31 - Training","disabled":false,"id":""},{"text":"Morning training ended\n        2025-07-30 - Training","disabled":false,"id":""},{"text":"Morning training ended\n        2025-07-29 - Training","disabled":false,"id":""},{"text":"Afternoon training ended\n        2025-07-28 - Training","disabled":false,"id":""},{"text":"Morning training ended\n        2025-07-28 - Training","disabled":false,"id":""},{"text":"Weekly news roundup\n        2025-07-28 - News","disabled":false,"id":""},{"text":"Morning training ended\n        2025-07-25 - Training","disabled":false,"id":""},{"text":"Morning training ended\n        2025-07-24 - Training","disabled":false,"id":""},{"text":"Morning training ended\n        2025-07-23 - Training","disabled":false,"id":""},{"text":"Morning training ended\n        2025-07-22 - Training","disabled":false,"id":""},{"text":"Morning training ended\n        2025-07-21 - Training","disabled":false,"id":""},{"text":"Weekly news roundup\n        2025-07-21 - News","disabled":false,"id":""},{"text":"Morning training ended\n        2025-07-18 - Training","disabled":false,"id":""},{"text":"Morning training ended\n        2025-07-17 - Training","disabled":false,"id":""},{"text":"Morning training ended\n        2025-07-16 - Training","disabled":false,"id":""},{"text":"Morning training ended\n        2025-07-15 - Training","disabled":false,"id":""},{"text":"Morning training ended\n        2025-07-14 - Training","disabled":false,"id":""},{"text":"Weekly news roundup\n        2025-07-14 - News","disabled":false,"id":""}]
[sim_takane_6m] open today's live schedule at 2025-08-01
[sim_takane_6m] open today's live schedule at 2025-08-01
[sim_takane_6m] open today's live schedule at 2025-08-01
[sim_takane_6m] open today's live schedule at 2025-08-01
[sim_takane_6m] open today's live schedule at 2025-08-01
[sim_takane_6m] open today's live schedule at 2025-08-01
[sim_takane_6m] open today's live schedule at 2025-08-01
[sim_takane_6m] open today's live schedule at 2025-08-01
[sim_takane_6m] open today's live schedule at 2025-08-01
[sim_takane_6m] open today's live schedule at 2025-08-01
[sim_takane_6m] open today's live schedule at 2025-08-01
[sim_takane_6m] open today's live schedule at 2025-08-01
[sim_takane_6m] open today's live schedule at 2025-08-01
[sim_takane_6m] open today's live schedule at 2025-08-01
[sim_takane_6m] step=2925 iso=2025-08-01 display=Friday, August 1, 2025 19:20 stale=2874
[sim_takane_6m] open today's live schedule at 2025-08-01
[sim_takane_6m] open today's live schedule at 2025-08-01
[sim_takane_6m] open today's live schedule at 2025-08-01
[sim_takane_6m] open today's live schedule at 2025-08-01
[sim_takane_6m] open today's live schedule at 2025-08-01
[sim_takane_6m] open today's live schedule at 2025-08-01
[sim_takane_6m] stale buttons Friday, August 1, 2025 19:20 :: [{"text":"Main menu","disabled":false,"id":"btn-main-menu"},{"text":"Save game","disabled":false,"id":"btn-save"},{"text":"Load game","disabled":false,"id":"btn-load"},{"text":"New game","disabled":false,"id":"btn-new"},{"text":"Clear slot","disabled":false,"id":"btn-clear"},{"text":"‹","disabled":false,"id":""},{"text":"›","disabled":true,"id":""},{"text":"Friday, August 1, 2025 19:20","disabled":false,"id":"btn-goto-schedule"},{"text":"Next","disabled":false,"id":"btn-next-day"},{"text":"Inbox","disabled":false,"id":""},{"text":"Idols","disabled":false,"id":""},{"text":"Groups","disabled":false,"id":""},{"text":"Training","disabled":false,"id":""},{"text":"Schedule","disabled":false,"id":""},{"text":"Lives","disabled":false,"id":""},{"text":"Songs","disabled":false,"id":""},{"text":"Making","disabled":false,"id":""},{"text":"Media","disabled":false,"id":""},{"text":"Scout","disabled":false,"id":""},{"text":"Finances","disabled":false,"id":""},{"text":"Mark all read","disabled":true,"id":"btn-inbox-mark-all"},{"text":"* Today's live schedule\n        2025-08-01 - Assistant","disabled":false,"id":""},{"text":"Morning training ended\n        2025-07-31 - Training","disabled":false,"id":""},{"text":"Morning training ended\n        2025-07-30 - Training","disabled":false,"id":""},{"text":"Morning training ended\n        2025-07-29 - Training","disabled":false,"id":""},{"text":"Afternoon training ended\n        2025-07-28 - Training","disabled":false,"id":""},{"text":"Morning training ended\n        2025-07-28 - Training","disabled":false,"id":""},{"text":"Weekly news roundup\n        2025-07-28 - News","disabled":false,"id":""},{"text":"Morning training ended\n        2025-07-25 - Training","disabled":false,"id":""},{"text":"Morning training ended\n        2025-07-24 - Training","disabled":false,"id":""},{"text":"Morning training ended\n        2025-07-23 - Training","disabled":false,"id":""},{"text":"Morning training ended\n        2025-07-22 - Training","disabled":false,"id":""},{"text":"Morning training ended\n        2025-07-21 - Training","disabled":false,"id":""},{"text":"Weekly news roundup\n        2025-07-21 - News","disabled":false,"id":""},{"text":"Morning training ended\n        2025-07-18 - Training","disabled":false,"id":""},{"text":"Morning training ended\n        2025-07-17 - Training","disabled":false,"id":""},{"text":"Morning training ended\n        2025-07-16 - Training","disabled":false,"id":""},{"text":"Morning training ended\n        2025-07-15 - Training","disabled":false,"id":""},{"text":"Morning training ended\n        2025-07-14 - Training","disabled":false,"id":""},{"text":"Weekly news roundup\n        2025-07-14 - News","disabled":false,"id":""}]
[sim_takane_6m] open today's live schedule at 2025-08-01
[sim_takane_6m] open today's live schedule at 2025-08-01
[sim_takane_6m] open today's live schedule at 2025-08-01
[sim_takane_6m] open today's live schedule at 2025-08-01
[sim_takane_6m] open today's live schedule at 2025-08-01
[sim_takane_6m] open today's live schedule at 2025-08-01
[sim_takane_6m] open today's live schedule at 2025-08-01
[sim_takane_6m] open today's live schedule at 2025-08-01
[sim_takane_6m] open today's live schedule at 2025-08-01
[sim_takane_6m] open today's live schedule at 2025-08-01
[sim_takane_6m] open today's live schedule at 2025-08-01
[sim_takane_6m] open today's live schedule at 2025-08-01
[sim_takane_6m] open today's live schedule at 2025-08-01
[sim_takane_6m] open today's live schedule at 2025-08-01
[sim_takane_6m] open today's live schedule at 2025-08-01
[sim_takane_6m] open today's live schedule at 2025-08-01
[sim_takane_6m] open today's live schedule at 2025-08-01
[sim_takane_6m] open today's live schedule at 2025-08-01
[sim_takane_6m] open today's live schedule at 2025-08-01
[sim_takane_6m] step=2950 iso=2025-08-01 display=Friday, August 1, 2025 19:20 stale=2899
[sim_takane_6m] open today's live schedule at 2025-08-01
[sim_takane_6m] stale buttons Friday, August 1, 2025 19:20 :: [{"text":"Main menu","disabled":false,"id":"btn-main-menu"},{"text":"Save game","disabled":false,"id":"btn-save"},{"text":"Load game","disabled":false,"id":"btn-load"},{"text":"New game","disabled":false,"id":"btn-new"},{"text":"Clear slot","disabled":false,"id":"btn-clear"},{"text":"‹","disabled":false,"id":""},{"text":"›","disabled":true,"id":""},{"text":"Friday, August 1, 2025 19:20","disabled":false,"id":"btn-goto-schedule"},{"text":"Next","disabled":false,"id":"btn-next-day"},{"text":"Inbox","disabled":false,"id":""},{"text":"Idols","disabled":false,"id":""},{"text":"Groups","disabled":false,"id":""},{"text":"Training","disabled":false,"id":""},{"text":"Schedule","disabled":false,"id":""},{"text":"Lives","disabled":false,"id":""},{"text":"Songs","disabled":false,"id":""},{"text":"Making","disabled":false,"id":""},{"text":"Media","disabled":false,"id":""},{"text":"Scout","disabled":false,"id":""},{"text":"Finances","disabled":false,"id":""},{"text":"Mark all read","disabled":true,"id":"btn-inbox-mark-all"},{"text":"* Today's live schedule\n        2025-08-01 - Assistant","disabled":false,"id":""},{"text":"Morning training ended\n        2025-07-31 - Training","disabled":false,"id":""},{"text":"Morning training ended\n        2025-07-30 - Training","disabled":false,"id":""},{"text":"Morning training ended\n        2025-07-29 - Training","disabled":false,"id":""},{"text":"Afternoon training ended\n        2025-07-28 - Training","disabled":false,"id":""},{"text":"Morning training ended\n        2025-07-28 - Training","disabled":false,"id":""},{"text":"Weekly news roundup\n        2025-07-28 - News","disabled":false,"id":""},{"text":"Morning training ended\n        2025-07-25 - Training","disabled":false,"id":""},{"text":"Morning training ended\n        2025-07-24 - Training","disabled":false,"id":""},{"text":"Morning training ended\n        2025-07-23 - Training","disabled":false,"id":""},{"text":"Morning training ended\n        2025-07-22 - Training","disabled":false,"id":""},{"text":"Morning training ended\n        2025-07-21 - Training","disabled":false,"id":""},{"text":"Weekly news roundup\n        2025-07-21 - News","disabled":false,"id":""},{"text":"Morning training ended\n        2025-07-18 - Training","disabled":false,"id":""},{"text":"Morning training ended\n        2025-07-17 - Training","disabled":false,"id":""},{"text":"Morning training ended\n        2025-07-16 - Training","disabled":false,"id":""},{"text":"Morning training ended\n        2025-07-15 - Training","disabled":false,"id":""},{"text":"Morning training ended\n        2025-07-14 - Training","disabled":false,"id":""},{"text":"Weekly news roundup\n        2025-07-14 - News","disabled":false,"id":""}]
[sim_takane_6m] open today's live schedule at 2025-08-01
[sim_takane_6m] open today's live schedule at 2025-08-01
[sim_takane_6m] open today's live schedule at 2025-08-01
[sim_takane_6m] open today's live schedule at 2025-08-01
[sim_takane_6m] open today's live schedule at 2025-08-01
[sim_takane_6m] open today's live schedule at 2025-08-01
[sim_takane_6m] open today's live schedule at 2025-08-01
[sim_takane_6m] open today's live schedule at 2025-08-01
[sim_takane_6m] open today's live schedule at 2025-08-01
[sim_takane_6m] open today's live schedule at 2025-08-01
[sim_takane_6m] open today's live schedule at 2025-08-01
[sim_takane_6m] open today's live schedule at 2025-08-01
[sim_takane_6m] open today's live schedule at 2025-08-01
[sim_takane_6m] open today's live schedule at 2025-08-01
[sim_takane_6m] open today's live schedule at 2025-08-01
[sim_takane_6m] open today's live schedule at 2025-08-01
[sim_takane_6m] open today's live schedule at 2025-08-01
[sim_takane_6m] open today's live schedule at 2025-08-01
[sim_takane_6m] open today's live schedule at 2025-08-01
[sim_takane_6m] open today's live schedule at 2025-08-01
[sim_takane_6m] stale buttons Friday, August 1, 2025 19:20 :: [{"text":"Main menu","disabled":false,"id":"btn-main-menu"},{"text":"Save game","disabled":false,"id":"btn-save"},{"text":"Load game","disabled":false,"id":"btn-load"},{"text":"New game","disabled":false,"id":"btn-new"},{"text":"Clear slot","disabled":false,"id":"btn-clear"},{"text":"‹","disabled":false,"id":""},{"text":"›","disabled":true,"id":""},{"text":"Friday, August 1, 2025 19:20","disabled":false,"id":"btn-goto-schedule"},{"text":"Next","disabled":false,"id":"btn-next-day"},{"text":"Inbox","disabled":false,"id":""},{"text":"Idols","disabled":false,"id":""},{"text":"Groups","disabled":false,"id":""},{"text":"Training","disabled":false,"id":""},{"text":"Schedule","disabled":false,"id":""},{"text":"Lives","disabled":false,"id":""},{"text":"Songs","disabled":false,"id":""},{"text":"Making","disabled":false,"id":""},{"text":"Media","disabled":false,"id":""},{"text":"Scout","disabled":false,"id":""},{"text":"Finances","disabled":false,"id":""},{"text":"Mark all read","disabled":true,"id":"btn-inbox-mark-all"},{"text":"* Today's live schedule\n        2025-08-01 - Assistant","disabled":false,"id":""},{"text":"Morning training ended\n        2025-07-31 - Training","disabled":false,"id":""},{"text":"Morning training ended\n        2025-07-30 - Training","disabled":false,"id":""},{"text":"Morning training ended\n        2025-07-29 - Training","disabled":false,"id":""},{"text":"Afternoon training ended\n        2025-07-28 - Training","disabled":false,"id":""},{"text":"Morning training ended\n        2025-07-28 - Training","disabled":false,"id":""},{"text":"Weekly news roundup\n        2025-07-28 - News","disabled":false,"id":""},{"text":"Morning training ended\n        2025-07-25 - Training","disabled":false,"id":""},{"text":"Morning training ended\n        2025-07-24 - Training","disabled":false,"id":""},{"text":"Morning training ended\n        2025-07-23 - Training","disabled":false,"id":""},{"text":"Morning training ended\n        2025-07-22 - Training","disabled":false,"id":""},{"text":"Morning training ended\n        2025-07-21 - Training","disabled":false,"id":""},{"text":"Weekly news roundup\n        2025-07-21 - News","disabled":false,"id":""},{"text":"Morning training ended\n        2025-07-18 - Training","disabled":false,"id":""},{"text":"Morning training ended\n        2025-07-17 - Training","disabled":false,"id":""},{"text":"Morning training ended\n        2025-07-16 - Training","disabled":false,"id":""},{"text":"Morning training ended\n        2025-07-15 - Training","disabled":false,"id":""},{"text":"Morning training ended\n        2025-07-14 - Training","disabled":false,"id":""},{"text":"Weekly news roundup\n        2025-07-14 - News","disabled":false,"id":""}]
[sim_takane_6m] open today's live schedule at 2025-08-01
[sim_takane_6m] open today's live schedule at 2025-08-01
[sim_takane_6m] open today's live schedule at 2025-08-01
[sim_takane_6m] open today's live schedule at 2025-08-01
[sim_takane_6m] step=2975 iso=2025-08-01 display=Friday, August 1, 2025 19:20 stale=2924
[sim_takane_6m] open today's live schedule at 2025-08-01
[sim_takane_6m] open today's live schedule at 2025-08-01
[sim_takane_6m] open today's live schedule at 2025-08-01
[sim_takane_6m] open today's live schedule at 2025-08-01
[sim_takane_6m] open today's live schedule at 2025-08-01
[sim_takane_6m] open today's live schedule at 2025-08-01
[sim_takane_6m] open today's live schedule at 2025-08-01
[sim_takane_6m] open today's live schedule at 2025-08-01
[sim_takane_6m] open today's live schedule at 2025-08-01
[sim_takane_6m] open today's live schedule at 2025-08-01
[sim_takane_6m] open today's live schedule at 2025-08-01
[sim_takane_6m] open today's live schedule at 2025-08-01
[sim_takane_6m] open today's live schedule at 2025-08-01
[sim_takane_6m] open today's live schedule at 2025-08-01
[sim_takane_6m] open today's live schedule at 2025-08-01
[sim_takane_6m] open today's live schedule at 2025-08-01
[sim_takane_6m] stale buttons Friday, August 1, 2025 19:20 :: [{"text":"Main menu","disabled":false,"id":"btn-main-menu"},{"text":"Save game","disabled":false,"id":"btn-save"},{"text":"Load game","disabled":false,"id":"btn-load"},{"text":"New game","disabled":false,"id":"btn-new"},{"text":"Clear slot","disabled":false,"id":"btn-clear"},{"text":"‹","disabled":false,"id":""},{"text":"›","disabled":true,"id":""},{"text":"Friday, August 1, 2025 19:20","disabled":false,"id":"btn-goto-schedule"},{"text":"Next","disabled":false,"id":"btn-next-day"},{"text":"Inbox","disabled":false,"id":""},{"text":"Idols","disabled":false,"id":""},{"text":"Groups","disabled":false,"id":""},{"text":"Training","disabled":false,"id":""},{"text":"Schedule","disabled":false,"id":""},{"text":"Lives","disabled":false,"id":""},{"text":"Songs","disabled":false,"id":""},{"text":"Making","disabled":false,"id":""},{"text":"Media","disabled":false,"id":""},{"text":"Scout","disabled":false,"id":""},{"text":"Finances","disabled":false,"id":""},{"text":"Mark all read","disabled":true,"id":"btn-inbox-mark-all"},{"text":"* Today's live schedule\n        2025-08-01 - Assistant","disabled":false,"id":""},{"text":"Morning training ended\n        2025-07-31 - Training","disabled":false,"id":""},{"text":"Morning training ended\n        2025-07-30 - Training","disabled":false,"id":""},{"text":"Morning training ended\n        2025-07-29 - Training","disabled":false,"id":""},{"text":"Afternoon training ended\n        2025-07-28 - Training","disabled":false,"id":""},{"text":"Morning training ended\n        2025-07-28 - Training","disabled":false,"id":""},{"text":"Weekly news roundup\n        2025-07-28 - News","disabled":false,"id":""},{"text":"Morning training ended\n        2025-07-25 - Training","disabled":false,"id":""},{"text":"Morning training ended\n        2025-07-24 - Training","disabled":false,"id":""},{"text":"Morning training ended\n        2025-07-23 - Training","disabled":false,"id":""},{"text":"Morning training ended\n        2025-07-22 - Training","disabled":false,"id":""},{"text":"Morning training ended\n        2025-07-21 - Training","disabled":false,"id":""},{"text":"Weekly news roundup\n        2025-07-21 - News","disabled":false,"id":""},{"text":"Morning training ended\n        2025-07-18 - Training","disabled":false,"id":""},{"text":"Morning training ended\n        2025-07-17 - Training","disabled":false,"id":""},{"text":"Morning training ended\n        2025-07-16 - Training","disabled":false,"id":""},{"text":"Morning training ended\n        2025-07-15 - Training","disabled":false,"id":""},{"text":"Morning training ended\n        2025-07-14 - Training","disabled":false,"id":""},{"text":"Weekly news roundup\n        2025-07-14 - News","disabled":false,"id":""}]
[sim_takane_6m] open today's live schedule at 2025-08-01
[sim_takane_6m] open today's live schedule at 2025-08-01
[sim_takane_6m] open today's live schedule at 2025-08-01
[sim_takane_6m] open today's live schedule at 2025-08-01
[sim_takane_6m] open today's live schedule at 2025-08-01
[sim_takane_6m] open today's live schedule at 2025-08-01
[sim_takane_6m] open today's live schedule at 2025-08-01
[sim_takane_6m] open today's live schedule at 2025-08-01
[sim_takane_6m] open today's live schedule at 2025-08-01
[sim_takane_6m] step=3000 iso=2025-08-01 display=Friday, August 1, 2025 19:20 stale=2949
[sim_takane_6m] open today's live schedule at 2025-08-01
[sim_takane_6m] open today's live schedule at 2025-08-01
[sim_takane_6m] open today's live schedule at 2025-08-01
[sim_takane_6m] open today's live schedule at 2025-08-01
[sim_takane_6m] open today's live schedule at 2025-08-01
[sim_takane_6m] open today's live schedule at 2025-08-01
[sim_takane_6m] open today's live schedule at 2025-08-01
[sim_takane_6m] open today's live schedule at 2025-08-01
[sim_takane_6m] open today's live schedule at 2025-08-01
[sim_takane_6m] open today's live schedule at 2025-08-01
[sim_takane_6m] open today's live schedule at 2025-08-01
[sim_takane_6m] stale buttons Friday, August 1, 2025 19:20 :: [{"text":"Main menu","disabled":false,"id":"btn-main-menu"},{"text":"Save game","disabled":false,"id":"btn-save"},{"text":"Load game","disabled":false,"id":"btn-load"},{"text":"New game","disabled":false,"id":"btn-new"},{"text":"Clear slot","disabled":false,"id":"btn-clear"},{"text":"‹","disabled":false,"id":""},{"text":"›","disabled":true,"id":""},{"text":"Friday, August 1, 2025 19:20","disabled":false,"id":"btn-goto-schedule"},{"text":"Next","disabled":false,"id":"btn-next-day"},{"text":"Inbox","disabled":false,"id":""},{"text":"Idols","disabled":false,"id":""},{"text":"Groups","disabled":false,"id":""},{"text":"Training","disabled":false,"id":""},{"text":"Schedule","disabled":false,"id":""},{"text":"Lives","disabled":false,"id":""},{"text":"Songs","disabled":false,"id":""},{"text":"Making","disabled":false,"id":""},{"text":"Media","disabled":false,"id":""},{"text":"Scout","disabled":false,"id":""},{"text":"Finances","disabled":false,"id":""},{"text":"Mark all read","disabled":true,"id":"btn-inbox-mark-all"},{"text":"* Today's live schedule\n        2025-08-01 - Assistant","disabled":false,"id":""},{"text":"Morning training ended\n        2025-07-31 - Training","disabled":false,"id":""},{"text":"Morning training ended\n        2025-07-30 - Training","disabled":false,"id":""},{"text":"Morning training ended\n        2025-07-29 - Training","disabled":false,"id":""},{"text":"Afternoon training ended\n        2025-07-28 - Training","disabled":false,"id":""},{"text":"Morning training ended\n        2025-07-28 - Training","disabled":false,"id":""},{"text":"Weekly news roundup\n        2025-07-28 - News","disabled":false,"id":""},{"text":"Morning training ended\n        2025-07-25 - Training","disabled":false,"id":""},{"text":"Morning training ended\n        2025-07-24 - Training","disabled":false,"id":""},{"text":"Morning training ended\n        2025-07-23 - Training","disabled":false,"id":""},{"text":"Morning training ended\n        2025-07-22 - Training","disabled":false,"id":""},{"text":"Morning training ended\n        2025-07-21 - Training","disabled":false,"id":""},{"text":"Weekly news roundup\n        2025-07-21 - News","disabled":false,"id":""},{"text":"Morning training ended\n        2025-07-18 - Training","disabled":false,"id":""},{"text":"Morning training ended\n        2025-07-17 - Training","disabled":false,"id":""},{"text":"Morning training ended\n        2025-07-16 - Training","disabled":false,"id":""},{"text":"Morning training ended\n        2025-07-15 - Training","disabled":false,"id":""},{"text":"Morning training ended\n        2025-07-14 - Training","disabled":false,"id":""},{"text":"Weekly news roundup\n        2025-07-14 - News","disabled":false,"id":""}]
[sim_takane_6m] open today's live schedule at 2025-08-01
[sim_takane_6m] open today's live schedule at 2025-08-01
[sim_takane_6m] open today's live schedule at 2025-08-01
[sim_takane_6m] open today's live schedule at 2025-08-01
[sim_takane_6m] open today's live schedule at 2025-08-01
[sim_takane_6m] open today's live schedule at 2025-08-01
[sim_takane_6m] open today's live schedule at 2025-08-01
[sim_takane_6m] open today's live schedule at 2025-08-01
[sim_takane_6m] open today's live schedule at 2025-08-01
[sim_takane_6m] open today's live schedule at 2025-08-01
[sim_takane_6m] open today's live schedule at 2025-08-01
[sim_takane_6m] open today's live schedule at 2025-08-01
[sim_takane_6m] open today's live schedule at 2025-08-01
[sim_takane_6m] open today's live schedule at 2025-08-01
[sim_takane_6m] step=3025 iso=2025-08-01 display=Friday, August 1, 2025 19:20 stale=2974
[sim_takane_6m] open today's live schedule at 2025-08-01
[sim_takane_6m] open today's live schedule at 2025-08-01
[sim_takane_6m] open today's live schedule at 2025-08-01
[sim_takane_6m] open today's live schedule at 2025-08-01
[sim_takane_6m] open today's live schedule at 2025-08-01
[sim_takane_6m] open today's live schedule at 2025-08-01
[sim_takane_6m] stale buttons Friday, August 1, 2025 19:20 :: [{"text":"Main menu","disabled":false,"id":"btn-main-menu"},{"text":"Save game","disabled":false,"id":"btn-save"},{"text":"Load game","disabled":false,"id":"btn-load"},{"text":"New game","disabled":false,"id":"btn-new"},{"text":"Clear slot","disabled":false,"id":"btn-clear"},{"text":"‹","disabled":false,"id":""},{"text":"›","disabled":true,"id":""},{"text":"Friday, August 1, 2025 19:20","disabled":false,"id":"btn-goto-schedule"},{"text":"Next","disabled":false,"id":"btn-next-day"},{"text":"Inbox","disabled":false,"id":""},{"text":"Idols","disabled":false,"id":""},{"text":"Groups","disabled":false,"id":""},{"text":"Training","disabled":false,"id":""},{"text":"Schedule","disabled":false,"id":""},{"text":"Lives","disabled":false,"id":""},{"text":"Songs","disabled":false,"id":""},{"text":"Making","disabled":false,"id":""},{"text":"Media","disabled":false,"id":""},{"text":"Scout","disabled":false,"id":""},{"text":"Finances","disabled":false,"id":""},{"text":"Mark all read","disabled":true,"id":"btn-inbox-mark-all"},{"text":"* Today's live schedule\n        2025-08-01 - Assistant","disabled":false,"id":""},{"text":"Morning training ended\n        2025-07-31 - Training","disabled":false,"id":""},{"text":"Morning training ended\n        2025-07-30 - Training","disabled":false,"id":""},{"text":"Morning training ended\n        2025-07-29 - Training","disabled":false,"id":""},{"text":"Afternoon training ended\n        2025-07-28 - Training","disabled":false,"id":""},{"text":"Morning training ended\n        2025-07-28 - Training","disabled":false,"id":""},{"text":"Weekly news roundup\n        2025-07-28 - News","disabled":false,"id":""},{"text":"Morning training ended\n        2025-07-25 - Training","disabled":false,"id":""},{"text":"Morning training ended\n        2025-07-24 - Training","disabled":false,"id":""},{"text":"Morning training ended\n        2025-07-23 - Training","disabled":false,"id":""},{"text":"Morning training ended\n        2025-07-22 - Training","disabled":false,"id":""},{"text":"Morning training ended\n        2025-07-21 - Training","disabled":false,"id":""},{"text":"Weekly news roundup\n        2025-07-21 - News","disabled":false,"id":""},{"text":"Morning training ended\n        2025-07-18 - Training","disabled":false,"id":""},{"text":"Morning training ended\n        2025-07-17 - Training","disabled":false,"id":""},{"text":"Morning training ended\n        2025-07-16 - Training","disabled":false,"id":""},{"text":"Morning training ended\n        2025-07-15 - Training","disabled":false,"id":""},{"text":"Morning training ended\n        2025-07-14 - Training","disabled":false,"id":""},{"text":"Weekly news roundup\n        2025-07-14 - News","disabled":false,"id":""}]
[sim_takane_6m] open today's live schedule at 2025-08-01
[sim_takane_6m] open today's live schedule at 2025-08-01
[sim_takane_6m] open today's live schedule at 2025-08-01
[sim_takane_6m] open today's live schedule at 2025-08-01
[sim_takane_6m] open today's live schedule at 2025-08-01
[sim_takane_6m] open today's live schedule at 2025-08-01
[sim_takane_6m] open today's live schedule at 2025-08-01
[sim_takane_6m] open today's live schedule at 2025-08-01
[sim_takane_6m] open today's live schedule at 2025-08-01
[sim_takane_6m] open today's live schedule at 2025-08-01
[sim_takane_6m] open today's live schedule at 2025-08-01
[sim_takane_6m] open today's live schedule at 2025-08-01
[sim_takane_6m] open today's live schedule at 2025-08-01
[sim_takane_6m] open today's live schedule at 2025-08-01
[sim_takane_6m] open today's live schedule at 2025-08-01
[sim_takane_6m] open today's live schedule at 2025-08-01
[sim_takane_6m] open today's live schedule at 2025-08-01
[sim_takane_6m] open today's live schedule at 2025-08-01
[sim_takane_6m] open today's live schedule at 2025-08-01
[sim_takane_6m] step=3050 iso=2025-08-01 display=Friday, August 1, 2025 19:20 stale=2999
[sim_takane_6m] open today's live schedule at 2025-08-01
[sim_takane_6m] stale buttons Friday, August 1, 2025 19:20 :: [{"text":"Main menu","disabled":false,"id":"btn-main-menu"},{"text":"Save game","disabled":false,"id":"btn-save"},{"text":"Load game","disabled":false,"id":"btn-load"},{"text":"New game","disabled":false,"id":"btn-new"},{"text":"Clear slot","disabled":false,"id":"btn-clear"},{"text":"‹","disabled":false,"id":""},{"text":"›","disabled":true,"id":""},{"text":"Friday, August 1, 2025 19:20","disabled":false,"id":"btn-goto-schedule"},{"text":"Next","disabled":false,"id":"btn-next-day"},{"text":"Inbox","disabled":false,"id":""},{"text":"Idols","disabled":false,"id":""},{"text":"Groups","disabled":false,"id":""},{"text":"Training","disabled":false,"id":""},{"text":"Schedule","disabled":false,"id":""},{"text":"Lives","disabled":false,"id":""},{"text":"Songs","disabled":false,"id":""},{"text":"Making","disabled":false,"id":""},{"text":"Media","disabled":false,"id":""},{"text":"Scout","disabled":false,"id":""},{"text":"Finances","disabled":false,"id":""},{"text":"Mark all read","disabled":true,"id":"btn-inbox-mark-all"},{"text":"* Today's live schedule\n        2025-08-01 - Assistant","disabled":false,"id":""},{"text":"Morning training ended\n        2025-07-31 - Training","disabled":false,"id":""},{"text":"Morning training ended\n        2025-07-30 - Training","disabled":false,"id":""},{"text":"Morning training ended\n        2025-07-29 - Training","disabled":false,"id":""},{"text":"Afternoon training ended\n        2025-07-28 - Training","disabled":false,"id":""},{"text":"Morning training ended\n        2025-07-28 - Training","disabled":false,"id":""},{"text":"Weekly news roundup\n        2025-07-28 - News","disabled":false,"id":""},{"text":"Morning training ended\n        2025-07-25 - Training","disabled":false,"id":""},{"text":"Morning training ended\n        2025-07-24 - Training","disabled":false,"id":""},{"text":"Morning training ended\n        2025-07-23 - Training","disabled":false,"id":""},{"text":"Morning training ended\n        2025-07-22 - Training","disabled":false,"id":""},{"text":"Morning training ended\n        2025-07-21 - Training","disabled":false,"id":""},{"text":"Weekly news roundup\n        2025-07-21 - News","disabled":false,"id":""},{"text":"Morning training ended\n        2025-07-18 - Training","disabled":false,"id":""},{"text":"Morning training ended\n        2025-07-17 - Training","disabled":false,"id":""},{"text":"Morning training ended\n        2025-07-16 - Training","disabled":false,"id":""},{"text":"Morning training ended\n        2025-07-15 - Training","disabled":false,"id":""},{"text":"Morning training ended\n        2025-07-14 - Training","disabled":false,"id":""},{"text":"Weekly news roundup\n        2025-07-14 - News","disabled":false,"id":""}]
[sim_takane_6m] open today's live schedule at 2025-08-01
[sim_takane_6m] open today's live schedule at 2025-08-01
[sim_takane_6m] open today's live schedule at 2025-08-01
[sim_takane_6m] open today's live schedule at 2025-08-01
[sim_takane_6m] open today's live schedule at 2025-08-01
[sim_takane_6m] open today's live schedule at 2025-08-01
[sim_takane_6m] open today's live schedule at 2025-08-01
[sim_takane_6m] open today's live schedule at 2025-08-01
[sim_takane_6m] open today's live schedule at 2025-08-01
[sim_takane_6m] open today's live schedule at 2025-08-01
[sim_takane_6m] open today's live schedule at 2025-08-01
[sim_takane_6m] open today's live schedule at 2025-08-01
[sim_takane_6m] open today's live schedule at 2025-08-01
[sim_takane_6m] open today's live schedule at 2025-08-01
[sim_takane_6m] open today's live schedule at 2025-08-01
[sim_takane_6m] open today's live schedule at 2025-08-01
[sim_takane_6m] open today's live schedule at 2025-08-01
[sim_takane_6m] open today's live schedule at 2025-08-01
[sim_takane_6m] open today's live schedule at 2025-08-01
[sim_takane_6m] open today's live schedule at 2025-08-01
[sim_takane_6m] stale buttons Friday, August 1, 2025 19:20 :: [{"text":"Main menu","disabled":false,"id":"btn-main-menu"},{"text":"Save game","disabled":false,"id":"btn-save"},{"text":"Load game","disabled":false,"id":"btn-load"},{"text":"New game","disabled":false,"id":"btn-new"},{"text":"Clear slot","disabled":false,"id":"btn-clear"},{"text":"‹","disabled":false,"id":""},{"text":"›","disabled":true,"id":""},{"text":"Friday, August 1, 2025 19:20","disabled":false,"id":"btn-goto-schedule"},{"text":"Next","disabled":false,"id":"btn-next-day"},{"text":"Inbox","disabled":false,"id":""},{"text":"Idols","disabled":false,"id":""},{"text":"Groups","disabled":false,"id":""},{"text":"Training","disabled":false,"id":""},{"text":"Schedule","disabled":false,"id":""},{"text":"Lives","disabled":false,"id":""},{"text":"Songs","disabled":false,"id":""},{"text":"Making","disabled":false,"id":""},{"text":"Media","disabled":false,"id":""},{"text":"Scout","disabled":false,"id":""},{"text":"Finances","disabled":false,"id":""},{"text":"Mark all read","disabled":true,"id":"btn-inbox-mark-all"},{"text":"* Today's live schedule\n        2025-08-01 - Assistant","disabled":false,"id":""},{"text":"Morning training ended\n        2025-07-31 - Training","disabled":false,"id":""},{"text":"Morning training ended\n        2025-07-30 - Training","disabled":false,"id":""},{"text":"Morning training ended\n        2025-07-29 - Training","disabled":false,"id":""},{"text":"Afternoon training ended\n        2025-07-28 - Training","disabled":false,"id":""},{"text":"Morning training ended\n        2025-07-28 - Training","disabled":false,"id":""},{"text":"Weekly news roundup\n        2025-07-28 - News","disabled":false,"id":""},{"text":"Morning training ended\n        2025-07-25 - Training","disabled":false,"id":""},{"text":"Morning training ended\n        2025-07-24 - Training","disabled":false,"id":""},{"text":"Morning training ended\n        2025-07-23 - Training","disabled":false,"id":""},{"text":"Morning training ended\n        2025-07-22 - Training","disabled":false,"id":""},{"text":"Morning training ended\n        2025-07-21 - Training","disabled":false,"id":""},{"text":"Weekly news roundup\n        2025-07-21 - News","disabled":false,"id":""},{"text":"Morning training ended\n        2025-07-18 - Training","disabled":false,"id":""},{"text":"Morning training ended\n        2025-07-17 - Training","disabled":false,"id":""},{"text":"Morning training ended\n        2025-07-16 - Training","disabled":false,"id":""},{"text":"Morning training ended\n        2025-07-15 - Training","disabled":false,"id":""},{"text":"Morning training ended\n        2025-07-14 - Training","disabled":false,"id":""},{"text":"Weekly news roundup\n        2025-07-14 - News","disabled":false,"id":""}]
[sim_takane_6m] open today's live schedule at 2025-08-01
[sim_takane_6m] open today's live schedule at 2025-08-01
[sim_takane_6m] open today's live schedule at 2025-08-01
[sim_takane_6m] open today's live schedule at 2025-08-01
[sim_takane_6m] step=3075 iso=2025-08-01 display=Friday, August 1, 2025 19:20 stale=3024
[sim_takane_6m] open today's live schedule at 2025-08-01
[sim_takane_6m] open today's live schedule at 2025-08-01
[sim_takane_6m] open today's live schedule at 2025-08-01
[sim_takane_6m] open today's live schedule at 2025-08-01
[sim_takane_6m] open today's live schedule at 2025-08-01
[sim_takane_6m] open today's live schedule at 2025-08-01
[sim_takane_6m] open today's live schedule at 2025-08-01
[sim_takane_6m] open today's live schedule at 2025-08-01
[sim_takane_6m] open today's live schedule at 2025-08-01
[sim_takane_6m] open today's live schedule at 2025-08-01
[sim_takane_6m] open today's live schedule at 2025-08-01
[sim_takane_6m] open today's live schedule at 2025-08-01
[sim_takane_6m] open today's live schedule at 2025-08-01
[sim_takane_6m] open today's live schedule at 2025-08-01
[sim_takane_6m] open today's live schedule at 2025-08-01
[sim_takane_6m] open today's live schedule at 2025-08-01
[sim_takane_6m] stale buttons Friday, August 1, 2025 19:20 :: [{"text":"Main menu","disabled":false,"id":"btn-main-menu"},{"text":"Save game","disabled":false,"id":"btn-save"},{"text":"Load game","disabled":false,"id":"btn-load"},{"text":"New game","disabled":false,"id":"btn-new"},{"text":"Clear slot","disabled":false,"id":"btn-clear"},{"text":"‹","disabled":false,"id":""},{"text":"›","disabled":true,"id":""},{"text":"Friday, August 1, 2025 19:20","disabled":false,"id":"btn-goto-schedule"},{"text":"Next","disabled":false,"id":"btn-next-day"},{"text":"Inbox","disabled":false,"id":""},{"text":"Idols","disabled":false,"id":""},{"text":"Groups","disabled":false,"id":""},{"text":"Training","disabled":false,"id":""},{"text":"Schedule","disabled":false,"id":""},{"text":"Lives","disabled":false,"id":""},{"text":"Songs","disabled":false,"id":""},{"text":"Making","disabled":false,"id":""},{"text":"Media","disabled":false,"id":""},{"text":"Scout","disabled":false,"id":""},{"text":"Finances","disabled":false,"id":""},{"text":"Mark all read","disabled":true,"id":"btn-inbox-mark-all"},{"text":"* Today's live schedule\n        2025-08-01 - Assistant","disabled":false,"id":""},{"text":"Morning training ended\n        2025-07-31 - Training","disabled":false,"id":""},{"text":"Morning training ended\n        2025-07-30 - Training","disabled":false,"id":""},{"text":"Morning training ended\n        2025-07-29 - Training","disabled":false,"id":""},{"text":"Afternoon training ended\n        2025-07-28 - Training","disabled":false,"id":""},{"text":"Morning training ended\n        2025-07-28 - Training","disabled":false,"id":""},{"text":"Weekly news roundup\n        2025-07-28 - News","disabled":false,"id":""},{"text":"Morning training ended\n        2025-07-25 - Training","disabled":false,"id":""},{"text":"Morning training ended\n        2025-07-24 - Training","disabled":false,"id":""},{"text":"Morning training ended\n        2025-07-23 - Training","disabled":false,"id":""},{"text":"Morning training ended\n        2025-07-22 - Training","disabled":false,"id":""},{"text":"Morning training ended\n        2025-07-21 - Training","disabled":false,"id":""},{"text":"Weekly news roundup\n        2025-07-21 - News","disabled":false,"id":""},{"text":"Morning training ended\n        2025-07-18 - Training","disabled":false,"id":""},{"text":"Morning training ended\n        2025-07-17 - Training","disabled":false,"id":""},{"text":"Morning training ended\n        2025-07-16 - Training","disabled":false,"id":""},{"text":"Morning training ended\n        2025-07-15 - Training","disabled":false,"id":""},{"text":"Morning training ended\n        2025-07-14 - Training","disabled":false,"id":""},{"text":"Weekly news roundup\n        2025-07-14 - News","disabled":false,"id":""}]
[sim_takane_6m] open today's live schedule at 2025-08-01
[sim_takane_6m] open today's live schedule at 2025-08-01
[sim_takane_6m] open today's live schedule at 2025-08-01
[sim_takane_6m] open today's live schedule at 2025-08-01
[sim_takane_6m] open today's live schedule at 2025-08-01
[sim_takane_6m] open today's live schedule at 2025-08-01
[sim_takane_6m] open today's live schedule at 2025-08-01
[sim_takane_6m] open today's live schedule at 2025-08-01
[sim_takane_6m] open today's live schedule at 2025-08-01
[sim_takane_6m] step=3100 iso=2025-08-01 display=Friday, August 1, 2025 19:20 stale=3049
[sim_takane_6m] open today's live schedule at 2025-08-01
[sim_takane_6m] open today's live schedule at 2025-08-01
[sim_takane_6m] open today's live schedule at 2025-08-01
[sim_takane_6m] open today's live schedule at 2025-08-01
[sim_takane_6m] open today's live schedule at 2025-08-01
[sim_takane_6m] open today's live schedule at 2025-08-01
[sim_takane_6m] open today's live schedule at 2025-08-01
[sim_takane_6m] open today's live schedule at 2025-08-01
[sim_takane_6m] open today's live schedule at 2025-08-01
[sim_takane_6m] open today's live schedule at 2025-08-01
[sim_takane_6m] open today's live schedule at 2025-08-01
[sim_takane_6m] stale buttons Friday, August 1, 2025 19:20 :: [{"text":"Main menu","disabled":false,"id":"btn-main-menu"},{"text":"Save game","disabled":false,"id":"btn-save"},{"text":"Load game","disabled":false,"id":"btn-load"},{"text":"New game","disabled":false,"id":"btn-new"},{"text":"Clear slot","disabled":false,"id":"btn-clear"},{"text":"‹","disabled":false,"id":""},{"text":"›","disabled":true,"id":""},{"text":"Friday, August 1, 2025 19:20","disabled":false,"id":"btn-goto-schedule"},{"text":"Next","disabled":false,"id":"btn-next-day"},{"text":"Inbox","disabled":false,"id":""},{"text":"Idols","disabled":false,"id":""},{"text":"Groups","disabled":false,"id":""},{"text":"Training","disabled":false,"id":""},{"text":"Schedule","disabled":false,"id":""},{"text":"Lives","disabled":false,"id":""},{"text":"Songs","disabled":false,"id":""},{"text":"Making","disabled":false,"id":""},{"text":"Media","disabled":false,"id":""},{"text":"Scout","disabled":false,"id":""},{"text":"Finances","disabled":false,"id":""},{"text":"Mark all read","disabled":true,"id":"btn-inbox-mark-all"},{"text":"* Today's live schedule\n        2025-08-01 - Assistant","disabled":false,"id":""},{"text":"Morning training ended\n        2025-07-31 - Training","disabled":false,"id":""},{"text":"Morning training ended\n        2025-07-30 - Training","disabled":false,"id":""},{"text":"Morning training ended\n        2025-07-29 - Training","disabled":false,"id":""},{"text":"Afternoon training ended\n        2025-07-28 - Training","disabled":false,"id":""},{"text":"Morning training ended\n        2025-07-28 - Training","disabled":false,"id":""},{"text":"Weekly news roundup\n        2025-07-28 - News","disabled":false,"id":""},{"text":"Morning training ended\n        2025-07-25 - Training","disabled":false,"id":""},{"text":"Morning training ended\n        2025-07-24 - Training","disabled":false,"id":""},{"text":"Morning training ended\n        2025-07-23 - Training","disabled":false,"id":""},{"text":"Morning training ended\n        2025-07-22 - Training","disabled":false,"id":""},{"text":"Morning training ended\n        2025-07-21 - Training","disabled":false,"id":""},{"text":"Weekly news roundup\n        2025-07-21 - News","disabled":false,"id":""},{"text":"Morning training ended\n        2025-07-18 - Training","disabled":false,"id":""},{"text":"Morning training ended\n        2025-07-17 - Training","disabled":false,"id":""},{"text":"Morning training ended\n        2025-07-16 - Training","disabled":false,"id":""},{"text":"Morning training ended\n        2025-07-15 - Training","disabled":false,"id":""},{"text":"Morning training ended\n        2025-07-14 - Training","disabled":false,"id":""},{"text":"Weekly news roundup\n        2025-07-14 - News","disabled":false,"id":""}]
[sim_takane_6m] open today's live schedule at 2025-08-01
[sim_takane_6m] open today's live schedule at 2025-08-01
[sim_takane_6m] open today's live schedule at 2025-08-01
[sim_takane_6m] open today's live schedule at 2025-08-01
[sim_takane_6m] open today's live schedule at 2025-08-01
[sim_takane_6m] open today's live schedule at 2025-08-01
[sim_takane_6m] open today's live schedule at 2025-08-01
[sim_takane_6m] open today's live schedule at 2025-08-01
[sim_takane_6m] open today's live schedule at 2025-08-01
[sim_takane_6m] open today's live schedule at 2025-08-01
[sim_takane_6m] open today's live schedule at 2025-08-01
[sim_takane_6m] open today's live schedule at 2025-08-01
[sim_takane_6m] open today's live schedule at 2025-08-01
[sim_takane_6m] open today's live schedule at 2025-08-01
[sim_takane_6m] step=3125 iso=2025-08-01 display=Friday, August 1, 2025 19:20 stale=3074
[sim_takane_6m] open today's live schedule at 2025-08-01
[sim_takane_6m] open today's live schedule at 2025-08-01
[sim_takane_6m] open today's live schedule at 2025-08-01
[sim_takane_6m] open today's live schedule at 2025-08-01
[sim_takane_6m] open today's live schedule at 2025-08-01
[sim_takane_6m] open today's live schedule at 2025-08-01
[sim_takane_6m] stale buttons Friday, August 1, 2025 19:20 :: [{"text":"Main menu","disabled":false,"id":"btn-main-menu"},{"text":"Save game","disabled":false,"id":"btn-save"},{"text":"Load game","disabled":false,"id":"btn-load"},{"text":"New game","disabled":false,"id":"btn-new"},{"text":"Clear slot","disabled":false,"id":"btn-clear"},{"text":"‹","disabled":false,"id":""},{"text":"›","disabled":true,"id":""},{"text":"Friday, August 1, 2025 19:20","disabled":false,"id":"btn-goto-schedule"},{"text":"Next","disabled":false,"id":"btn-next-day"},{"text":"Inbox","disabled":false,"id":""},{"text":"Idols","disabled":false,"id":""},{"text":"Groups","disabled":false,"id":""},{"text":"Training","disabled":false,"id":""},{"text":"Schedule","disabled":false,"id":""},{"text":"Lives","disabled":false,"id":""},{"text":"Songs","disabled":false,"id":""},{"text":"Making","disabled":false,"id":""},{"text":"Media","disabled":false,"id":""},{"text":"Scout","disabled":false,"id":""},{"text":"Finances","disabled":false,"id":""},{"text":"Mark all read","disabled":true,"id":"btn-inbox-mark-all"},{"text":"* Today's live schedule\n        2025-08-01 - Assistant","disabled":false,"id":""},{"text":"Morning training ended\n        2025-07-31 - Training","disabled":false,"id":""},{"text":"Morning training ended\n        2025-07-30 - Training","disabled":false,"id":""},{"text":"Morning training ended\n        2025-07-29 - Training","disabled":false,"id":""},{"text":"Afternoon training ended\n        2025-07-28 - Training","disabled":false,"id":""},{"text":"Morning training ended\n        2025-07-28 - Training","disabled":false,"id":""},{"text":"Weekly news roundup\n        2025-07-28 - News","disabled":false,"id":""},{"text":"Morning training ended\n        2025-07-25 - Training","disabled":false,"id":""},{"text":"Morning training ended\n        2025-07-24 - Training","disabled":false,"id":""},{"text":"Morning training ended\n        2025-07-23 - Training","disabled":false,"id":""},{"text":"Morning training ended\n        2025-07-22 - Training","disabled":false,"id":""},{"text":"Morning training ended\n        2025-07-21 - Training","disabled":false,"id":""},{"text":"Weekly news roundup\n        2025-07-21 - News","disabled":false,"id":""},{"text":"Morning training ended\n        2025-07-18 - Training","disabled":false,"id":""},{"text":"Morning training ended\n        2025-07-17 - Training","disabled":false,"id":""},{"text":"Morning training ended\n        2025-07-16 - Training","disabled":false,"id":""},{"text":"Morning training ended\n        2025-07-15 - Training","disabled":false,"id":""},{"text":"Morning training ended\n        2025-07-14 - Training","disabled":false,"id":""},{"text":"Weekly news roundup\n        2025-07-14 - News","disabled":false,"id":""}]
[sim_takane_6m] open today's live schedule at 2025-08-01
[sim_takane_6m] open today's live schedule at 2025-08-01
[sim_takane_6m] open today's live schedule at 2025-08-01
[sim_takane_6m] open today's live schedule at 2025-08-01
[sim_takane_6m] open today's live schedule at 2025-08-01
[sim_takane_6m] open today's live schedule at 2025-08-01
[sim_takane_6m] open today's live schedule at 2025-08-01
[sim_takane_6m] open today's live schedule at 2025-08-01
[sim_takane_6m] open today's live schedule at 2025-08-01
[sim_takane_6m] open today's live schedule at 2025-08-01
[sim_takane_6m] open today's live schedule at 2025-08-01
[sim_takane_6m] open today's live schedule at 2025-08-01
[sim_takane_6m] open today's live schedule at 2025-08-01
[sim_takane_6m] open today's live schedule at 2025-08-01
[sim_takane_6m] open today's live schedule at 2025-08-01
[sim_takane_6m] open today's live schedule at 2025-08-01
[sim_takane_6m] open today's live schedule at 2025-08-01
[sim_takane_6m] open today's live schedule at 2025-08-01
[sim_takane_6m] open today's live schedule at 2025-08-01
[sim_takane_6m] step=3150 iso=2025-08-01 display=Friday, August 1, 2025 19:20 stale=3099
[sim_takane_6m] open today's live schedule at 2025-08-01
[sim_takane_6m] stale buttons Friday, August 1, 2025 19:20 :: [{"text":"Main menu","disabled":false,"id":"btn-main-menu"},{"text":"Save game","disabled":false,"id":"btn-save"},{"text":"Load game","disabled":false,"id":"btn-load"},{"text":"New game","disabled":false,"id":"btn-new"},{"text":"Clear slot","disabled":false,"id":"btn-clear"},{"text":"‹","disabled":false,"id":""},{"text":"›","disabled":true,"id":""},{"text":"Friday, August 1, 2025 19:20","disabled":false,"id":"btn-goto-schedule"},{"text":"Next","disabled":false,"id":"btn-next-day"},{"text":"Inbox","disabled":false,"id":""},{"text":"Idols","disabled":false,"id":""},{"text":"Groups","disabled":false,"id":""},{"text":"Training","disabled":false,"id":""},{"text":"Schedule","disabled":false,"id":""},{"text":"Lives","disabled":false,"id":""},{"text":"Songs","disabled":false,"id":""},{"text":"Making","disabled":false,"id":""},{"text":"Media","disabled":false,"id":""},{"text":"Scout","disabled":false,"id":""},{"text":"Finances","disabled":false,"id":""},{"text":"Mark all read","disabled":true,"id":"btn-inbox-mark-all"},{"text":"* Today's live schedule\n        2025-08-01 - Assistant","disabled":false,"id":""},{"text":"Morning training ended\n        2025-07-31 - Training","disabled":false,"id":""},{"text":"Morning training ended\n        2025-07-30 - Training","disabled":false,"id":""},{"text":"Morning training ended\n        2025-07-29 - Training","disabled":false,"id":""},{"text":"Afternoon training ended\n        2025-07-28 - Training","disabled":false,"id":""},{"text":"Morning training ended\n        2025-07-28 - Training","disabled":false,"id":""},{"text":"Weekly news roundup\n        2025-07-28 - News","disabled":false,"id":""},{"text":"Morning training ended\n        2025-07-25 - Training","disabled":false,"id":""},{"text":"Morning training ended\n        2025-07-24 - Training","disabled":false,"id":""},{"text":"Morning training ended\n        2025-07-23 - Training","disabled":false,"id":""},{"text":"Morning training ended\n        2025-07-22 - Training","disabled":false,"id":""},{"text":"Morning training ended\n        2025-07-21 - Training","disabled":false,"id":""},{"text":"Weekly news roundup\n        2025-07-21 - News","disabled":false,"id":""},{"text":"Morning training ended\n        2025-07-18 - Training","disabled":false,"id":""},{"text":"Morning training ended\n        2025-07-17 - Training","disabled":false,"id":""},{"text":"Morning training ended\n        2025-07-16 - Training","disabled":false,"id":""},{"text":"Morning training ended\n        2025-07-15 - Training","disabled":false,"id":""},{"text":"Morning training ended\n        2025-07-14 - Training","disabled":false,"id":""},{"text":"Weekly news roundup\n        2025-07-14 - News","disabled":false,"id":""}]
[sim_takane_6m] open today's live schedule at 2025-08-01
[sim_takane_6m] open today's live schedule at 2025-08-01
[sim_takane_6m] open today's live schedule at 2025-08-01
[sim_takane_6m] open today's live schedule at 2025-08-01
[sim_takane_6m] open today's live schedule at 2025-08-01
[sim_takane_6m] open today's live schedule at 2025-08-01
[sim_takane_6m] open today's live schedule at 2025-08-01
[sim_takane_6m] open today's live schedule at 2025-08-01
[sim_takane_6m] open today's live schedule at 2025-08-01
[sim_takane_6m] open today's live schedule at 2025-08-01
[sim_takane_6m] open today's live schedule at 2025-08-01
[sim_takane_6m] open today's live schedule at 2025-08-01
[sim_takane_6m] open today's live schedule at 2025-08-01
[sim_takane_6m] open today's live schedule at 2025-08-01
[sim_takane_6m] open today's live schedule at 2025-08-01
[sim_takane_6m] open today's live schedule at 2025-08-01
[sim_takane_6m] open today's live schedule at 2025-08-01
[sim_takane_6m] open today's live schedule at 2025-08-01
[sim_takane_6m] open today's live schedule at 2025-08-01
[sim_takane_6m] open today's live schedule at 2025-08-01
[sim_takane_6m] stale buttons Friday, August 1, 2025 19:20 :: [{"text":"Main menu","disabled":false,"id":"btn-main-menu"},{"text":"Save game","disabled":false,"id":"btn-save"},{"text":"Load game","disabled":false,"id":"btn-load"},{"text":"New game","disabled":false,"id":"btn-new"},{"text":"Clear slot","disabled":false,"id":"btn-clear"},{"text":"‹","disabled":false,"id":""},{"text":"›","disabled":true,"id":""},{"text":"Friday, August 1, 2025 19:20","disabled":false,"id":"btn-goto-schedule"},{"text":"Next","disabled":false,"id":"btn-next-day"},{"text":"Inbox","disabled":false,"id":""},{"text":"Idols","disabled":false,"id":""},{"text":"Groups","disabled":false,"id":""},{"text":"Training","disabled":false,"id":""},{"text":"Schedule","disabled":false,"id":""},{"text":"Lives","disabled":false,"id":""},{"text":"Songs","disabled":false,"id":""},{"text":"Making","disabled":false,"id":""},{"text":"Media","disabled":false,"id":""},{"text":"Scout","disabled":false,"id":""},{"text":"Finances","disabled":false,"id":""},{"text":"Mark all read","disabled":true,"id":"btn-inbox-mark-all"},{"text":"* Today's live schedule\n        2025-08-01 - Assistant","disabled":false,"id":""},{"text":"Morning training ended\n        2025-07-31 - Training","disabled":false,"id":""},{"text":"Morning training ended\n        2025-07-30 - Training","disabled":false,"id":""},{"text":"Morning training ended\n        2025-07-29 - Training","disabled":false,"id":""},{"text":"Afternoon training ended\n        2025-07-28 - Training","disabled":false,"id":""},{"text":"Morning training ended\n        2025-07-28 - Training","disabled":false,"id":""},{"text":"Weekly news roundup\n        2025-07-28 - News","disabled":false,"id":""},{"text":"Morning training ended\n        2025-07-25 - Training","disabled":false,"id":""},{"text":"Morning training ended\n        2025-07-24 - Training","disabled":false,"id":""},{"text":"Morning training ended\n        2025-07-23 - Training","disabled":false,"id":""},{"text":"Morning training ended\n        2025-07-22 - Training","disabled":false,"id":""},{"text":"Morning training ended\n        2025-07-21 - Training","disabled":false,"id":""},{"text":"Weekly news roundup\n        2025-07-21 - News","disabled":false,"id":""},{"text":"Morning training ended\n        2025-07-18 - Training","disabled":false,"id":""},{"text":"Morning training ended\n        2025-07-17 - Training","disabled":false,"id":""},{"text":"Morning training ended\n        2025-07-16 - Training","disabled":false,"id":""},{"text":"Morning training ended\n        2025-07-15 - Training","disabled":false,"id":""},{"text":"Morning training ended\n        2025-07-14 - Training","disabled":false,"id":""},{"text":"Weekly news roundup\n        2025-07-14 - News","disabled":false,"id":""}]
[sim_takane_6m] open today's live schedule at 2025-08-01
[sim_takane_6m] open today's live schedule at 2025-08-01
[sim_takane_6m] open today's live schedule at 2025-08-01
[sim_takane_6m] open today's live schedule at 2025-08-01
[sim_takane_6m] step=3175 iso=2025-08-01 display=Friday, August 1, 2025 19:20 stale=3124
[sim_takane_6m] open today's live schedule at 2025-08-01
[sim_takane_6m] open today's live schedule at 2025-08-01
[sim_takane_6m] open today's live schedule at 2025-08-01
[sim_takane_6m] open today's live schedule at 2025-08-01
[sim_takane_6m] open today's live schedule at 2025-08-01
[sim_takane_6m] open today's live schedule at 2025-08-01
[sim_takane_6m] open today's live schedule at 2025-08-01
[sim_takane_6m] open today's live schedule at 2025-08-01
[sim_takane_6m] open today's live schedule at 2025-08-01
[sim_takane_6m] open today's live schedule at 2025-08-01
[sim_takane_6m] open today's live schedule at 2025-08-01
[sim_takane_6m] open today's live schedule at 2025-08-01
[sim_takane_6m] open today's live schedule at 2025-08-01
[sim_takane_6m] open today's live schedule at 2025-08-01
[sim_takane_6m] open today's live schedule at 2025-08-01
[sim_takane_6m] open today's live schedule at 2025-08-01
[sim_takane_6m] stale buttons Friday, August 1, 2025 19:20 :: [{"text":"Main menu","disabled":false,"id":"btn-main-menu"},{"text":"Save game","disabled":false,"id":"btn-save"},{"text":"Load game","disabled":false,"id":"btn-load"},{"text":"New game","disabled":false,"id":"btn-new"},{"text":"Clear slot","disabled":false,"id":"btn-clear"},{"text":"‹","disabled":false,"id":""},{"text":"›","disabled":true,"id":""},{"text":"Friday, August 1, 2025 19:20","disabled":false,"id":"btn-goto-schedule"},{"text":"Next","disabled":false,"id":"btn-next-day"},{"text":"Inbox","disabled":false,"id":""},{"text":"Idols","disabled":false,"id":""},{"text":"Groups","disabled":false,"id":""},{"text":"Training","disabled":false,"id":""},{"text":"Schedule","disabled":false,"id":""},{"text":"Lives","disabled":false,"id":""},{"text":"Songs","disabled":false,"id":""},{"text":"Making","disabled":false,"id":""},{"text":"Media","disabled":false,"id":""},{"text":"Scout","disabled":false,"id":""},{"text":"Finances","disabled":false,"id":""},{"text":"Mark all read","disabled":true,"id":"btn-inbox-mark-all"},{"text":"* Today's live schedule\n        2025-08-01 - Assistant","disabled":false,"id":""},{"text":"Morning training ended\n        2025-07-31 - Training","disabled":false,"id":""},{"text":"Morning training ended\n        2025-07-30 - Training","disabled":false,"id":""},{"text":"Morning training ended\n        2025-07-29 - Training","disabled":false,"id":""},{"text":"Afternoon training ended\n        2025-07-28 - Training","disabled":false,"id":""},{"text":"Morning training ended\n        2025-07-28 - Training","disabled":false,"id":""},{"text":"Weekly news roundup\n        2025-07-28 - News","disabled":false,"id":""},{"text":"Morning training ended\n        2025-07-25 - Training","disabled":false,"id":""},{"text":"Morning training ended\n        2025-07-24 - Training","disabled":false,"id":""},{"text":"Morning training ended\n        2025-07-23 - Training","disabled":false,"id":""},{"text":"Morning training ended\n        2025-07-22 - Training","disabled":false,"id":""},{"text":"Morning training ended\n        2025-07-21 - Training","disabled":false,"id":""},{"text":"Weekly news roundup\n        2025-07-21 - News","disabled":false,"id":""},{"text":"Morning training ended\n        2025-07-18 - Training","disabled":false,"id":""},{"text":"Morning training ended\n        2025-07-17 - Training","disabled":false,"id":""},{"text":"Morning training ended\n        2025-07-16 - Training","disabled":false,"id":""},{"text":"Morning training ended\n        2025-07-15 - Training","disabled":false,"id":""},{"text":"Morning training ended\n        2025-07-14 - Training","disabled":false,"id":""},{"text":"Weekly news roundup\n        2025-07-14 - News","disabled":false,"id":""}]
[sim_takane_6m] open today's live schedule at 2025-08-01
[sim_takane_6m] open today's live schedule at 2025-08-01
[sim_takane_6m] open today's live schedule at 2025-08-01
[sim_takane_6m] open today's live schedule at 2025-08-01
[sim_takane_6m] open today's live schedule at 2025-08-01
[sim_takane_6m] open today's live schedule at 2025-08-01
[sim_takane_6m] open today's live schedule at 2025-08-01
[sim_takane_6m] open today's live schedule at 2025-08-01
[sim_takane_6m] open today's live schedule at 2025-08-01
[sim_takane_6m] step=3200 iso=2025-08-01 display=Friday, August 1, 2025 19:20 stale=3149
[sim_takane_6m] open today's live schedule at 2025-08-01
[sim_takane_6m] open today's live schedule at 2025-08-01
[sim_takane_6m] open today's live schedule at 2025-08-01
[sim_takane_6m] open today's live schedule at 2025-08-01
[sim_takane_6m] open today's live schedule at 2025-08-01
[sim_takane_6m] open today's live schedule at 2025-08-01
[sim_takane_6m] open today's live schedule at 2025-08-01
[sim_takane_6m] open today's live schedule at 2025-08-01
[sim_takane_6m] open today's live schedule at 2025-08-01
[sim_takane_6m] open today's live schedule at 2025-08-01
[sim_takane_6m] open today's live schedule at 2025-08-01
[sim_takane_6m] stale buttons Friday, August 1, 2025 19:20 :: [{"text":"Main menu","disabled":false,"id":"btn-main-menu"},{"text":"Save game","disabled":false,"id":"btn-save"},{"text":"Load game","disabled":false,"id":"btn-load"},{"text":"New game","disabled":false,"id":"btn-new"},{"text":"Clear slot","disabled":false,"id":"btn-clear"},{"text":"‹","disabled":false,"id":""},{"text":"›","disabled":true,"id":""},{"text":"Friday, August 1, 2025 19:20","disabled":false,"id":"btn-goto-schedule"},{"text":"Next","disabled":false,"id":"btn-next-day"},{"text":"Inbox","disabled":false,"id":""},{"text":"Idols","disabled":false,"id":""},{"text":"Groups","disabled":false,"id":""},{"text":"Training","disabled":false,"id":""},{"text":"Schedule","disabled":false,"id":""},{"text":"Lives","disabled":false,"id":""},{"text":"Songs","disabled":false,"id":""},{"text":"Making","disabled":false,"id":""},{"text":"Media","disabled":false,"id":""},{"text":"Scout","disabled":false,"id":""},{"text":"Finances","disabled":false,"id":""},{"text":"Mark all read","disabled":true,"id":"btn-inbox-mark-all"},{"text":"* Today's live schedule\n        2025-08-01 - Assistant","disabled":false,"id":""},{"text":"Morning training ended\n        2025-07-31 - Training","disabled":false,"id":""},{"text":"Morning training ended\n        2025-07-30 - Training","disabled":false,"id":""},{"text":"Morning training ended\n        2025-07-29 - Training","disabled":false,"id":""},{"text":"Afternoon training ended\n        2025-07-28 - Training","disabled":false,"id":""},{"text":"Morning training ended\n        2025-07-28 - Training","disabled":false,"id":""},{"text":"Weekly news roundup\n        2025-07-28 - News","disabled":false,"id":""},{"text":"Morning training ended\n        2025-07-25 - Training","disabled":false,"id":""},{"text":"Morning training ended\n        2025-07-24 - Training","disabled":false,"id":""},{"text":"Morning training ended\n        2025-07-23 - Training","disabled":false,"id":""},{"text":"Morning training ended\n        2025-07-22 - Training","disabled":false,"id":""},{"text":"Morning training ended\n        2025-07-21 - Training","disabled":false,"id":""},{"text":"Weekly news roundup\n        2025-07-21 - News","disabled":false,"id":""},{"text":"Morning training ended\n        2025-07-18 - Training","disabled":false,"id":""},{"text":"Morning training ended\n        2025-07-17 - Training","disabled":false,"id":""},{"text":"Morning training ended\n        2025-07-16 - Training","disabled":false,"id":""},{"text":"Morning training ended\n        2025-07-15 - Training","disabled":false,"id":""},{"text":"Morning training ended\n        2025-07-14 - Training","disabled":false,"id":""},{"text":"Weekly news roundup\n        2025-07-14 - News","disabled":false,"id":""}]
[sim_takane_6m] open today's live schedule at 2025-08-01
[sim_takane_6m] open today's live schedule at 2025-08-01
[sim_takane_6m] open today's live schedule at 2025-08-01
[sim_takane_6m] open today's live schedule at 2025-08-01
[sim_takane_6m] open today's live schedule at 2025-08-01
[sim_takane_6m] open today's live schedule at 2025-08-01
[sim_takane_6m] open today's live schedule at 2025-08-01
[sim_takane_6m] open today's live schedule at 2025-08-01
[sim_takane_6m] open today's live schedule at 2025-08-01
[sim_takane_6m] open today's live schedule at 2025-08-01
[sim_takane_6m] open today's live schedule at 2025-08-01
[sim_takane_6m] open today's live schedule at 2025-08-01
[sim_takane_6m] open today's live schedule at 2025-08-01
[sim_takane_6m] open today's live schedule at 2025-08-01
[sim_takane_6m] step=3225 iso=2025-08-01 display=Friday, August 1, 2025 19:20 stale=3174
[sim_takane_6m] open today's live schedule at 2025-08-01
[sim_takane_6m] open today's live schedule at 2025-08-01
[sim_takane_6m] open today's live schedule at 2025-08-01
[sim_takane_6m] open today's live schedule at 2025-08-01
[sim_takane_6m] open today's live schedule at 2025-08-01
[sim_takane_6m] open today's live schedule at 2025-08-01
[sim_takane_6m] stale buttons Friday, August 1, 2025 19:20 :: [{"text":"Main menu","disabled":false,"id":"btn-main-menu"},{"text":"Save game","disabled":false,"id":"btn-save"},{"text":"Load game","disabled":false,"id":"btn-load"},{"text":"New game","disabled":false,"id":"btn-new"},{"text":"Clear slot","disabled":false,"id":"btn-clear"},{"text":"‹","disabled":false,"id":""},{"text":"›","disabled":true,"id":""},{"text":"Friday, August 1, 2025 19:20","disabled":false,"id":"btn-goto-schedule"},{"text":"Next","disabled":false,"id":"btn-next-day"},{"text":"Inbox","disabled":false,"id":""},{"text":"Idols","disabled":false,"id":""},{"text":"Groups","disabled":false,"id":""},{"text":"Training","disabled":false,"id":""},{"text":"Schedule","disabled":false,"id":""},{"text":"Lives","disabled":false,"id":""},{"text":"Songs","disabled":false,"id":""},{"text":"Making","disabled":false,"id":""},{"text":"Media","disabled":false,"id":""},{"text":"Scout","disabled":false,"id":""},{"text":"Finances","disabled":false,"id":""},{"text":"Mark all read","disabled":true,"id":"btn-inbox-mark-all"},{"text":"* Today's live schedule\n        2025-08-01 - Assistant","disabled":false,"id":""},{"text":"Morning training ended\n        2025-07-31 - Training","disabled":false,"id":""},{"text":"Morning training ended\n        2025-07-30 - Training","disabled":false,"id":""},{"text":"Morning training ended\n        2025-07-29 - Training","disabled":false,"id":""},{"text":"Afternoon training ended\n        2025-07-28 - Training","disabled":false,"id":""},{"text":"Morning training ended\n        2025-07-28 - Training","disabled":false,"id":""},{"text":"Weekly news roundup\n        2025-07-28 - News","disabled":false,"id":""},{"text":"Morning training ended\n        2025-07-25 - Training","disabled":false,"id":""},{"text":"Morning training ended\n        2025-07-24 - Training","disabled":false,"id":""},{"text":"Morning training ended\n        2025-07-23 - Training","disabled":false,"id":""},{"text":"Morning training ended\n        2025-07-22 - Training","disabled":false,"id":""},{"text":"Morning training ended\n        2025-07-21 - Training","disabled":false,"id":""},{"text":"Weekly news roundup\n        2025-07-21 - News","disabled":false,"id":""},{"text":"Morning training ended\n        2025-07-18 - Training","disabled":false,"id":""},{"text":"Morning training ended\n        2025-07-17 - Training","disabled":false,"id":""},{"text":"Morning training ended\n        2025-07-16 - Training","disabled":false,"id":""},{"text":"Morning training ended\n        2025-07-15 - Training","disabled":false,"id":""},{"text":"Morning training ended\n        2025-07-14 - Training","disabled":false,"id":""},{"text":"Weekly news roundup\n        2025-07-14 - News","disabled":false,"id":""}]
[sim_takane_6m] open today's live schedule at 2025-08-01
[sim_takane_6m] open today's live schedule at 2025-08-01
[sim_takane_6m] open today's live schedule at 2025-08-01
[sim_takane_6m] open today's live schedule at 2025-08-01
[sim_takane_6m] open today's live schedule at 2025-08-01
[sim_takane_6m] open today's live schedule at 2025-08-01
[sim_takane_6m] open today's live schedule at 2025-08-01
[sim_takane_6m] open today's live schedule at 2025-08-01
[sim_takane_6m] open today's live schedule at 2025-08-01
[sim_takane_6m] open today's live schedule at 2025-08-01
[sim_takane_6m] open today's live schedule at 2025-08-01
[sim_takane_6m] open today's live schedule at 2025-08-01
[sim_takane_6m] open today's live schedule at 2025-08-01
[sim_takane_6m] open today's live schedule at 2025-08-01
[sim_takane_6m] open today's live schedule at 2025-08-01
[sim_takane_6m] open today's live schedule at 2025-08-01
[sim_takane_6m] open today's live schedule at 2025-08-01
[sim_takane_6m] open today's live schedule at 2025-08-01
[sim_takane_6m] open today's live schedule at 2025-08-01
[sim_takane_6m] step=3250 iso=2025-08-01 display=Friday, August 1, 2025 19:20 stale=3199
[sim_takane_6m] open today's live schedule at 2025-08-01
[sim_takane_6m] stale buttons Friday, August 1, 2025 19:20 :: [{"text":"Main menu","disabled":false,"id":"btn-main-menu"},{"text":"Save game","disabled":false,"id":"btn-save"},{"text":"Load game","disabled":false,"id":"btn-load"},{"text":"New game","disabled":false,"id":"btn-new"},{"text":"Clear slot","disabled":false,"id":"btn-clear"},{"text":"‹","disabled":false,"id":""},{"text":"›","disabled":true,"id":""},{"text":"Friday, August 1, 2025 19:20","disabled":false,"id":"btn-goto-schedule"},{"text":"Next","disabled":false,"id":"btn-next-day"},{"text":"Inbox","disabled":false,"id":""},{"text":"Idols","disabled":false,"id":""},{"text":"Groups","disabled":false,"id":""},{"text":"Training","disabled":false,"id":""},{"text":"Schedule","disabled":false,"id":""},{"text":"Lives","disabled":false,"id":""},{"text":"Songs","disabled":false,"id":""},{"text":"Making","disabled":false,"id":""},{"text":"Media","disabled":false,"id":""},{"text":"Scout","disabled":false,"id":""},{"text":"Finances","disabled":false,"id":""},{"text":"Mark all read","disabled":true,"id":"btn-inbox-mark-all"},{"text":"* Today's live schedule\n        2025-08-01 - Assistant","disabled":false,"id":""},{"text":"Morning training ended\n        2025-07-31 - Training","disabled":false,"id":""},{"text":"Morning training ended\n        2025-07-30 - Training","disabled":false,"id":""},{"text":"Morning training ended\n        2025-07-29 - Training","disabled":false,"id":""},{"text":"Afternoon training ended\n        2025-07-28 - Training","disabled":false,"id":""},{"text":"Morning training ended\n        2025-07-28 - Training","disabled":false,"id":""},{"text":"Weekly news roundup\n        2025-07-28 - News","disabled":false,"id":""},{"text":"Morning training ended\n        2025-07-25 - Training","disabled":false,"id":""},{"text":"Morning training ended\n        2025-07-24 - Training","disabled":false,"id":""},{"text":"Morning training ended\n        2025-07-23 - Training","disabled":false,"id":""},{"text":"Morning training ended\n        2025-07-22 - Training","disabled":false,"id":""},{"text":"Morning training ended\n        2025-07-21 - Training","disabled":false,"id":""},{"text":"Weekly news roundup\n        2025-07-21 - News","disabled":false,"id":""},{"text":"Morning training ended\n        2025-07-18 - Training","disabled":false,"id":""},{"text":"Morning training ended\n        2025-07-17 - Training","disabled":false,"id":""},{"text":"Morning training ended\n        2025-07-16 - Training","disabled":false,"id":""},{"text":"Morning training ended\n        2025-07-15 - Training","disabled":false,"id":""},{"text":"Morning training ended\n        2025-07-14 - Training","disabled":false,"id":""},{"text":"Weekly news roundup\n        2025-07-14 - News","disabled":false,"id":""}]
[sim_takane_6m] open today's live schedule at 2025-08-01
[sim_takane_6m] open today's live schedule at 2025-08-01
[sim_takane_6m] open today's live schedule at 2025-08-01
[sim_takane_6m] open today's live schedule at 2025-08-01
[sim_takane_6m] open today's live schedule at 2025-08-01
[sim_takane_6m] open today's live schedule at 2025-08-01
[sim_takane_6m] open today's live schedule at 2025-08-01
[sim_takane_6m] open today's live schedule at 2025-08-01
[sim_takane_6m] open today's live schedule at 2025-08-01
[sim_takane_6m] open today's live schedule at 2025-08-01
[sim_takane_6m] open today's live schedule at 2025-08-01
[sim_takane_6m] open today's live schedule at 2025-08-01
[sim_takane_6m] open today's live schedule at 2025-08-01
[sim_takane_6m] open today's live schedule at 2025-08-01
[sim_takane_6m] open today's live schedule at 2025-08-01
[sim_takane_6m] open today's live schedule at 2025-08-01
[sim_takane_6m] open today's live schedule at 2025-08-01
[sim_takane_6m] open today's live schedule at 2025-08-01
[sim_takane_6m] open today's live schedule at 2025-08-01
[sim_takane_6m] open today's live schedule at 2025-08-01
[sim_takane_6m] stale buttons Friday, August 1, 2025 19:20 :: [{"text":"Main menu","disabled":false,"id":"btn-main-menu"},{"text":"Save game","disabled":false,"id":"btn-save"},{"text":"Load game","disabled":false,"id":"btn-load"},{"text":"New game","disabled":false,"id":"btn-new"},{"text":"Clear slot","disabled":false,"id":"btn-clear"},{"text":"‹","disabled":false,"id":""},{"text":"›","disabled":true,"id":""},{"text":"Friday, August 1, 2025 19:20","disabled":false,"id":"btn-goto-schedule"},{"text":"Next","disabled":false,"id":"btn-next-day"},{"text":"Inbox","disabled":false,"id":""},{"text":"Idols","disabled":false,"id":""},{"text":"Groups","disabled":false,"id":""},{"text":"Training","disabled":false,"id":""},{"text":"Schedule","disabled":false,"id":""},{"text":"Lives","disabled":false,"id":""},{"text":"Songs","disabled":false,"id":""},{"text":"Making","disabled":false,"id":""},{"text":"Media","disabled":false,"id":""},{"text":"Scout","disabled":false,"id":""},{"text":"Finances","disabled":false,"id":""},{"text":"Mark all read","disabled":true,"id":"btn-inbox-mark-all"},{"text":"* Today's live schedule\n        2025-08-01 - Assistant","disabled":false,"id":""},{"text":"Morning training ended\n        2025-07-31 - Training","disabled":false,"id":""},{"text":"Morning training ended\n        2025-07-30 - Training","disabled":false,"id":""},{"text":"Morning training ended\n        2025-07-29 - Training","disabled":false,"id":""},{"text":"Afternoon training ended\n        2025-07-28 - Training","disabled":false,"id":""},{"text":"Morning training ended\n        2025-07-28 - Training","disabled":false,"id":""},{"text":"Weekly news roundup\n        2025-07-28 - News","disabled":false,"id":""},{"text":"Morning training ended\n        2025-07-25 - Training","disabled":false,"id":""},{"text":"Morning training ended\n        2025-07-24 - Training","disabled":false,"id":""},{"text":"Morning training ended\n        2025-07-23 - Training","disabled":false,"id":""},{"text":"Morning training ended\n        2025-07-22 - Training","disabled":false,"id":""},{"text":"Morning training ended\n        2025-07-21 - Training","disabled":false,"id":""},{"text":"Weekly news roundup\n        2025-07-21 - News","disabled":false,"id":""},{"text":"Morning training ended\n        2025-07-18 - Training","disabled":false,"id":""},{"text":"Morning training ended\n        2025-07-17 - Training","disabled":false,"id":""},{"text":"Morning training ended\n        2025-07-16 - Training","disabled":false,"id":""},{"text":"Morning training ended\n        2025-07-15 - Training","disabled":false,"id":""},{"text":"Morning training ended\n        2025-07-14 - Training","disabled":false,"id":""},{"text":"Weekly news roundup\n        2025-07-14 - News","disabled":false,"id":""}]
[sim_takane_6m] open today's live schedule at 2025-08-01
[sim_takane_6m] open today's live schedule at 2025-08-01
[sim_takane_6m] open today's live schedule at 2025-08-01
[sim_takane_6m] open today's live schedule at 2025-08-01
[sim_takane_6m] step=3275 iso=2025-08-01 display=Friday, August 1, 2025 19:20 stale=3224
[sim_takane_6m] open today's live schedule at 2025-08-01
[sim_takane_6m] open today's live schedule at 2025-08-01
[sim_takane_6m] open today's live schedule at 2025-08-01
[sim_takane_6m] open today's live schedule at 2025-08-01
[sim_takane_6m] open today's live schedule at 2025-08-01
[sim_takane_6m] open today's live schedule at 2025-08-01
[sim_takane_6m] open today's live schedule at 2025-08-01
[sim_takane_6m] open today's live schedule at 2025-08-01
[sim_takane_6m] open today's live schedule at 2025-08-01
[sim_takane_6m] open today's live schedule at 2025-08-01
[sim_takane_6m] open today's live schedule at 2025-08-01
[sim_takane_6m] open today's live schedule at 2025-08-01
[sim_takane_6m] open today's live schedule at 2025-08-01
[sim_takane_6m] open today's live schedule at 2025-08-01
[sim_takane_6m] open today's live schedule at 2025-08-01
[sim_takane_6m] open today's live schedule at 2025-08-01
[sim_takane_6m] stale buttons Friday, August 1, 2025 19:20 :: [{"text":"Main menu","disabled":false,"id":"btn-main-menu"},{"text":"Save game","disabled":false,"id":"btn-save"},{"text":"Load game","disabled":false,"id":"btn-load"},{"text":"New game","disabled":false,"id":"btn-new"},{"text":"Clear slot","disabled":false,"id":"btn-clear"},{"text":"‹","disabled":false,"id":""},{"text":"›","disabled":true,"id":""},{"text":"Friday, August 1, 2025 19:20","disabled":false,"id":"btn-goto-schedule"},{"text":"Next","disabled":false,"id":"btn-next-day"},{"text":"Inbox","disabled":false,"id":""},{"text":"Idols","disabled":false,"id":""},{"text":"Groups","disabled":false,"id":""},{"text":"Training","disabled":false,"id":""},{"text":"Schedule","disabled":false,"id":""},{"text":"Lives","disabled":false,"id":""},{"text":"Songs","disabled":false,"id":""},{"text":"Making","disabled":false,"id":""},{"text":"Media","disabled":false,"id":""},{"text":"Scout","disabled":false,"id":""},{"text":"Finances","disabled":false,"id":""},{"text":"Mark all read","disabled":true,"id":"btn-inbox-mark-all"},{"text":"* Today's live schedule\n        2025-08-01 - Assistant","disabled":false,"id":""},{"text":"Morning training ended\n        2025-07-31 - Training","disabled":false,"id":""},{"text":"Morning training ended\n        2025-07-30 - Training","disabled":false,"id":""},{"text":"Morning training ended\n        2025-07-29 - Training","disabled":false,"id":""},{"text":"Afternoon training ended\n        2025-07-28 - Training","disabled":false,"id":""},{"text":"Morning training ended\n        2025-07-28 - Training","disabled":false,"id":""},{"text":"Weekly news roundup\n        2025-07-28 - News","disabled":false,"id":""},{"text":"Morning training ended\n        2025-07-25 - Training","disabled":false,"id":""},{"text":"Morning training ended\n        2025-07-24 - Training","disabled":false,"id":""},{"text":"Morning training ended\n        2025-07-23 - Training","disabled":false,"id":""},{"text":"Morning training ended\n        2025-07-22 - Training","disabled":false,"id":""},{"text":"Morning training ended\n        2025-07-21 - Training","disabled":false,"id":""},{"text":"Weekly news roundup\n        2025-07-21 - News","disabled":false,"id":""},{"text":"Morning training ended\n        2025-07-18 - Training","disabled":false,"id":""},{"text":"Morning training ended\n        2025-07-17 - Training","disabled":false,"id":""},{"text":"Morning training ended\n        2025-07-16 - Training","disabled":false,"id":""},{"text":"Morning training ended\n        2025-07-15 - Training","disabled":false,"id":""},{"text":"Morning training ended\n        2025-07-14 - Training","disabled":false,"id":""},{"text":"Weekly news roundup\n        2025-07-14 - News","disabled":false,"id":""}]
[sim_takane_6m] open today's live schedule at 2025-08-01
[sim_takane_6m] open today's live schedule at 2025-08-01
[sim_takane_6m] open today's live schedule at 2025-08-01
[sim_takane_6m] open today's live schedule at 2025-08-01
[sim_takane_6m] open today's live schedule at 2025-08-01
[sim_takane_6m] open today's live schedule at 2025-08-01
[sim_takane_6m] open today's live schedule at 2025-08-01
[sim_takane_6m] open today's live schedule at 2025-08-01
[sim_takane_6m] open today's live schedule at 2025-08-01
[sim_takane_6m] step=3300 iso=2025-08-01 display=Friday, August 1, 2025 19:20 stale=3249
[sim_takane_6m] open today's live schedule at 2025-08-01
[sim_takane_6m] open today's live schedule at 2025-08-01
[sim_takane_6m] open today's live schedule at 2025-08-01
[sim_takane_6m] open today's live schedule at 2025-08-01
[sim_takane_6m] open today's live schedule at 2025-08-01
[sim_takane_6m] open today's live schedule at 2025-08-01
[sim_takane_6m] open today's live schedule at 2025-08-01
[sim_takane_6m] open today's live schedule at 2025-08-01
[sim_takane_6m] open today's live schedule at 2025-08-01
[sim_takane_6m] open today's live schedule at 2025-08-01
[sim_takane_6m] open today's live schedule at 2025-08-01
[sim_takane_6m] stale buttons Friday, August 1, 2025 19:20 :: [{"text":"Main menu","disabled":false,"id":"btn-main-menu"},{"text":"Save game","disabled":false,"id":"btn-save"},{"text":"Load game","disabled":false,"id":"btn-load"},{"text":"New game","disabled":false,"id":"btn-new"},{"text":"Clear slot","disabled":false,"id":"btn-clear"},{"text":"‹","disabled":false,"id":""},{"text":"›","disabled":true,"id":""},{"text":"Friday, August 1, 2025 19:20","disabled":false,"id":"btn-goto-schedule"},{"text":"Next","disabled":false,"id":"btn-next-day"},{"text":"Inbox","disabled":false,"id":""},{"text":"Idols","disabled":false,"id":""},{"text":"Groups","disabled":false,"id":""},{"text":"Training","disabled":false,"id":""},{"text":"Schedule","disabled":false,"id":""},{"text":"Lives","disabled":false,"id":""},{"text":"Songs","disabled":false,"id":""},{"text":"Making","disabled":false,"id":""},{"text":"Media","disabled":false,"id":""},{"text":"Scout","disabled":false,"id":""},{"text":"Finances","disabled":false,"id":""},{"text":"Mark all read","disabled":true,"id":"btn-inbox-mark-all"},{"text":"* Today's live schedule\n        2025-08-01 - Assistant","disabled":false,"id":""},{"text":"Morning training ended\n        2025-07-31 - Training","disabled":false,"id":""},{"text":"Morning training ended\n        2025-07-30 - Training","disabled":false,"id":""},{"text":"Morning training ended\n        2025-07-29 - Training","disabled":false,"id":""},{"text":"Afternoon training ended\n        2025-07-28 - Training","disabled":false,"id":""},{"text":"Morning training ended\n        2025-07-28 - Training","disabled":false,"id":""},{"text":"Weekly news roundup\n        2025-07-28 - News","disabled":false,"id":""},{"text":"Morning training ended\n        2025-07-25 - Training","disabled":false,"id":""},{"text":"Morning training ended\n        2025-07-24 - Training","disabled":false,"id":""},{"text":"Morning training ended\n        2025-07-23 - Training","disabled":false,"id":""},{"text":"Morning training ended\n        2025-07-22 - Training","disabled":false,"id":""},{"text":"Morning training ended\n        2025-07-21 - Training","disabled":false,"id":""},{"text":"Weekly news roundup\n        2025-07-21 - News","disabled":false,"id":""},{"text":"Morning training ended\n        2025-07-18 - Training","disabled":false,"id":""},{"text":"Morning training ended\n        2025-07-17 - Training","disabled":false,"id":""},{"text":"Morning training ended\n        2025-07-16 - Training","disabled":false,"id":""},{"text":"Morning training ended\n        2025-07-15 - Training","disabled":false,"id":""},{"text":"Morning training ended\n        2025-07-14 - Training","disabled":false,"id":""},{"text":"Weekly news roundup\n        2025-07-14 - News","disabled":false,"id":""}]
[sim_takane_6m] open today's live schedule at 2025-08-01
[sim_takane_6m] open today's live schedule at 2025-08-01
[sim_takane_6m] open today's live schedule at 2025-08-01
[sim_takane_6m] open today's live schedule at 2025-08-01
[sim_takane_6m] open today's live schedule at 2025-08-01
[sim_takane_6m] open today's live schedule at 2025-08-01
[sim_takane_6m] open today's live schedule at 2025-08-01
[sim_takane_6m] open today's live schedule at 2025-08-01
[sim_takane_6m] open today's live schedule at 2025-08-01
[sim_takane_6m] open today's live schedule at 2025-08-01
[sim_takane_6m] open today's live schedule at 2025-08-01
[sim_takane_6m] open today's live schedule at 2025-08-01
[sim_takane_6m] open today's live schedule at 2025-08-01
[sim_takane_6m] open today's live schedule at 2025-08-01
[sim_takane_6m] step=3325 iso=2025-08-01 display=Friday, August 1, 2025 19:20 stale=3274
[sim_takane_6m] open today's live schedule at 2025-08-01
[sim_takane_6m] open today's live schedule at 2025-08-01
[sim_takane_6m] open today's live schedule at 2025-08-01
[sim_takane_6m] open today's live schedule at 2025-08-01
[sim_takane_6m] open today's live schedule at 2025-08-01
[sim_takane_6m] open today's live schedule at 2025-08-01
[sim_takane_6m] stale buttons Friday, August 1, 2025 19:20 :: [{"text":"Main menu","disabled":false,"id":"btn-main-menu"},{"text":"Save game","disabled":false,"id":"btn-save"},{"text":"Load game","disabled":false,"id":"btn-load"},{"text":"New game","disabled":false,"id":"btn-new"},{"text":"Clear slot","disabled":false,"id":"btn-clear"},{"text":"‹","disabled":false,"id":""},{"text":"›","disabled":true,"id":""},{"text":"Friday, August 1, 2025 19:20","disabled":false,"id":"btn-goto-schedule"},{"text":"Next","disabled":false,"id":"btn-next-day"},{"text":"Inbox","disabled":false,"id":""},{"text":"Idols","disabled":false,"id":""},{"text":"Groups","disabled":false,"id":""},{"text":"Training","disabled":false,"id":""},{"text":"Schedule","disabled":false,"id":""},{"text":"Lives","disabled":false,"id":""},{"text":"Songs","disabled":false,"id":""},{"text":"Making","disabled":false,"id":""},{"text":"Media","disabled":false,"id":""},{"text":"Scout","disabled":false,"id":""},{"text":"Finances","disabled":false,"id":""},{"text":"Mark all read","disabled":true,"id":"btn-inbox-mark-all"},{"text":"* Today's live schedule\n        2025-08-01 - Assistant","disabled":false,"id":""},{"text":"Morning training ended\n        2025-07-31 - Training","disabled":false,"id":""},{"text":"Morning training ended\n        2025-07-30 - Training","disabled":false,"id":""},{"text":"Morning training ended\n        2025-07-29 - Training","disabled":false,"id":""},{"text":"Afternoon training ended\n        2025-07-28 - Training","disabled":false,"id":""},{"text":"Morning training ended\n        2025-07-28 - Training","disabled":false,"id":""},{"text":"Weekly news roundup\n        2025-07-28 - News","disabled":false,"id":""},{"text":"Morning training ended\n        2025-07-25 - Training","disabled":false,"id":""},{"text":"Morning training ended\n        2025-07-24 - Training","disabled":false,"id":""},{"text":"Morning training ended\n        2025-07-23 - Training","disabled":false,"id":""},{"text":"Morning training ended\n        2025-07-22 - Training","disabled":false,"id":""},{"text":"Morning training ended\n        2025-07-21 - Training","disabled":false,"id":""},{"text":"Weekly news roundup\n        2025-07-21 - News","disabled":false,"id":""},{"text":"Morning training ended\n        2025-07-18 - Training","disabled":false,"id":""},{"text":"Morning training ended\n        2025-07-17 - Training","disabled":false,"id":""},{"text":"Morning training ended\n        2025-07-16 - Training","disabled":false,"id":""},{"text":"Morning training ended\n        2025-07-15 - Training","disabled":false,"id":""},{"text":"Morning training ended\n        2025-07-14 - Training","disabled":false,"id":""},{"text":"Weekly news roundup\n        2025-07-14 - News","disabled":false,"id":""}]
[sim_takane_6m] open today's live schedule at 2025-08-01
[sim_takane_6m] open today's live schedule at 2025-08-01
[sim_takane_6m] open today's live schedule at 2025-08-01
[sim_takane_6m] open today's live schedule at 2025-08-01
[sim_takane_6m] open today's live schedule at 2025-08-01
[sim_takane_6m] open today's live schedule at 2025-08-01
[sim_takane_6m] open today's live schedule at 2025-08-01
[sim_takane_6m] open today's live schedule at 2025-08-01
[sim_takane_6m] open today's live schedule at 2025-08-01
[sim_takane_6m] open today's live schedule at 2025-08-01
[sim_takane_6m] open today's live schedule at 2025-08-01
[sim_takane_6m] open today's live schedule at 2025-08-01
[sim_takane_6m] open today's live schedule at 2025-08-01
[sim_takane_6m] open today's live schedule at 2025-08-01
[sim_takane_6m] open today's live schedule at 2025-08-01
[sim_takane_6m] open today's live schedule at 2025-08-01
[sim_takane_6m] open today's live schedule at 2025-08-01
[sim_takane_6m] open today's live schedule at 2025-08-01
[sim_takane_6m] open today's live schedule at 2025-08-01
[sim_takane_6m] step=3350 iso=2025-08-01 display=Friday, August 1, 2025 19:20 stale=3299
[sim_takane_6m] open today's live schedule at 2025-08-01
[sim_takane_6m] stale buttons Friday, August 1, 2025 19:20 :: [{"text":"Main menu","disabled":false,"id":"btn-main-menu"},{"text":"Save game","disabled":false,"id":"btn-save"},{"text":"Load game","disabled":false,"id":"btn-load"},{"text":"New game","disabled":false,"id":"btn-new"},{"text":"Clear slot","disabled":false,"id":"btn-clear"},{"text":"‹","disabled":false,"id":""},{"text":"›","disabled":true,"id":""},{"text":"Friday, August 1, 2025 19:20","disabled":false,"id":"btn-goto-schedule"},{"text":"Next","disabled":false,"id":"btn-next-day"},{"text":"Inbox","disabled":false,"id":""},{"text":"Idols","disabled":false,"id":""},{"text":"Groups","disabled":false,"id":""},{"text":"Training","disabled":false,"id":""},{"text":"Schedule","disabled":false,"id":""},{"text":"Lives","disabled":false,"id":""},{"text":"Songs","disabled":false,"id":""},{"text":"Making","disabled":false,"id":""},{"text":"Media","disabled":false,"id":""},{"text":"Scout","disabled":false,"id":""},{"text":"Finances","disabled":false,"id":""},{"text":"Mark all read","disabled":true,"id":"btn-inbox-mark-all"},{"text":"* Today's live schedule\n        2025-08-01 - Assistant","disabled":false,"id":""},{"text":"Morning training ended\n        2025-07-31 - Training","disabled":false,"id":""},{"text":"Morning training ended\n        2025-07-30 - Training","disabled":false,"id":""},{"text":"Morning training ended\n        2025-07-29 - Training","disabled":false,"id":""},{"text":"Afternoon training ended\n        2025-07-28 - Training","disabled":false,"id":""},{"text":"Morning training ended\n        2025-07-28 - Training","disabled":false,"id":""},{"text":"Weekly news roundup\n        2025-07-28 - News","disabled":false,"id":""},{"text":"Morning training ended\n        2025-07-25 - Training","disabled":false,"id":""},{"text":"Morning training ended\n        2025-07-24 - Training","disabled":false,"id":""},{"text":"Morning training ended\n        2025-07-23 - Training","disabled":false,"id":""},{"text":"Morning training ended\n        2025-07-22 - Training","disabled":false,"id":""},{"text":"Morning training ended\n        2025-07-21 - Training","disabled":false,"id":""},{"text":"Weekly news roundup\n        2025-07-21 - News","disabled":false,"id":""},{"text":"Morning training ended\n        2025-07-18 - Training","disabled":false,"id":""},{"text":"Morning training ended\n        2025-07-17 - Training","disabled":false,"id":""},{"text":"Morning training ended\n        2025-07-16 - Training","disabled":false,"id":""},{"text":"Morning training ended\n        2025-07-15 - Training","disabled":false,"id":""},{"text":"Morning training ended\n        2025-07-14 - Training","disabled":false,"id":""},{"text":"Weekly news roundup\n        2025-07-14 - News","disabled":false,"id":""}]
[sim_takane_6m] open today's live schedule at 2025-08-01
[sim_takane_6m] open today's live schedule at 2025-08-01
[sim_takane_6m] open today's live schedule at 2025-08-01
[sim_takane_6m] open today's live schedule at 2025-08-01
[sim_takane_6m] open today's live schedule at 2025-08-01
[sim_takane_6m] open today's live schedule at 2025-08-01
[sim_takane_6m] open today's live schedule at 2025-08-01
[sim_takane_6m] open today's live schedule at 2025-08-01
[sim_takane_6m] open today's live schedule at 2025-08-01
[sim_takane_6m] open today's live schedule at 2025-08-01
[sim_takane_6m] open today's live schedule at 2025-08-01
[sim_takane_6m] open today's live schedule at 2025-08-01
[sim_takane_6m] open today's live schedule at 2025-08-01
[sim_takane_6m] open today's live schedule at 2025-08-01
[sim_takane_6m] open today's live schedule at 2025-08-01
[sim_takane_6m] open today's live schedule at 2025-08-01
[sim_takane_6m] open today's live schedule at 2025-08-01
[sim_takane_6m] open today's live schedule at 2025-08-01
[sim_takane_6m] open today's live schedule at 2025-08-01
[sim_takane_6m] open today's live schedule at 2025-08-01
[sim_takane_6m] stale buttons Friday, August 1, 2025 19:20 :: [{"text":"Main menu","disabled":false,"id":"btn-main-menu"},{"text":"Save game","disabled":false,"id":"btn-save"},{"text":"Load game","disabled":false,"id":"btn-load"},{"text":"New game","disabled":false,"id":"btn-new"},{"text":"Clear slot","disabled":false,"id":"btn-clear"},{"text":"‹","disabled":false,"id":""},{"text":"›","disabled":true,"id":""},{"text":"Friday, August 1, 2025 19:20","disabled":false,"id":"btn-goto-schedule"},{"text":"Next","disabled":false,"id":"btn-next-day"},{"text":"Inbox","disabled":false,"id":""},{"text":"Idols","disabled":false,"id":""},{"text":"Groups","disabled":false,"id":""},{"text":"Training","disabled":false,"id":""},{"text":"Schedule","disabled":false,"id":""},{"text":"Lives","disabled":false,"id":""},{"text":"Songs","disabled":false,"id":""},{"text":"Making","disabled":false,"id":""},{"text":"Media","disabled":false,"id":""},{"text":"Scout","disabled":false,"id":""},{"text":"Finances","disabled":false,"id":""},{"text":"Mark all read","disabled":true,"id":"btn-inbox-mark-all"},{"text":"* Today's live schedule\n        2025-08-01 - Assistant","disabled":false,"id":""},{"text":"Morning training ended\n        2025-07-31 - Training","disabled":false,"id":""},{"text":"Morning training ended\n        2025-07-30 - Training","disabled":false,"id":""},{"text":"Morning training ended\n        2025-07-29 - Training","disabled":false,"id":""},{"text":"Afternoon training ended\n        2025-07-28 - Training","disabled":false,"id":""},{"text":"Morning training ended\n        2025-07-28 - Training","disabled":false,"id":""},{"text":"Weekly news roundup\n        2025-07-28 - News","disabled":false,"id":""},{"text":"Morning training ended\n        2025-07-25 - Training","disabled":false,"id":""},{"text":"Morning training ended\n        2025-07-24 - Training","disabled":false,"id":""},{"text":"Morning training ended\n        2025-07-23 - Training","disabled":false,"id":""},{"text":"Morning training ended\n        2025-07-22 - Training","disabled":false,"id":""},{"text":"Morning training ended\n        2025-07-21 - Training","disabled":false,"id":""},{"text":"Weekly news roundup\n        2025-07-21 - News","disabled":false,"id":""},{"text":"Morning training ended\n        2025-07-18 - Training","disabled":false,"id":""},{"text":"Morning training ended\n        2025-07-17 - Training","disabled":false,"id":""},{"text":"Morning training ended\n        2025-07-16 - Training","disabled":false,"id":""},{"text":"Morning training ended\n        2025-07-15 - Training","disabled":false,"id":""},{"text":"Morning training ended\n        2025-07-14 - Training","disabled":false,"id":""},{"text":"Weekly news roundup\n        2025-07-14 - News","disabled":false,"id":""}]
[sim_takane_6m] open today's live schedule at 2025-08-01
[sim_takane_6m] open today's live schedule at 2025-08-01
[sim_takane_6m] open today's live schedule at 2025-08-01
[sim_takane_6m] open today's live schedule at 2025-08-01
[sim_takane_6m] step=3375 iso=2025-08-01 display=Friday, August 1, 2025 19:20 stale=3324
[sim_takane_6m] open today's live schedule at 2025-08-01
[sim_takane_6m] open today's live schedule at 2025-08-01
[sim_takane_6m] open today's live schedule at 2025-08-01
[sim_takane_6m] open today's live schedule at 2025-08-01
[sim_takane_6m] open today's live schedule at 2025-08-01
[sim_takane_6m] open today's live schedule at 2025-08-01
[sim_takane_6m] open today's live schedule at 2025-08-01
[sim_takane_6m] open today's live schedule at 2025-08-01
[sim_takane_6m] open today's live schedule at 2025-08-01
[sim_takane_6m] open today's live schedule at 2025-08-01
[sim_takane_6m] open today's live schedule at 2025-08-01
[sim_takane_6m] open today's live schedule at 2025-08-01
[sim_takane_6m] open today's live schedule at 2025-08-01
[sim_takane_6m] open today's live schedule at 2025-08-01
[sim_takane_6m] open today's live schedule at 2025-08-01
[sim_takane_6m] open today's live schedule at 2025-08-01
[sim_takane_6m] stale buttons Friday, August 1, 2025 19:20 :: [{"text":"Main menu","disabled":false,"id":"btn-main-menu"},{"text":"Save game","disabled":false,"id":"btn-save"},{"text":"Load game","disabled":false,"id":"btn-load"},{"text":"New game","disabled":false,"id":"btn-new"},{"text":"Clear slot","disabled":false,"id":"btn-clear"},{"text":"‹","disabled":false,"id":""},{"text":"›","disabled":true,"id":""},{"text":"Friday, August 1, 2025 19:20","disabled":false,"id":"btn-goto-schedule"},{"text":"Next","disabled":false,"id":"btn-next-day"},{"text":"Inbox","disabled":false,"id":""},{"text":"Idols","disabled":false,"id":""},{"text":"Groups","disabled":false,"id":""},{"text":"Training","disabled":false,"id":""},{"text":"Schedule","disabled":false,"id":""},{"text":"Lives","disabled":false,"id":""},{"text":"Songs","disabled":false,"id":""},{"text":"Making","disabled":false,"id":""},{"text":"Media","disabled":false,"id":""},{"text":"Scout","disabled":false,"id":""},{"text":"Finances","disabled":false,"id":""},{"text":"Mark all read","disabled":true,"id":"btn-inbox-mark-all"},{"text":"* Today's live schedule\n        2025-08-01 - Assistant","disabled":false,"id":""},{"text":"Morning training ended\n        2025-07-31 - Training","disabled":false,"id":""},{"text":"Morning training ended\n        2025-07-30 - Training","disabled":false,"id":""},{"text":"Morning training ended\n        2025-07-29 - Training","disabled":false,"id":""},{"text":"Afternoon training ended\n        2025-07-28 - Training","disabled":false,"id":""},{"text":"Morning training ended\n        2025-07-28 - Training","disabled":false,"id":""},{"text":"Weekly news roundup\n        2025-07-28 - News","disabled":false,"id":""},{"text":"Morning training ended\n        2025-07-25 - Training","disabled":false,"id":""},{"text":"Morning training ended\n        2025-07-24 - Training","disabled":false,"id":""},{"text":"Morning training ended\n        2025-07-23 - Training","disabled":false,"id":""},{"text":"Morning training ended\n        2025-07-22 - Training","disabled":false,"id":""},{"text":"Morning training ended\n        2025-07-21 - Training","disabled":false,"id":""},{"text":"Weekly news roundup\n        2025-07-21 - News","disabled":false,"id":""},{"text":"Morning training ended\n        2025-07-18 - Training","disabled":false,"id":""},{"text":"Morning training ended\n        2025-07-17 - Training","disabled":false,"id":""},{"text":"Morning training ended\n        2025-07-16 - Training","disabled":false,"id":""},{"text":"Morning training ended\n        2025-07-15 - Training","disabled":false,"id":""},{"text":"Morning training ended\n        2025-07-14 - Training","disabled":false,"id":""},{"text":"Weekly news roundup\n        2025-07-14 - News","disabled":false,"id":""}]
[sim_takane_6m] open today's live schedule at 2025-08-01
[sim_takane_6m] open today's live schedule at 2025-08-01
[sim_takane_6m] open today's live schedule at 2025-08-01
[sim_takane_6m] open today's live schedule at 2025-08-01
[sim_takane_6m] open today's live schedule at 2025-08-01
[sim_takane_6m] open today's live schedule at 2025-08-01
[sim_takane_6m] open today's live schedule at 2025-08-01
[sim_takane_6m] open today's live schedule at 2025-08-01
[sim_takane_6m] open today's live schedule at 2025-08-01
[sim_takane_6m] step=3400 iso=2025-08-01 display=Friday, August 1, 2025 19:20 stale=3349
[sim_takane_6m] open today's live schedule at 2025-08-01
[sim_takane_6m] open today's live schedule at 2025-08-01
[sim_takane_6m] open today's live schedule at 2025-08-01
[sim_takane_6m] open today's live schedule at 2025-08-01
[sim_takane_6m] open today's live schedule at 2025-08-01
[sim_takane_6m] open today's live schedule at 2025-08-01
[sim_takane_6m] open today's live schedule at 2025-08-01
[sim_takane_6m] open today's live schedule at 2025-08-01
[sim_takane_6m] open today's live schedule at 2025-08-01
[sim_takane_6m] open today's live schedule at 2025-08-01
[sim_takane_6m] open today's live schedule at 2025-08-01
[sim_takane_6m] stale buttons Friday, August 1, 2025 19:20 :: [{"text":"Main menu","disabled":false,"id":"btn-main-menu"},{"text":"Save game","disabled":false,"id":"btn-save"},{"text":"Load game","disabled":false,"id":"btn-load"},{"text":"New game","disabled":false,"id":"btn-new"},{"text":"Clear slot","disabled":false,"id":"btn-clear"},{"text":"‹","disabled":false,"id":""},{"text":"›","disabled":true,"id":""},{"text":"Friday, August 1, 2025 19:20","disabled":false,"id":"btn-goto-schedule"},{"text":"Next","disabled":false,"id":"btn-next-day"},{"text":"Inbox","disabled":false,"id":""},{"text":"Idols","disabled":false,"id":""},{"text":"Groups","disabled":false,"id":""},{"text":"Training","disabled":false,"id":""},{"text":"Schedule","disabled":false,"id":""},{"text":"Lives","disabled":false,"id":""},{"text":"Songs","disabled":false,"id":""},{"text":"Making","disabled":false,"id":""},{"text":"Media","disabled":false,"id":""},{"text":"Scout","disabled":false,"id":""},{"text":"Finances","disabled":false,"id":""},{"text":"Mark all read","disabled":true,"id":"btn-inbox-mark-all"},{"text":"* Today's live schedule\n        2025-08-01 - Assistant","disabled":false,"id":""},{"text":"Morning training ended\n        2025-07-31 - Training","disabled":false,"id":""},{"text":"Morning training ended\n        2025-07-30 - Training","disabled":false,"id":""},{"text":"Morning training ended\n        2025-07-29 - Training","disabled":false,"id":""},{"text":"Afternoon training ended\n        2025-07-28 - Training","disabled":false,"id":""},{"text":"Morning training ended\n        2025-07-28 - Training","disabled":false,"id":""},{"text":"Weekly news roundup\n        2025-07-28 - News","disabled":false,"id":""},{"text":"Morning training ended\n        2025-07-25 - Training","disabled":false,"id":""},{"text":"Morning training ended\n        2025-07-24 - Training","disabled":false,"id":""},{"text":"Morning training ended\n        2025-07-23 - Training","disabled":false,"id":""},{"text":"Morning training ended\n        2025-07-22 - Training","disabled":false,"id":""},{"text":"Morning training ended\n        2025-07-21 - Training","disabled":false,"id":""},{"text":"Weekly news roundup\n        2025-07-21 - News","disabled":false,"id":""},{"text":"Morning training ended\n        2025-07-18 - Training","disabled":false,"id":""},{"text":"Morning training ended\n        2025-07-17 - Training","disabled":false,"id":""},{"text":"Morning training ended\n        2025-07-16 - Training","disabled":false,"id":""},{"text":"Morning training ended\n        2025-07-15 - Training","disabled":false,"id":""},{"text":"Morning training ended\n        2025-07-14 - Training","disabled":false,"id":""},{"text":"Weekly news roundup\n        2025-07-14 - News","disabled":false,"id":""}]
[sim_takane_6m] open today's live schedule at 2025-08-01
[sim_takane_6m] open today's live schedule at 2025-08-01
[sim_takane_6m] open today's live schedule at 2025-08-01
[sim_takane_6m] open today's live schedule at 2025-08-01
[sim_takane_6m] open today's live schedule at 2025-08-01
[sim_takane_6m] open today's live schedule at 2025-08-01
[sim_takane_6m] open today's live schedule at 2025-08-01
[sim_takane_6m] open today's live schedule at 2025-08-01
[sim_takane_6m] open today's live schedule at 2025-08-01
[sim_takane_6m] open today's live schedule at 2025-08-01
[sim_takane_6m] open today's live schedule at 2025-08-01
[sim_takane_6m] open today's live schedule at 2025-08-01
[sim_takane_6m] open today's live schedule at 2025-08-01
[sim_takane_6m] open today's live schedule at 2025-08-01
[sim_takane_6m] step=3425 iso=2025-08-01 display=Friday, August 1, 2025 19:20 stale=3374
[sim_takane_6m] open today's live schedule at 2025-08-01
[sim_takane_6m] open today's live schedule at 2025-08-01
[sim_takane_6m] open today's live schedule at 2025-08-01
[sim_takane_6m] open today's live schedule at 2025-08-01
[sim_takane_6m] open today's live schedule at 2025-08-01
[sim_takane_6m] open today's live schedule at 2025-08-01
[sim_takane_6m] stale buttons Friday, August 1, 2025 19:20 :: [{"text":"Main menu","disabled":false,"id":"btn-main-menu"},{"text":"Save game","disabled":false,"id":"btn-save"},{"text":"Load game","disabled":false,"id":"btn-load"},{"text":"New game","disabled":false,"id":"btn-new"},{"text":"Clear slot","disabled":false,"id":"btn-clear"},{"text":"‹","disabled":false,"id":""},{"text":"›","disabled":true,"id":""},{"text":"Friday, August 1, 2025 19:20","disabled":false,"id":"btn-goto-schedule"},{"text":"Next","disabled":false,"id":"btn-next-day"},{"text":"Inbox","disabled":false,"id":""},{"text":"Idols","disabled":false,"id":""},{"text":"Groups","disabled":false,"id":""},{"text":"Training","disabled":false,"id":""},{"text":"Schedule","disabled":false,"id":""},{"text":"Lives","disabled":false,"id":""},{"text":"Songs","disabled":false,"id":""},{"text":"Making","disabled":false,"id":""},{"text":"Media","disabled":false,"id":""},{"text":"Scout","disabled":false,"id":""},{"text":"Finances","disabled":false,"id":""},{"text":"Mark all read","disabled":true,"id":"btn-inbox-mark-all"},{"text":"* Today's live schedule\n        2025-08-01 - Assistant","disabled":false,"id":""},{"text":"Morning training ended\n        2025-07-31 - Training","disabled":false,"id":""},{"text":"Morning training ended\n        2025-07-30 - Training","disabled":false,"id":""},{"text":"Morning training ended\n        2025-07-29 - Training","disabled":false,"id":""},{"text":"Afternoon training ended\n        2025-07-28 - Training","disabled":false,"id":""},{"text":"Morning training ended\n        2025-07-28 - Training","disabled":false,"id":""},{"text":"Weekly news roundup\n        2025-07-28 - News","disabled":false,"id":""},{"text":"Morning training ended\n        2025-07-25 - Training","disabled":false,"id":""},{"text":"Morning training ended\n        2025-07-24 - Training","disabled":false,"id":""},{"text":"Morning training ended\n        2025-07-23 - Training","disabled":false,"id":""},{"text":"Morning training ended\n        2025-07-22 - Training","disabled":false,"id":""},{"text":"Morning training ended\n        2025-07-21 - Training","disabled":false,"id":""},{"text":"Weekly news roundup\n        2025-07-21 - News","disabled":false,"id":""},{"text":"Morning training ended\n        2025-07-18 - Training","disabled":false,"id":""},{"text":"Morning training ended\n        2025-07-17 - Training","disabled":false,"id":""},{"text":"Morning training ended\n        2025-07-16 - Training","disabled":false,"id":""},{"text":"Morning training ended\n        2025-07-15 - Training","disabled":false,"id":""},{"text":"Morning training ended\n        2025-07-14 - Training","disabled":false,"id":""},{"text":"Weekly news roundup\n        2025-07-14 - News","disabled":false,"id":""}]
[sim_takane_6m] open today's live schedule at 2025-08-01
[sim_takane_6m] open today's live schedule at 2025-08-01
[sim_takane_6m] open today's live schedule at 2025-08-01
[sim_takane_6m] open today's live schedule at 2025-08-01
[sim_takane_6m] open today's live schedule at 2025-08-01
[sim_takane_6m] open today's live schedule at 2025-08-01
[sim_takane_6m] open today's live schedule at 2025-08-01
[sim_takane_6m] open today's live schedule at 2025-08-01
[sim_takane_6m] open today's live schedule at 2025-08-01
[sim_takane_6m] open today's live schedule at 2025-08-01
[sim_takane_6m] open today's live schedule at 2025-08-01
[sim_takane_6m] open today's live schedule at 2025-08-01
[sim_takane_6m] open today's live schedule at 2025-08-01
[sim_takane_6m] open today's live schedule at 2025-08-01
[sim_takane_6m] open today's live schedule at 2025-08-01
[sim_takane_6m] open today's live schedule at 2025-08-01
[sim_takane_6m] open today's live schedule at 2025-08-01
[sim_takane_6m] open today's live schedule at 2025-08-01
[sim_takane_6m] open today's live schedule at 2025-08-01
[sim_takane_6m] step=3450 iso=2025-08-01 display=Friday, August 1, 2025 19:20 stale=3399
[sim_takane_6m] open today's live schedule at 2025-08-01
[sim_takane_6m] stale buttons Friday, August 1, 2025 19:20 :: [{"text":"Main menu","disabled":false,"id":"btn-main-menu"},{"text":"Save game","disabled":false,"id":"btn-save"},{"text":"Load game","disabled":false,"id":"btn-load"},{"text":"New game","disabled":false,"id":"btn-new"},{"text":"Clear slot","disabled":false,"id":"btn-clear"},{"text":"‹","disabled":false,"id":""},{"text":"›","disabled":true,"id":""},{"text":"Friday, August 1, 2025 19:20","disabled":false,"id":"btn-goto-schedule"},{"text":"Next","disabled":false,"id":"btn-next-day"},{"text":"Inbox","disabled":false,"id":""},{"text":"Idols","disabled":false,"id":""},{"text":"Groups","disabled":false,"id":""},{"text":"Training","disabled":false,"id":""},{"text":"Schedule","disabled":false,"id":""},{"text":"Lives","disabled":false,"id":""},{"text":"Songs","disabled":false,"id":""},{"text":"Making","disabled":false,"id":""},{"text":"Media","disabled":false,"id":""},{"text":"Scout","disabled":false,"id":""},{"text":"Finances","disabled":false,"id":""},{"text":"Mark all read","disabled":true,"id":"btn-inbox-mark-all"},{"text":"* Today's live schedule\n        2025-08-01 - Assistant","disabled":false,"id":""},{"text":"Morning training ended\n        2025-07-31 - Training","disabled":false,"id":""},{"text":"Morning training ended\n        2025-07-30 - Training","disabled":false,"id":""},{"text":"Morning training ended\n        2025-07-29 - Training","disabled":false,"id":""},{"text":"Afternoon training ended\n        2025-07-28 - Training","disabled":false,"id":""},{"text":"Morning training ended\n        2025-07-28 - Training","disabled":false,"id":""},{"text":"Weekly news roundup\n        2025-07-28 - News","disabled":false,"id":""},{"text":"Morning training ended\n        2025-07-25 - Training","disabled":false,"id":""},{"text":"Morning training ended\n        2025-07-24 - Training","disabled":false,"id":""},{"text":"Morning training ended\n        2025-07-23 - Training","disabled":false,"id":""},{"text":"Morning training ended\n        2025-07-22 - Training","disabled":false,"id":""},{"text":"Morning training ended\n        2025-07-21 - Training","disabled":false,"id":""},{"text":"Weekly news roundup\n        2025-07-21 - News","disabled":false,"id":""},{"text":"Morning training ended\n        2025-07-18 - Training","disabled":false,"id":""},{"text":"Morning training ended\n        2025-07-17 - Training","disabled":false,"id":""},{"text":"Morning training ended\n        2025-07-16 - Training","disabled":false,"id":""},{"text":"Morning training ended\n        2025-07-15 - Training","disabled":false,"id":""},{"text":"Morning training ended\n        2025-07-14 - Training","disabled":false,"id":""},{"text":"Weekly news roundup\n        2025-07-14 - News","disabled":false,"id":""}]
[sim_takane_6m] open today's live schedule at 2025-08-01
[sim_takane_6m] open today's live schedule at 2025-08-01
[sim_takane_6m] open today's live schedule at 2025-08-01
[sim_takane_6m] open today's live schedule at 2025-08-01
[sim_takane_6m] open today's live schedule at 2025-08-01
[sim_takane_6m] open today's live schedule at 2025-08-01
[sim_takane_6m] open today's live schedule at 2025-08-01
[sim_takane_6m] open today's live schedule at 2025-08-01
[sim_takane_6m] open today's live schedule at 2025-08-01
[sim_takane_6m] open today's live schedule at 2025-08-01
[sim_takane_6m] open today's live schedule at 2025-08-01
[sim_takane_6m] open today's live schedule at 2025-08-01
[sim_takane_6m] open today's live schedule at 2025-08-01
[sim_takane_6m] open today's live schedule at 2025-08-01
[sim_takane_6m] open today's live schedule at 2025-08-01
[sim_takane_6m] open today's live schedule at 2025-08-01
[sim_takane_6m] open today's live schedule at 2025-08-01
[sim_takane_6m] open today's live schedule at 2025-08-01
[sim_takane_6m] open today's live schedule at 2025-08-01
[sim_takane_6m] open today's live schedule at 2025-08-01
[sim_takane_6m] stale buttons Friday, August 1, 2025 19:20 :: [{"text":"Main menu","disabled":false,"id":"btn-main-menu"},{"text":"Save game","disabled":false,"id":"btn-save"},{"text":"Load game","disabled":false,"id":"btn-load"},{"text":"New game","disabled":false,"id":"btn-new"},{"text":"Clear slot","disabled":false,"id":"btn-clear"},{"text":"‹","disabled":false,"id":""},{"text":"›","disabled":true,"id":""},{"text":"Friday, August 1, 2025 19:20","disabled":false,"id":"btn-goto-schedule"},{"text":"Next","disabled":false,"id":"btn-next-day"},{"text":"Inbox","disabled":false,"id":""},{"text":"Idols","disabled":false,"id":""},{"text":"Groups","disabled":false,"id":""},{"text":"Training","disabled":false,"id":""},{"text":"Schedule","disabled":false,"id":""},{"text":"Lives","disabled":false,"id":""},{"text":"Songs","disabled":false,"id":""},{"text":"Making","disabled":false,"id":""},{"text":"Media","disabled":false,"id":""},{"text":"Scout","disabled":false,"id":""},{"text":"Finances","disabled":false,"id":""},{"text":"Mark all read","disabled":true,"id":"btn-inbox-mark-all"},{"text":"* Today's live schedule\n        2025-08-01 - Assistant","disabled":false,"id":""},{"text":"Morning training ended\n        2025-07-31 - Training","disabled":false,"id":""},{"text":"Morning training ended\n        2025-07-30 - Training","disabled":false,"id":""},{"text":"Morning training ended\n        2025-07-29 - Training","disabled":false,"id":""},{"text":"Afternoon training ended\n        2025-07-28 - Training","disabled":false,"id":""},{"text":"Morning training ended\n        2025-07-28 - Training","disabled":false,"id":""},{"text":"Weekly news roundup\n        2025-07-28 - News","disabled":false,"id":""},{"text":"Morning training ended\n        2025-07-25 - Training","disabled":false,"id":""},{"text":"Morning training ended\n        2025-07-24 - Training","disabled":false,"id":""},{"text":"Morning training ended\n        2025-07-23 - Training","disabled":false,"id":""},{"text":"Morning training ended\n        2025-07-22 - Training","disabled":false,"id":""},{"text":"Morning training ended\n        2025-07-21 - Training","disabled":false,"id":""},{"text":"Weekly news roundup\n        2025-07-21 - News","disabled":false,"id":""},{"text":"Morning training ended\n        2025-07-18 - Training","disabled":false,"id":""},{"text":"Morning training ended\n        2025-07-17 - Training","disabled":false,"id":""},{"text":"Morning training ended\n        2025-07-16 - Training","disabled":false,"id":""},{"text":"Morning training ended\n        2025-07-15 - Training","disabled":false,"id":""},{"text":"Morning training ended\n        2025-07-14 - Training","disabled":false,"id":""},{"text":"Weekly news roundup\n        2025-07-14 - News","disabled":false,"id":""}]
[sim_takane_6m] open today's live schedule at 2025-08-01
[sim_takane_6m] open today's live schedule at 2025-08-01
[sim_takane_6m] open today's live schedule at 2025-08-01
[sim_takane_6m] open today's live schedule at 2025-08-01
[sim_takane_6m] step=3475 iso=2025-08-01 display=Friday, August 1, 2025 19:20 stale=3424
[sim_takane_6m] open today's live schedule at 2025-08-01
[sim_takane_6m] open today's live schedule at 2025-08-01
[sim_takane_6m] open today's live schedule at 2025-08-01
[sim_takane_6m] open today's live schedule at 2025-08-01
[sim_takane_6m] open today's live schedule at 2025-08-01
[sim_takane_6m] open today's live schedule at 2025-08-01
[sim_takane_6m] open today's live schedule at 2025-08-01
[sim_takane_6m] open today's live schedule at 2025-08-01
[sim_takane_6m] open today's live schedule at 2025-08-01
[sim_takane_6m] open today's live schedule at 2025-08-01
[sim_takane_6m] open today's live schedule at 2025-08-01
[sim_takane_6m] open today's live schedule at 2025-08-01
[sim_takane_6m] open today's live schedule at 2025-08-01
[sim_takane_6m] open today's live schedule at 2025-08-01
[sim_takane_6m] open today's live schedule at 2025-08-01
[sim_takane_6m] open today's live schedule at 2025-08-01
[sim_takane_6m] stale buttons Friday, August 1, 2025 19:20 :: [{"text":"Main menu","disabled":false,"id":"btn-main-menu"},{"text":"Save game","disabled":false,"id":"btn-save"},{"text":"Load game","disabled":false,"id":"btn-load"},{"text":"New game","disabled":false,"id":"btn-new"},{"text":"Clear slot","disabled":false,"id":"btn-clear"},{"text":"‹","disabled":false,"id":""},{"text":"›","disabled":true,"id":""},{"text":"Friday, August 1, 2025 19:20","disabled":false,"id":"btn-goto-schedule"},{"text":"Next","disabled":false,"id":"btn-next-day"},{"text":"Inbox","disabled":false,"id":""},{"text":"Idols","disabled":false,"id":""},{"text":"Groups","disabled":false,"id":""},{"text":"Training","disabled":false,"id":""},{"text":"Schedule","disabled":false,"id":""},{"text":"Lives","disabled":false,"id":""},{"text":"Songs","disabled":false,"id":""},{"text":"Making","disabled":false,"id":""},{"text":"Media","disabled":false,"id":""},{"text":"Scout","disabled":false,"id":""},{"text":"Finances","disabled":false,"id":""},{"text":"Mark all read","disabled":true,"id":"btn-inbox-mark-all"},{"text":"* Today's live schedule\n        2025-08-01 - Assistant","disabled":false,"id":""},{"text":"Morning training ended\n        2025-07-31 - Training","disabled":false,"id":""},{"text":"Morning training ended\n        2025-07-30 - Training","disabled":false,"id":""},{"text":"Morning training ended\n        2025-07-29 - Training","disabled":false,"id":""},{"text":"Afternoon training ended\n        2025-07-28 - Training","disabled":false,"id":""},{"text":"Morning training ended\n        2025-07-28 - Training","disabled":false,"id":""},{"text":"Weekly news roundup\n        2025-07-28 - News","disabled":false,"id":""},{"text":"Morning training ended\n        2025-07-25 - Training","disabled":false,"id":""},{"text":"Morning training ended\n        2025-07-24 - Training","disabled":false,"id":""},{"text":"Morning training ended\n        2025-07-23 - Training","disabled":false,"id":""},{"text":"Morning training ended\n        2025-07-22 - Training","disabled":false,"id":""},{"text":"Morning training ended\n        2025-07-21 - Training","disabled":false,"id":""},{"text":"Weekly news roundup\n        2025-07-21 - News","disabled":false,"id":""},{"text":"Morning training ended\n        2025-07-18 - Training","disabled":false,"id":""},{"text":"Morning training ended\n        2025-07-17 - Training","disabled":false,"id":""},{"text":"Morning training ended\n        2025-07-16 - Training","disabled":false,"id":""},{"text":"Morning training ended\n        2025-07-15 - Training","disabled":false,"id":""},{"text":"Morning training ended\n        2025-07-14 - Training","disabled":false,"id":""},{"text":"Weekly news roundup\n        2025-07-14 - News","disabled":false,"id":""}]
[sim_takane_6m] open today's live schedule at 2025-08-01
[sim_takane_6m] open today's live schedule at 2025-08-01
[sim_takane_6m] open today's live schedule at 2025-08-01
[sim_takane_6m] open today's live schedule at 2025-08-01
[sim_takane_6m] open today's live schedule at 2025-08-01
[sim_takane_6m] open today's live schedule at 2025-08-01
[sim_takane_6m] open today's live schedule at 2025-08-01
[sim_takane_6m] open today's live schedule at 2025-08-01
[sim_takane_6m] open today's live schedule at 2025-08-01
[sim_takane_6m] step=3500 iso=2025-08-01 display=Friday, August 1, 2025 19:20 stale=3449
[sim_takane_6m] open today's live schedule at 2025-08-01
[sim_takane_6m] open today's live schedule at 2025-08-01
[sim_takane_6m] open today's live schedule at 2025-08-01
[sim_takane_6m] open today's live schedule at 2025-08-01
[sim_takane_6m] open today's live schedule at 2025-08-01
[sim_takane_6m] open today's live schedule at 2025-08-01
[sim_takane_6m] open today's live schedule at 2025-08-01
[sim_takane_6m] open today's live schedule at 2025-08-01
[sim_takane_6m] open today's live schedule at 2025-08-01
[sim_takane_6m] open today's live schedule at 2025-08-01
[sim_takane_6m] open today's live schedule at 2025-08-01
[sim_takane_6m] stale buttons Friday, August 1, 2025 19:20 :: [{"text":"Main menu","disabled":false,"id":"btn-main-menu"},{"text":"Save game","disabled":false,"id":"btn-save"},{"text":"Load game","disabled":false,"id":"btn-load"},{"text":"New game","disabled":false,"id":"btn-new"},{"text":"Clear slot","disabled":false,"id":"btn-clear"},{"text":"‹","disabled":false,"id":""},{"text":"›","disabled":true,"id":""},{"text":"Friday, August 1, 2025 19:20","disabled":false,"id":"btn-goto-schedule"},{"text":"Next","disabled":false,"id":"btn-next-day"},{"text":"Inbox","disabled":false,"id":""},{"text":"Idols","disabled":false,"id":""},{"text":"Groups","disabled":false,"id":""},{"text":"Training","disabled":false,"id":""},{"text":"Schedule","disabled":false,"id":""},{"text":"Lives","disabled":false,"id":""},{"text":"Songs","disabled":false,"id":""},{"text":"Making","disabled":false,"id":""},{"text":"Media","disabled":false,"id":""},{"text":"Scout","disabled":false,"id":""},{"text":"Finances","disabled":false,"id":""},{"text":"Mark all read","disabled":true,"id":"btn-inbox-mark-all"},{"text":"* Today's live schedule\n        2025-08-01 - Assistant","disabled":false,"id":""},{"text":"Morning training ended\n        2025-07-31 - Training","disabled":false,"id":""},{"text":"Morning training ended\n        2025-07-30 - Training","disabled":false,"id":""},{"text":"Morning training ended\n        2025-07-29 - Training","disabled":false,"id":""},{"text":"Afternoon training ended\n        2025-07-28 - Training","disabled":false,"id":""},{"text":"Morning training ended\n        2025-07-28 - Training","disabled":false,"id":""},{"text":"Weekly news roundup\n        2025-07-28 - News","disabled":false,"id":""},{"text":"Morning training ended\n        2025-07-25 - Training","disabled":false,"id":""},{"text":"Morning training ended\n        2025-07-24 - Training","disabled":false,"id":""},{"text":"Morning training ended\n        2025-07-23 - Training","disabled":false,"id":""},{"text":"Morning training ended\n        2025-07-22 - Training","disabled":false,"id":""},{"text":"Morning training ended\n        2025-07-21 - Training","disabled":false,"id":""},{"text":"Weekly news roundup\n        2025-07-21 - News","disabled":false,"id":""},{"text":"Morning training ended\n        2025-07-18 - Training","disabled":false,"id":""},{"text":"Morning training ended\n        2025-07-17 - Training","disabled":false,"id":""},{"text":"Morning training ended\n        2025-07-16 - Training","disabled":false,"id":""},{"text":"Morning training ended\n        2025-07-15 - Training","disabled":false,"id":""},{"text":"Morning training ended\n        2025-07-14 - Training","disabled":false,"id":""},{"text":"Weekly news roundup\n        2025-07-14 - News","disabled":false,"id":""}]
[sim_takane_6m] open today's live schedule at 2025-08-01
[sim_takane_6m] open today's live schedule at 2025-08-01
[sim_takane_6m] open today's live schedule at 2025-08-01
[sim_takane_6m] open today's live schedule at 2025-08-01
[sim_takane_6m] open today's live schedule at 2025-08-01
[sim_takane_6m] open today's live schedule at 2025-08-01
[sim_takane_6m] open today's live schedule at 2025-08-01
[sim_takane_6m] open today's live schedule at 2025-08-01
[sim_takane_6m] open today's live schedule at 2025-08-01
[sim_takane_6m] open today's live schedule at 2025-08-01
[sim_takane_6m] open today's live schedule at 2025-08-01
[sim_takane_6m] open today's live schedule at 2025-08-01
[sim_takane_6m] open today's live schedule at 2025-08-01
[sim_takane_6m] open today's live schedule at 2025-08-01
[sim_takane_6m] step=3525 iso=2025-08-01 display=Friday, August 1, 2025 19:20 stale=3474
[sim_takane_6m] open today's live schedule at 2025-08-01
[sim_takane_6m] open today's live schedule at 2025-08-01
[sim_takane_6m] open today's live schedule at 2025-08-01
[sim_takane_6m] open today's live schedule at 2025-08-01
[sim_takane_6m] open today's live schedule at 2025-08-01
[sim_takane_6m] open today's live schedule at 2025-08-01
[sim_takane_6m] stale buttons Friday, August 1, 2025 19:20 :: [{"text":"Main menu","disabled":false,"id":"btn-main-menu"},{"text":"Save game","disabled":false,"id":"btn-save"},{"text":"Load game","disabled":false,"id":"btn-load"},{"text":"New game","disabled":false,"id":"btn-new"},{"text":"Clear slot","disabled":false,"id":"btn-clear"},{"text":"‹","disabled":false,"id":""},{"text":"›","disabled":true,"id":""},{"text":"Friday, August 1, 2025 19:20","disabled":false,"id":"btn-goto-schedule"},{"text":"Next","disabled":false,"id":"btn-next-day"},{"text":"Inbox","disabled":false,"id":""},{"text":"Idols","disabled":false,"id":""},{"text":"Groups","disabled":false,"id":""},{"text":"Training","disabled":false,"id":""},{"text":"Schedule","disabled":false,"id":""},{"text":"Lives","disabled":false,"id":""},{"text":"Songs","disabled":false,"id":""},{"text":"Making","disabled":false,"id":""},{"text":"Media","disabled":false,"id":""},{"text":"Scout","disabled":false,"id":""},{"text":"Finances","disabled":false,"id":""},{"text":"Mark all read","disabled":true,"id":"btn-inbox-mark-all"},{"text":"* Today's live schedule\n        2025-08-01 - Assistant","disabled":false,"id":""},{"text":"Morning training ended\n        2025-07-31 - Training","disabled":false,"id":""},{"text":"Morning training ended\n        2025-07-30 - Training","disabled":false,"id":""},{"text":"Morning training ended\n        2025-07-29 - Training","disabled":false,"id":""},{"text":"Afternoon training ended\n        2025-07-28 - Training","disabled":false,"id":""},{"text":"Morning training ended\n        2025-07-28 - Training","disabled":false,"id":""},{"text":"Weekly news roundup\n        2025-07-28 - News","disabled":false,"id":""},{"text":"Morning training ended\n        2025-07-25 - Training","disabled":false,"id":""},{"text":"Morning training ended\n        2025-07-24 - Training","disabled":false,"id":""},{"text":"Morning training ended\n        2025-07-23 - Training","disabled":false,"id":""},{"text":"Morning training ended\n        2025-07-22 - Training","disabled":false,"id":""},{"text":"Morning training ended\n        2025-07-21 - Training","disabled":false,"id":""},{"text":"Weekly news roundup\n        2025-07-21 - News","disabled":false,"id":""},{"text":"Morning training ended\n        2025-07-18 - Training","disabled":false,"id":""},{"text":"Morning training ended\n        2025-07-17 - Training","disabled":false,"id":""},{"text":"Morning training ended\n        2025-07-16 - Training","disabled":false,"id":""},{"text":"Morning training ended\n        2025-07-15 - Training","disabled":false,"id":""},{"text":"Morning training ended\n        2025-07-14 - Training","disabled":false,"id":""},{"text":"Weekly news roundup\n        2025-07-14 - News","disabled":false,"id":""}]
[sim_takane_6m] open today's live schedule at 2025-08-01
[sim_takane_6m] open today's live schedule at 2025-08-01
[sim_takane_6m] open today's live schedule at 2025-08-01
[sim_takane_6m] open today's live schedule at 2025-08-01
[sim_takane_6m] open today's live schedule at 2025-08-01
[sim_takane_6m] open today's live schedule at 2025-08-01
[sim_takane_6m] open today's live schedule at 2025-08-01
[sim_takane_6m] open today's live schedule at 2025-08-01
[sim_takane_6m] open today's live schedule at 2025-08-01
[sim_takane_6m] open today's live schedule at 2025-08-01
[sim_takane_6m] open today's live schedule at 2025-08-01
[sim_takane_6m] open today's live schedule at 2025-08-01
[sim_takane_6m] open today's live schedule at 2025-08-01
[sim_takane_6m] open today's live schedule at 2025-08-01
[sim_takane_6m] open today's live schedule at 2025-08-01
[sim_takane_6m] open today's live schedule at 2025-08-01
[sim_takane_6m] open today's live schedule at 2025-08-01
[sim_takane_6m] open today's live schedule at 2025-08-01
[sim_takane_6m] open today's live schedule at 2025-08-01
[sim_takane_6m] step=3550 iso=2025-08-01 display=Friday, August 1, 2025 19:20 stale=3499
[sim_takane_6m] open today's live schedule at 2025-08-01
[sim_takane_6m] stale buttons Friday, August 1, 2025 19:20 :: [{"text":"Main menu","disabled":false,"id":"btn-main-menu"},{"text":"Save game","disabled":false,"id":"btn-save"},{"text":"Load game","disabled":false,"id":"btn-load"},{"text":"New game","disabled":false,"id":"btn-new"},{"text":"Clear slot","disabled":false,"id":"btn-clear"},{"text":"‹","disabled":false,"id":""},{"text":"›","disabled":true,"id":""},{"text":"Friday, August 1, 2025 19:20","disabled":false,"id":"btn-goto-schedule"},{"text":"Next","disabled":false,"id":"btn-next-day"},{"text":"Inbox","disabled":false,"id":""},{"text":"Idols","disabled":false,"id":""},{"text":"Groups","disabled":false,"id":""},{"text":"Training","disabled":false,"id":""},{"text":"Schedule","disabled":false,"id":""},{"text":"Lives","disabled":false,"id":""},{"text":"Songs","disabled":false,"id":""},{"text":"Making","disabled":false,"id":""},{"text":"Media","disabled":false,"id":""},{"text":"Scout","disabled":false,"id":""},{"text":"Finances","disabled":false,"id":""},{"text":"Mark all read","disabled":true,"id":"btn-inbox-mark-all"},{"text":"* Today's live schedule\n        2025-08-01 - Assistant","disabled":false,"id":""},{"text":"Morning training ended\n        2025-07-31 - Training","disabled":false,"id":""},{"text":"Morning training ended\n        2025-07-30 - Training","disabled":false,"id":""},{"text":"Morning training ended\n        2025-07-29 - Training","disabled":false,"id":""},{"text":"Afternoon training ended\n        2025-07-28 - Training","disabled":false,"id":""},{"text":"Morning training ended\n        2025-07-28 - Training","disabled":false,"id":""},{"text":"Weekly news roundup\n        2025-07-28 - News","disabled":false,"id":""},{"text":"Morning training ended\n        2025-07-25 - Training","disabled":false,"id":""},{"text":"Morning training ended\n        2025-07-24 - Training","disabled":false,"id":""},{"text":"Morning training ended\n        2025-07-23 - Training","disabled":false,"id":""},{"text":"Morning training ended\n        2025-07-22 - Training","disabled":false,"id":""},{"text":"Morning training ended\n        2025-07-21 - Training","disabled":false,"id":""},{"text":"Weekly news roundup\n        2025-07-21 - News","disabled":false,"id":""},{"text":"Morning training ended\n        2025-07-18 - Training","disabled":false,"id":""},{"text":"Morning training ended\n        2025-07-17 - Training","disabled":false,"id":""},{"text":"Morning training ended\n        2025-07-16 - Training","disabled":false,"id":""},{"text":"Morning training ended\n        2025-07-15 - Training","disabled":false,"id":""},{"text":"Morning training ended\n        2025-07-14 - Training","disabled":false,"id":""},{"text":"Weekly news roundup\n        2025-07-14 - News","disabled":false,"id":""}]
[sim_takane_6m] open today's live schedule at 2025-08-01
[sim_takane_6m] open today's live schedule at 2025-08-01
[sim_takane_6m] open today's live schedule at 2025-08-01
[sim_takane_6m] open today's live schedule at 2025-08-01
[sim_takane_6m] open today's live schedule at 2025-08-01
[sim_takane_6m] open today's live schedule at 2025-08-01
[sim_takane_6m] open today's live schedule at 2025-08-01
[sim_takane_6m] open today's live schedule at 2025-08-01
[sim_takane_6m] open today's live schedule at 2025-08-01
[sim_takane_6m] open today's live schedule at 2025-08-01
[sim_takane_6m] open today's live schedule at 2025-08-01
[sim_takane_6m] open today's live schedule at 2025-08-01
[sim_takane_6m] open today's live schedule at 2025-08-01
[sim_takane_6m] open today's live schedule at 2025-08-01
[sim_takane_6m] open today's live schedule at 2025-08-01
[sim_takane_6m] open today's live schedule at 2025-08-01
[sim_takane_6m] open today's live schedule at 2025-08-01
[sim_takane_6m] open today's live schedule at 2025-08-01
[sim_takane_6m] open today's live schedule at 2025-08-01
[sim_takane_6m] open today's live schedule at 2025-08-01
[sim_takane_6m] stale buttons Friday, August 1, 2025 19:20 :: [{"text":"Main menu","disabled":false,"id":"btn-main-menu"},{"text":"Save game","disabled":false,"id":"btn-save"},{"text":"Load game","disabled":false,"id":"btn-load"},{"text":"New game","disabled":false,"id":"btn-new"},{"text":"Clear slot","disabled":false,"id":"btn-clear"},{"text":"‹","disabled":false,"id":""},{"text":"›","disabled":true,"id":""},{"text":"Friday, August 1, 2025 19:20","disabled":false,"id":"btn-goto-schedule"},{"text":"Next","disabled":false,"id":"btn-next-day"},{"text":"Inbox","disabled":false,"id":""},{"text":"Idols","disabled":false,"id":""},{"text":"Groups","disabled":false,"id":""},{"text":"Training","disabled":false,"id":""},{"text":"Schedule","disabled":false,"id":""},{"text":"Lives","disabled":false,"id":""},{"text":"Songs","disabled":false,"id":""},{"text":"Making","disabled":false,"id":""},{"text":"Media","disabled":false,"id":""},{"text":"Scout","disabled":false,"id":""},{"text":"Finances","disabled":false,"id":""},{"text":"Mark all read","disabled":true,"id":"btn-inbox-mark-all"},{"text":"* Today's live schedule\n        2025-08-01 - Assistant","disabled":false,"id":""},{"text":"Morning training ended\n        2025-07-31 - Training","disabled":false,"id":""},{"text":"Morning training ended\n        2025-07-30 - Training","disabled":false,"id":""},{"text":"Morning training ended\n        2025-07-29 - Training","disabled":false,"id":""},{"text":"Afternoon training ended\n        2025-07-28 - Training","disabled":false,"id":""},{"text":"Morning training ended\n        2025-07-28 - Training","disabled":false,"id":""},{"text":"Weekly news roundup\n        2025-07-28 - News","disabled":false,"id":""},{"text":"Morning training ended\n        2025-07-25 - Training","disabled":false,"id":""},{"text":"Morning training ended\n        2025-07-24 - Training","disabled":false,"id":""},{"text":"Morning training ended\n        2025-07-23 - Training","disabled":false,"id":""},{"text":"Morning training ended\n        2025-07-22 - Training","disabled":false,"id":""},{"text":"Morning training ended\n        2025-07-21 - Training","disabled":false,"id":""},{"text":"Weekly news roundup\n        2025-07-21 - News","disabled":false,"id":""},{"text":"Morning training ended\n        2025-07-18 - Training","disabled":false,"id":""},{"text":"Morning training ended\n        2025-07-17 - Training","disabled":false,"id":""},{"text":"Morning training ended\n        2025-07-16 - Training","disabled":false,"id":""},{"text":"Morning training ended\n        2025-07-15 - Training","disabled":false,"id":""},{"text":"Morning training ended\n        2025-07-14 - Training","disabled":false,"id":""},{"text":"Weekly news roundup\n        2025-07-14 - News","disabled":false,"id":""}]
[sim_takane_6m] open today's live schedule at 2025-08-01
[sim_takane_6m] open today's live schedule at 2025-08-01
[sim_takane_6m] open today's live schedule at 2025-08-01
[sim_takane_6m] open today's live schedule at 2025-08-01
[sim_takane_6m] step=3575 iso=2025-08-01 display=Friday, August 1, 2025 19:20 stale=3524
[sim_takane_6m] open today's live schedule at 2025-08-01
[sim_takane_6m] open today's live schedule at 2025-08-01
[sim_takane_6m] open today's live schedule at 2025-08-01
[sim_takane_6m] open today's live schedule at 2025-08-01
[sim_takane_6m] open today's live schedule at 2025-08-01
[sim_takane_6m] open today's live schedule at 2025-08-01
[sim_takane_6m] open today's live schedule at 2025-08-01
[sim_takane_6m] open today's live schedule at 2025-08-01
[sim_takane_6m] open today's live schedule at 2025-08-01
[sim_takane_6m] open today's live schedule at 2025-08-01
[sim_takane_6m] open today's live schedule at 2025-08-01
[sim_takane_6m] open today's live schedule at 2025-08-01
[sim_takane_6m] open today's live schedule at 2025-08-01
[sim_takane_6m] open today's live schedule at 2025-08-01
[sim_takane_6m] open today's live schedule at 2025-08-01
[sim_takane_6m] open today's live schedule at 2025-08-01
[sim_takane_6m] stale buttons Friday, August 1, 2025 19:20 :: [{"text":"Main menu","disabled":false,"id":"btn-main-menu"},{"text":"Save game","disabled":false,"id":"btn-save"},{"text":"Load game","disabled":false,"id":"btn-load"},{"text":"New game","disabled":false,"id":"btn-new"},{"text":"Clear slot","disabled":false,"id":"btn-clear"},{"text":"‹","disabled":false,"id":""},{"text":"›","disabled":true,"id":""},{"text":"Friday, August 1, 2025 19:20","disabled":false,"id":"btn-goto-schedule"},{"text":"Next","disabled":false,"id":"btn-next-day"},{"text":"Inbox","disabled":false,"id":""},{"text":"Idols","disabled":false,"id":""},{"text":"Groups","disabled":false,"id":""},{"text":"Training","disabled":false,"id":""},{"text":"Schedule","disabled":false,"id":""},{"text":"Lives","disabled":false,"id":""},{"text":"Songs","disabled":false,"id":""},{"text":"Making","disabled":false,"id":""},{"text":"Media","disabled":false,"id":""},{"text":"Scout","disabled":false,"id":""},{"text":"Finances","disabled":false,"id":""},{"text":"Mark all read","disabled":true,"id":"btn-inbox-mark-all"},{"text":"* Today's live schedule\n        2025-08-01 - Assistant","disabled":false,"id":""},{"text":"Morning training ended\n        2025-07-31 - Training","disabled":false,"id":""},{"text":"Morning training ended\n        2025-07-30 - Training","disabled":false,"id":""},{"text":"Morning training ended\n        2025-07-29 - Training","disabled":false,"id":""},{"text":"Afternoon training ended\n        2025-07-28 - Training","disabled":false,"id":""},{"text":"Morning training ended\n        2025-07-28 - Training","disabled":false,"id":""},{"text":"Weekly news roundup\n        2025-07-28 - News","disabled":false,"id":""},{"text":"Morning training ended\n        2025-07-25 - Training","disabled":false,"id":""},{"text":"Morning training ended\n        2025-07-24 - Training","disabled":false,"id":""},{"text":"Morning training ended\n        2025-07-23 - Training","disabled":false,"id":""},{"text":"Morning training ended\n        2025-07-22 - Training","disabled":false,"id":""},{"text":"Morning training ended\n        2025-07-21 - Training","disabled":false,"id":""},{"text":"Weekly news roundup\n        2025-07-21 - News","disabled":false,"id":""},{"text":"Morning training ended\n        2025-07-18 - Training","disabled":false,"id":""},{"text":"Morning training ended\n        2025-07-17 - Training","disabled":false,"id":""},{"text":"Morning training ended\n        2025-07-16 - Training","disabled":false,"id":""},{"text":"Morning training ended\n        2025-07-15 - Training","disabled":false,"id":""},{"text":"Morning training ended\n        2025-07-14 - Training","disabled":false,"id":""},{"text":"Weekly news roundup\n        2025-07-14 - News","disabled":false,"id":""}]
[sim_takane_6m] open today's live schedule at 2025-08-01
[sim_takane_6m] open today's live schedule at 2025-08-01
[sim_takane_6m] open today's live schedule at 2025-08-01
[sim_takane_6m] open today's live schedule at 2025-08-01
[sim_takane_6m] open today's live schedule at 2025-08-01
[sim_takane_6m] open today's live schedule at 2025-08-01
[sim_takane_6m] open today's live schedule at 2025-08-01
[sim_takane_6m] open today's live schedule at 2025-08-01
[sim_takane_6m] open today's live schedule at 2025-08-01
[sim_takane_6m] step=3600 iso=2025-08-01 display=Friday, August 1, 2025 19:20 stale=3549
[sim_takane_6m] open today's live schedule at 2025-08-01
[sim_takane_6m] open today's live schedule at 2025-08-01
[sim_takane_6m] open today's live schedule at 2025-08-01
[sim_takane_6m] open today's live schedule at 2025-08-01
[sim_takane_6m] open today's live schedule at 2025-08-01
[sim_takane_6m] open today's live schedule at 2025-08-01
[sim_takane_6m] open today's live schedule at 2025-08-01
[sim_takane_6m] open today's live schedule at 2025-08-01
[sim_takane_6m] open today's live schedule at 2025-08-01
[sim_takane_6m] open today's live schedule at 2025-08-01
[sim_takane_6m] open today's live schedule at 2025-08-01
[sim_takane_6m] stale buttons Friday, August 1, 2025 19:20 :: [{"text":"Main menu","disabled":false,"id":"btn-main-menu"},{"text":"Save game","disabled":false,"id":"btn-save"},{"text":"Load game","disabled":false,"id":"btn-load"},{"text":"New game","disabled":false,"id":"btn-new"},{"text":"Clear slot","disabled":false,"id":"btn-clear"},{"text":"‹","disabled":false,"id":""},{"text":"›","disabled":true,"id":""},{"text":"Friday, August 1, 2025 19:20","disabled":false,"id":"btn-goto-schedule"},{"text":"Next","disabled":false,"id":"btn-next-day"},{"text":"Inbox","disabled":false,"id":""},{"text":"Idols","disabled":false,"id":""},{"text":"Groups","disabled":false,"id":""},{"text":"Training","disabled":false,"id":""},{"text":"Schedule","disabled":false,"id":""},{"text":"Lives","disabled":false,"id":""},{"text":"Songs","disabled":false,"id":""},{"text":"Making","disabled":false,"id":""},{"text":"Media","disabled":false,"id":""},{"text":"Scout","disabled":false,"id":""},{"text":"Finances","disabled":false,"id":""},{"text":"Mark all read","disabled":true,"id":"btn-inbox-mark-all"},{"text":"* Today's live schedule\n        2025-08-01 - Assistant","disabled":false,"id":""},{"text":"Morning training ended\n        2025-07-31 - Training","disabled":false,"id":""},{"text":"Morning training ended\n        2025-07-30 - Training","disabled":false,"id":""},{"text":"Morning training ended\n        2025-07-29 - Training","disabled":false,"id":""},{"text":"Afternoon training ended\n        2025-07-28 - Training","disabled":false,"id":""},{"text":"Morning training ended\n        2025-07-28 - Training","disabled":false,"id":""},{"text":"Weekly news roundup\n        2025-07-28 - News","disabled":false,"id":""},{"text":"Morning training ended\n        2025-07-25 - Training","disabled":false,"id":""},{"text":"Morning training ended\n        2025-07-24 - Training","disabled":false,"id":""},{"text":"Morning training ended\n        2025-07-23 - Training","disabled":false,"id":""},{"text":"Morning training ended\n        2025-07-22 - Training","disabled":false,"id":""},{"text":"Morning training ended\n        2025-07-21 - Training","disabled":false,"id":""},{"text":"Weekly news roundup\n        2025-07-21 - News","disabled":false,"id":""},{"text":"Morning training ended\n        2025-07-18 - Training","disabled":false,"id":""},{"text":"Morning training ended\n        2025-07-17 - Training","disabled":false,"id":""},{"text":"Morning training ended\n        2025-07-16 - Training","disabled":false,"id":""},{"text":"Morning training ended\n        2025-07-15 - Training","disabled":false,"id":""},{"text":"Morning training ended\n        2025-07-14 - Training","disabled":false,"id":""},{"text":"Weekly news roundup\n        2025-07-14 - News","disabled":false,"id":""}]
[sim_takane_6m] open today's live schedule at 2025-08-01
[sim_takane_6m] open today's live schedule at 2025-08-01
[sim_takane_6m] open today's live schedule at 2025-08-01
[sim_takane_6m] open today's live schedule at 2025-08-01
[sim_takane_6m] open today's live schedule at 2025-08-01
[sim_takane_6m] open today's live schedule at 2025-08-01
[sim_takane_6m] open today's live schedule at 2025-08-01
[sim_takane_6m] open today's live schedule at 2025-08-01
[sim_takane_6m] open today's live schedule at 2025-08-01
[sim_takane_6m] open today's live schedule at 2025-08-01
[sim_takane_6m] open today's live schedule at 2025-08-01
[sim_takane_6m] open today's live schedule at 2025-08-01
[sim_takane_6m] open today's live schedule at 2025-08-01
[sim_takane_6m] open today's live schedule at 2025-08-01
[sim_takane_6m] step=3625 iso=2025-08-01 display=Friday, August 1, 2025 19:20 stale=3574
[sim_takane_6m] open today's live schedule at 2025-08-01
[sim_takane_6m] open today's live schedule at 2025-08-01
[sim_takane_6m] open today's live schedule at 2025-08-01
[sim_takane_6m] open today's live schedule at 2025-08-01
[sim_takane_6m] open today's live schedule at 2025-08-01
[sim_takane_6m] open today's live schedule at 2025-08-01
[sim_takane_6m] stale buttons Friday, August 1, 2025 19:20 :: [{"text":"Main menu","disabled":false,"id":"btn-main-menu"},{"text":"Save game","disabled":false,"id":"btn-save"},{"text":"Load game","disabled":false,"id":"btn-load"},{"text":"New game","disabled":false,"id":"btn-new"},{"text":"Clear slot","disabled":false,"id":"btn-clear"},{"text":"‹","disabled":false,"id":""},{"text":"›","disabled":true,"id":""},{"text":"Friday, August 1, 2025 19:20","disabled":false,"id":"btn-goto-schedule"},{"text":"Next","disabled":false,"id":"btn-next-day"},{"text":"Inbox","disabled":false,"id":""},{"text":"Idols","disabled":false,"id":""},{"text":"Groups","disabled":false,"id":""},{"text":"Training","disabled":false,"id":""},{"text":"Schedule","disabled":false,"id":""},{"text":"Lives","disabled":false,"id":""},{"text":"Songs","disabled":false,"id":""},{"text":"Making","disabled":false,"id":""},{"text":"Media","disabled":false,"id":""},{"text":"Scout","disabled":false,"id":""},{"text":"Finances","disabled":false,"id":""},{"text":"Mark all read","disabled":true,"id":"btn-inbox-mark-all"},{"text":"* Today's live schedule\n        2025-08-01 - Assistant","disabled":false,"id":""},{"text":"Morning training ended\n        2025-07-31 - Training","disabled":false,"id":""},{"text":"Morning training ended\n        2025-07-30 - Training","disabled":false,"id":""},{"text":"Morning training ended\n        2025-07-29 - Training","disabled":false,"id":""},{"text":"Afternoon training ended\n        2025-07-28 - Training","disabled":false,"id":""},{"text":"Morning training ended\n        2025-07-28 - Training","disabled":false,"id":""},{"text":"Weekly news roundup\n        2025-07-28 - News","disabled":false,"id":""},{"text":"Morning training ended\n        2025-07-25 - Training","disabled":false,"id":""},{"text":"Morning training ended\n        2025-07-24 - Training","disabled":false,"id":""},{"text":"Morning training ended\n        2025-07-23 - Training","disabled":false,"id":""},{"text":"Morning training ended\n        2025-07-22 - Training","disabled":false,"id":""},{"text":"Morning training ended\n        2025-07-21 - Training","disabled":false,"id":""},{"text":"Weekly news roundup\n        2025-07-21 - News","disabled":false,"id":""},{"text":"Morning training ended\n        2025-07-18 - Training","disabled":false,"id":""},{"text":"Morning training ended\n        2025-07-17 - Training","disabled":false,"id":""},{"text":"Morning training ended\n        2025-07-16 - Training","disabled":false,"id":""},{"text":"Morning training ended\n        2025-07-15 - Training","disabled":false,"id":""},{"text":"Morning training ended\n        2025-07-14 - Training","disabled":false,"id":""},{"text":"Weekly news roundup\n        2025-07-14 - News","disabled":false,"id":""}]
[sim_takane_6m] open today's live schedule at 2025-08-01
[sim_takane_6m] open today's live schedule at 2025-08-01
[sim_takane_6m] open today's live schedule at 2025-08-01
[sim_takane_6m] open today's live schedule at 2025-08-01
[sim_takane_6m] open today's live schedule at 2025-08-01
[sim_takane_6m] open today's live schedule at 2025-08-01
[sim_takane_6m] open today's live schedule at 2025-08-01
[sim_takane_6m] open today's live schedule at 2025-08-01
[sim_takane_6m] open today's live schedule at 2025-08-01
[sim_takane_6m] open today's live schedule at 2025-08-01
[sim_takane_6m] open today's live schedule at 2025-08-01
[sim_takane_6m] open today's live schedule at 2025-08-01
[sim_takane_6m] open today's live schedule at 2025-08-01
[sim_takane_6m] open today's live schedule at 2025-08-01
[sim_takane_6m] open today's live schedule at 2025-08-01
[sim_takane_6m] open today's live schedule at 2025-08-01
[sim_takane_6m] open today's live schedule at 2025-08-01
[sim_takane_6m] open today's live schedule at 2025-08-01
[sim_takane_6m] open today's live schedule at 2025-08-01
[sim_takane_6m] step=3650 iso=2025-08-01 display=Friday, August 1, 2025 19:20 stale=3599
[sim_takane_6m] open today's live schedule at 2025-08-01
[sim_takane_6m] stale buttons Friday, August 1, 2025 19:20 :: [{"text":"Main menu","disabled":false,"id":"btn-main-menu"},{"text":"Save game","disabled":false,"id":"btn-save"},{"text":"Load game","disabled":false,"id":"btn-load"},{"text":"New game","disabled":false,"id":"btn-new"},{"text":"Clear slot","disabled":false,"id":"btn-clear"},{"text":"‹","disabled":false,"id":""},{"text":"›","disabled":true,"id":""},{"text":"Friday, August 1, 2025 19:20","disabled":false,"id":"btn-goto-schedule"},{"text":"Next","disabled":false,"id":"btn-next-day"},{"text":"Inbox","disabled":false,"id":""},{"text":"Idols","disabled":false,"id":""},{"text":"Groups","disabled":false,"id":""},{"text":"Training","disabled":false,"id":""},{"text":"Schedule","disabled":false,"id":""},{"text":"Lives","disabled":false,"id":""},{"text":"Songs","disabled":false,"id":""},{"text":"Making","disabled":false,"id":""},{"text":"Media","disabled":false,"id":""},{"text":"Scout","disabled":false,"id":""},{"text":"Finances","disabled":false,"id":""},{"text":"Mark all read","disabled":true,"id":"btn-inbox-mark-all"},{"text":"* Today's live schedule\n        2025-08-01 - Assistant","disabled":false,"id":""},{"text":"Morning training ended\n        2025-07-31 - Training","disabled":false,"id":""},{"text":"Morning training ended\n        2025-07-30 - Training","disabled":false,"id":""},{"text":"Morning training ended\n        2025-07-29 - Training","disabled":false,"id":""},{"text":"Afternoon training ended\n        2025-07-28 - Training","disabled":false,"id":""},{"text":"Morning training ended\n        2025-07-28 - Training","disabled":false,"id":""},{"text":"Weekly news roundup\n        2025-07-28 - News","disabled":false,"id":""},{"text":"Morning training ended\n        2025-07-25 - Training","disabled":false,"id":""},{"text":"Morning training ended\n        2025-07-24 - Training","disabled":false,"id":""},{"text":"Morning training ended\n        2025-07-23 - Training","disabled":false,"id":""},{"text":"Morning training ended\n        2025-07-22 - Training","disabled":false,"id":""},{"text":"Morning training ended\n        2025-07-21 - Training","disabled":false,"id":""},{"text":"Weekly news roundup\n        2025-07-21 - News","disabled":false,"id":""},{"text":"Morning training ended\n        2025-07-18 - Training","disabled":false,"id":""},{"text":"Morning training ended\n        2025-07-17 - Training","disabled":false,"id":""},{"text":"Morning training ended\n        2025-07-16 - Training","disabled":false,"id":""},{"text":"Morning training ended\n        2025-07-15 - Training","disabled":false,"id":""},{"text":"Morning training ended\n        2025-07-14 - Training","disabled":false,"id":""},{"text":"Weekly news roundup\n        2025-07-14 - News","disabled":false,"id":""}]
[sim_takane_6m] open today's live schedule at 2025-08-01
[sim_takane_6m] open today's live schedule at 2025-08-01
[sim_takane_6m] open today's live schedule at 2025-08-01
[sim_takane_6m] open today's live schedule at 2025-08-01
[sim_takane_6m] open today's live schedule at 2025-08-01
[sim_takane_6m] open today's live schedule at 2025-08-01
[sim_takane_6m] open today's live schedule at 2025-08-01
[sim_takane_6m] open today's live schedule at 2025-08-01
[sim_takane_6m] open today's live schedule at 2025-08-01
[sim_takane_6m] open today's live schedule at 2025-08-01
[sim_takane_6m] open today's live schedule at 2025-08-01
[sim_takane_6m] open today's live schedule at 2025-08-01
[sim_takane_6m] open today's live schedule at 2025-08-01
[sim_takane_6m] open today's live schedule at 2025-08-01
[sim_takane_6m] open today's live schedule at 2025-08-01
[sim_takane_6m] open today's live schedule at 2025-08-01
[sim_takane_6m] open today's live schedule at 2025-08-01
[sim_takane_6m] open today's live schedule at 2025-08-01
[sim_takane_6m] open today's live schedule at 2025-08-01
[sim_takane_6m] open today's live schedule at 2025-08-01
[sim_takane_6m] stale buttons Friday, August 1, 2025 19:20 :: [{"text":"Main menu","disabled":false,"id":"btn-main-menu"},{"text":"Save game","disabled":false,"id":"btn-save"},{"text":"Load game","disabled":false,"id":"btn-load"},{"text":"New game","disabled":false,"id":"btn-new"},{"text":"Clear slot","disabled":false,"id":"btn-clear"},{"text":"‹","disabled":false,"id":""},{"text":"›","disabled":true,"id":""},{"text":"Friday, August 1, 2025 19:20","disabled":false,"id":"btn-goto-schedule"},{"text":"Next","disabled":false,"id":"btn-next-day"},{"text":"Inbox","disabled":false,"id":""},{"text":"Idols","disabled":false,"id":""},{"text":"Groups","disabled":false,"id":""},{"text":"Training","disabled":false,"id":""},{"text":"Schedule","disabled":false,"id":""},{"text":"Lives","disabled":false,"id":""},{"text":"Songs","disabled":false,"id":""},{"text":"Making","disabled":false,"id":""},{"text":"Media","disabled":false,"id":""},{"text":"Scout","disabled":false,"id":""},{"text":"Finances","disabled":false,"id":""},{"text":"Mark all read","disabled":true,"id":"btn-inbox-mark-all"},{"text":"* Today's live schedule\n        2025-08-01 - Assistant","disabled":false,"id":""},{"text":"Morning training ended\n        2025-07-31 - Training","disabled":false,"id":""},{"text":"Morning training ended\n        2025-07-30 - Training","disabled":false,"id":""},{"text":"Morning training ended\n        2025-07-29 - Training","disabled":false,"id":""},{"text":"Afternoon training ended\n        2025-07-28 - Training","disabled":false,"id":""},{"text":"Morning training ended\n        2025-07-28 - Training","disabled":false,"id":""},{"text":"Weekly news roundup\n        2025-07-28 - News","disabled":false,"id":""},{"text":"Morning training ended\n        2025-07-25 - Training","disabled":false,"id":""},{"text":"Morning training ended\n        2025-07-24 - Training","disabled":false,"id":""},{"text":"Morning training ended\n        2025-07-23 - Training","disabled":false,"id":""},{"text":"Morning training ended\n        2025-07-22 - Training","disabled":false,"id":""},{"text":"Morning training ended\n        2025-07-21 - Training","disabled":false,"id":""},{"text":"Weekly news roundup\n        2025-07-21 - News","disabled":false,"id":""},{"text":"Morning training ended\n        2025-07-18 - Training","disabled":false,"id":""},{"text":"Morning training ended\n        2025-07-17 - Training","disabled":false,"id":""},{"text":"Morning training ended\n        2025-07-16 - Training","disabled":false,"id":""},{"text":"Morning training ended\n        2025-07-15 - Training","disabled":false,"id":""},{"text":"Morning training ended\n        2025-07-14 - Training","disabled":false,"id":""},{"text":"Weekly news roundup\n        2025-07-14 - News","disabled":false,"id":""}]
[sim_takane_6m] open today's live schedule at 2025-08-01
[sim_takane_6m] open today's live schedule at 2025-08-01
[sim_takane_6m] open today's live schedule at 2025-08-01
[sim_takane_6m] open today's live schedule at 2025-08-01
[sim_takane_6m] step=3675 iso=2025-08-01 display=Friday, August 1, 2025 19:20 stale=3624
[sim_takane_6m] open today's live schedule at 2025-08-01
[sim_takane_6m] open today's live schedule at 2025-08-01
[sim_takane_6m] open today's live schedule at 2025-08-01
[sim_takane_6m] open today's live schedule at 2025-08-01
[sim_takane_6m] open today's live schedule at 2025-08-01
[sim_takane_6m] open today's live schedule at 2025-08-01
[sim_takane_6m] open today's live schedule at 2025-08-01
[sim_takane_6m] open today's live schedule at 2025-08-01
[sim_takane_6m] open today's live schedule at 2025-08-01
[sim_takane_6m] open today's live schedule at 2025-08-01
[sim_takane_6m] open today's live schedule at 2025-08-01
[sim_takane_6m] open today's live schedule at 2025-08-01
[sim_takane_6m] open today's live schedule at 2025-08-01
[sim_takane_6m] open today's live schedule at 2025-08-01
[sim_takane_6m] open today's live schedule at 2025-08-01
[sim_takane_6m] open today's live schedule at 2025-08-01
[sim_takane_6m] stale buttons Friday, August 1, 2025 19:20 :: [{"text":"Main menu","disabled":false,"id":"btn-main-menu"},{"text":"Save game","disabled":false,"id":"btn-save"},{"text":"Load game","disabled":false,"id":"btn-load"},{"text":"New game","disabled":false,"id":"btn-new"},{"text":"Clear slot","disabled":false,"id":"btn-clear"},{"text":"‹","disabled":false,"id":""},{"text":"›","disabled":true,"id":""},{"text":"Friday, August 1, 2025 19:20","disabled":false,"id":"btn-goto-schedule"},{"text":"Next","disabled":false,"id":"btn-next-day"},{"text":"Inbox","disabled":false,"id":""},{"text":"Idols","disabled":false,"id":""},{"text":"Groups","disabled":false,"id":""},{"text":"Training","disabled":false,"id":""},{"text":"Schedule","disabled":false,"id":""},{"text":"Lives","disabled":false,"id":""},{"text":"Songs","disabled":false,"id":""},{"text":"Making","disabled":false,"id":""},{"text":"Media","disabled":false,"id":""},{"text":"Scout","disabled":false,"id":""},{"text":"Finances","disabled":false,"id":""},{"text":"Mark all read","disabled":true,"id":"btn-inbox-mark-all"},{"text":"* Today's live schedule\n        2025-08-01 - Assistant","disabled":false,"id":""},{"text":"Morning training ended\n        2025-07-31 - Training","disabled":false,"id":""},{"text":"Morning training ended\n        2025-07-30 - Training","disabled":false,"id":""},{"text":"Morning training ended\n        2025-07-29 - Training","disabled":false,"id":""},{"text":"Afternoon training ended\n        2025-07-28 - Training","disabled":false,"id":""},{"text":"Morning training ended\n        2025-07-28 - Training","disabled":false,"id":""},{"text":"Weekly news roundup\n        2025-07-28 - News","disabled":false,"id":""},{"text":"Morning training ended\n        2025-07-25 - Training","disabled":false,"id":""},{"text":"Morning training ended\n        2025-07-24 - Training","disabled":false,"id":""},{"text":"Morning training ended\n        2025-07-23 - Training","disabled":false,"id":""},{"text":"Morning training ended\n        2025-07-22 - Training","disabled":false,"id":""},{"text":"Morning training ended\n        2025-07-21 - Training","disabled":false,"id":""},{"text":"Weekly news roundup\n        2025-07-21 - News","disabled":false,"id":""},{"text":"Morning training ended\n        2025-07-18 - Training","disabled":false,"id":""},{"text":"Morning training ended\n        2025-07-17 - Training","disabled":false,"id":""},{"text":"Morning training ended\n        2025-07-16 - Training","disabled":false,"id":""},{"text":"Morning training ended\n        2025-07-15 - Training","disabled":false,"id":""},{"text":"Morning training ended\n        2025-07-14 - Training","disabled":false,"id":""},{"text":"Weekly news roundup\n        2025-07-14 - News","disabled":false,"id":""}]
[sim_takane_6m] open today's live schedule at 2025-08-01
[sim_takane_6m] open today's live schedule at 2025-08-01
[sim_takane_6m] open today's live schedule at 2025-08-01
[sim_takane_6m] open today's live schedule at 2025-08-01
[sim_takane_6m] open today's live schedule at 2025-08-01
[sim_takane_6m] open today's live schedule at 2025-08-01
[sim_takane_6m] open today's live schedule at 2025-08-01
[sim_takane_6m] open today's live schedule at 2025-08-01
[sim_takane_6m] open today's live schedule at 2025-08-01
[sim_takane_6m] step=3700 iso=2025-08-01 display=Friday, August 1, 2025 19:20 stale=3649
[sim_takane_6m] open today's live schedule at 2025-08-01
[sim_takane_6m] open today's live schedule at 2025-08-01
[sim_takane_6m] open today's live schedule at 2025-08-01
[sim_takane_6m] open today's live schedule at 2025-08-01
[sim_takane_6m] open today's live schedule at 2025-08-01
[sim_takane_6m] open today's live schedule at 2025-08-01
[sim_takane_6m] open today's live schedule at 2025-08-01
[sim_takane_6m] open today's live schedule at 2025-08-01
[sim_takane_6m] open today's live schedule at 2025-08-01
[sim_takane_6m] open today's live schedule at 2025-08-01
[sim_takane_6m] open today's live schedule at 2025-08-01
[sim_takane_6m] stale buttons Friday, August 1, 2025 19:20 :: [{"text":"Main menu","disabled":false,"id":"btn-main-menu"},{"text":"Save game","disabled":false,"id":"btn-save"},{"text":"Load game","disabled":false,"id":"btn-load"},{"text":"New game","disabled":false,"id":"btn-new"},{"text":"Clear slot","disabled":false,"id":"btn-clear"},{"text":"‹","disabled":false,"id":""},{"text":"›","disabled":true,"id":""},{"text":"Friday, August 1, 2025 19:20","disabled":false,"id":"btn-goto-schedule"},{"text":"Next","disabled":false,"id":"btn-next-day"},{"text":"Inbox","disabled":false,"id":""},{"text":"Idols","disabled":false,"id":""},{"text":"Groups","disabled":false,"id":""},{"text":"Training","disabled":false,"id":""},{"text":"Schedule","disabled":false,"id":""},{"text":"Lives","disabled":false,"id":""},{"text":"Songs","disabled":false,"id":""},{"text":"Making","disabled":false,"id":""},{"text":"Media","disabled":false,"id":""},{"text":"Scout","disabled":false,"id":""},{"text":"Finances","disabled":false,"id":""},{"text":"Mark all read","disabled":true,"id":"btn-inbox-mark-all"},{"text":"* Today's live schedule\n        2025-08-01 - Assistant","disabled":false,"id":""},{"text":"Morning training ended\n        2025-07-31 - Training","disabled":false,"id":""},{"text":"Morning training ended\n        2025-07-30 - Training","disabled":false,"id":""},{"text":"Morning training ended\n        2025-07-29 - Training","disabled":false,"id":""},{"text":"Afternoon training ended\n        2025-07-28 - Training","disabled":false,"id":""},{"text":"Morning training ended\n        2025-07-28 - Training","disabled":false,"id":""},{"text":"Weekly news roundup\n        2025-07-28 - News","disabled":false,"id":""},{"text":"Morning training ended\n        2025-07-25 - Training","disabled":false,"id":""},{"text":"Morning training ended\n        2025-07-24 - Training","disabled":false,"id":""},{"text":"Morning training ended\n        2025-07-23 - Training","disabled":false,"id":""},{"text":"Morning training ended\n        2025-07-22 - Training","disabled":false,"id":""},{"text":"Morning training ended\n        2025-07-21 - Training","disabled":false,"id":""},{"text":"Weekly news roundup\n        2025-07-21 - News","disabled":false,"id":""},{"text":"Morning training ended\n        2025-07-18 - Training","disabled":false,"id":""},{"text":"Morning training ended\n        2025-07-17 - Training","disabled":false,"id":""},{"text":"Morning training ended\n        2025-07-16 - Training","disabled":false,"id":""},{"text":"Morning training ended\n        2025-07-15 - Training","disabled":false,"id":""},{"text":"Morning training ended\n        2025-07-14 - Training","disabled":false,"id":""},{"text":"Weekly news roundup\n        2025-07-14 - News","disabled":false,"id":""}]
[sim_takane_6m] open today's live schedule at 2025-08-01
[sim_takane_6m] open today's live schedule at 2025-08-01
[sim_takane_6m] open today's live schedule at 2025-08-01
[sim_takane_6m] open today's live schedule at 2025-08-01
[sim_takane_6m] open today's live schedule at 2025-08-01
[sim_takane_6m] open today's live schedule at 2025-08-01
[sim_takane_6m] open today's live schedule at 2025-08-01
[sim_takane_6m] open today's live schedule at 2025-08-01
[sim_takane_6m] open today's live schedule at 2025-08-01
[sim_takane_6m] open today's live schedule at 2025-08-01
[sim_takane_6m] open today's live schedule at 2025-08-01
[sim_takane_6m] open today's live schedule at 2025-08-01
[sim_takane_6m] open today's live schedule at 2025-08-01
[sim_takane_6m] open today's live schedule at 2025-08-01
[sim_takane_6m] step=3725 iso=2025-08-01 display=Friday, August 1, 2025 19:20 stale=3674
[sim_takane_6m] open today's live schedule at 2025-08-01
[sim_takane_6m] open today's live schedule at 2025-08-01
[sim_takane_6m] open today's live schedule at 2025-08-01
[sim_takane_6m] open today's live schedule at 2025-08-01
[sim_takane_6m] open today's live schedule at 2025-08-01
[sim_takane_6m] open today's live schedule at 2025-08-01
[sim_takane_6m] stale buttons Friday, August 1, 2025 19:20 :: [{"text":"Main menu","disabled":false,"id":"btn-main-menu"},{"text":"Save game","disabled":false,"id":"btn-save"},{"text":"Load game","disabled":false,"id":"btn-load"},{"text":"New game","disabled":false,"id":"btn-new"},{"text":"Clear slot","disabled":false,"id":"btn-clear"},{"text":"‹","disabled":false,"id":""},{"text":"›","disabled":true,"id":""},{"text":"Friday, August 1, 2025 19:20","disabled":false,"id":"btn-goto-schedule"},{"text":"Next","disabled":false,"id":"btn-next-day"},{"text":"Inbox","disabled":false,"id":""},{"text":"Idols","disabled":false,"id":""},{"text":"Groups","disabled":false,"id":""},{"text":"Training","disabled":false,"id":""},{"text":"Schedule","disabled":false,"id":""},{"text":"Lives","disabled":false,"id":""},{"text":"Songs","disabled":false,"id":""},{"text":"Making","disabled":false,"id":""},{"text":"Media","disabled":false,"id":""},{"text":"Scout","disabled":false,"id":""},{"text":"Finances","disabled":false,"id":""},{"text":"Mark all read","disabled":true,"id":"btn-inbox-mark-all"},{"text":"* Today's live schedule\n        2025-08-01 - Assistant","disabled":false,"id":""},{"text":"Morning training ended\n        2025-07-31 - Training","disabled":false,"id":""},{"text":"Morning training ended\n        2025-07-30 - Training","disabled":false,"id":""},{"text":"Morning training ended\n        2025-07-29 - Training","disabled":false,"id":""},{"text":"Afternoon training ended\n        2025-07-28 - Training","disabled":false,"id":""},{"text":"Morning training ended\n        2025-07-28 - Training","disabled":false,"id":""},{"text":"Weekly news roundup\n        2025-07-28 - News","disabled":false,"id":""},{"text":"Morning training ended\n        2025-07-25 - Training","disabled":false,"id":""},{"text":"Morning training ended\n        2025-07-24 - Training","disabled":false,"id":""},{"text":"Morning training ended\n        2025-07-23 - Training","disabled":false,"id":""},{"text":"Morning training ended\n        2025-07-22 - Training","disabled":false,"id":""},{"text":"Morning training ended\n        2025-07-21 - Training","disabled":false,"id":""},{"text":"Weekly news roundup\n        2025-07-21 - News","disabled":false,"id":""},{"text":"Morning training ended\n        2025-07-18 - Training","disabled":false,"id":""},{"text":"Morning training ended\n        2025-07-17 - Training","disabled":false,"id":""},{"text":"Morning training ended\n        2025-07-16 - Training","disabled":false,"id":""},{"text":"Morning training ended\n        2025-07-15 - Training","disabled":false,"id":""},{"text":"Morning training ended\n        2025-07-14 - Training","disabled":false,"id":""},{"text":"Weekly news roundup\n        2025-07-14 - News","disabled":false,"id":""}]
[sim_takane_6m] open today's live schedule at 2025-08-01
[sim_takane_6m] open today's live schedule at 2025-08-01
[sim_takane_6m] open today's live schedule at 2025-08-01
[sim_takane_6m] open today's live schedule at 2025-08-01
[sim_takane_6m] open today's live schedule at 2025-08-01
[sim_takane_6m] open today's live schedule at 2025-08-01
[sim_takane_6m] open today's live schedule at 2025-08-01
[sim_takane_6m] open today's live schedule at 2025-08-01
[sim_takane_6m] open today's live schedule at 2025-08-01
[sim_takane_6m] open today's live schedule at 2025-08-01
[sim_takane_6m] open today's live schedule at 2025-08-01
[sim_takane_6m] open today's live schedule at 2025-08-01
[sim_takane_6m] open today's live schedule at 2025-08-01
[sim_takane_6m] open today's live schedule at 2025-08-01
[sim_takane_6m] open today's live schedule at 2025-08-01
[sim_takane_6m] open today's live schedule at 2025-08-01
[sim_takane_6m] open today's live schedule at 2025-08-01
[sim_takane_6m] open today's live schedule at 2025-08-01
[sim_takane_6m] open today's live schedule at 2025-08-01
[sim_takane_6m] step=3750 iso=2025-08-01 display=Friday, August 1, 2025 19:20 stale=3699
[sim_takane_6m] open today's live schedule at 2025-08-01
[sim_takane_6m] stale buttons Friday, August 1, 2025 19:20 :: [{"text":"Main menu","disabled":false,"id":"btn-main-menu"},{"text":"Save game","disabled":false,"id":"btn-save"},{"text":"Load game","disabled":false,"id":"btn-load"},{"text":"New game","disabled":false,"id":"btn-new"},{"text":"Clear slot","disabled":false,"id":"btn-clear"},{"text":"‹","disabled":false,"id":""},{"text":"›","disabled":true,"id":""},{"text":"Friday, August 1, 2025 19:20","disabled":false,"id":"btn-goto-schedule"},{"text":"Next","disabled":false,"id":"btn-next-day"},{"text":"Inbox","disabled":false,"id":""},{"text":"Idols","disabled":false,"id":""},{"text":"Groups","disabled":false,"id":""},{"text":"Training","disabled":false,"id":""},{"text":"Schedule","disabled":false,"id":""},{"text":"Lives","disabled":false,"id":""},{"text":"Songs","disabled":false,"id":""},{"text":"Making","disabled":false,"id":""},{"text":"Media","disabled":false,"id":""},{"text":"Scout","disabled":false,"id":""},{"text":"Finances","disabled":false,"id":""},{"text":"Mark all read","disabled":true,"id":"btn-inbox-mark-all"},{"text":"* Today's live schedule\n        2025-08-01 - Assistant","disabled":false,"id":""},{"text":"Morning training ended\n        2025-07-31 - Training","disabled":false,"id":""},{"text":"Morning training ended\n        2025-07-30 - Training","disabled":false,"id":""},{"text":"Morning training ended\n        2025-07-29 - Training","disabled":false,"id":""},{"text":"Afternoon training ended\n        2025-07-28 - Training","disabled":false,"id":""},{"text":"Morning training ended\n        2025-07-28 - Training","disabled":false,"id":""},{"text":"Weekly news roundup\n        2025-07-28 - News","disabled":false,"id":""},{"text":"Morning training ended\n        2025-07-25 - Training","disabled":false,"id":""},{"text":"Morning training ended\n        2025-07-24 - Training","disabled":false,"id":""},{"text":"Morning training ended\n        2025-07-23 - Training","disabled":false,"id":""},{"text":"Morning training ended\n        2025-07-22 - Training","disabled":false,"id":""},{"text":"Morning training ended\n        2025-07-21 - Training","disabled":false,"id":""},{"text":"Weekly news roundup\n        2025-07-21 - News","disabled":false,"id":""},{"text":"Morning training ended\n        2025-07-18 - Training","disabled":false,"id":""},{"text":"Morning training ended\n        2025-07-17 - Training","disabled":false,"id":""},{"text":"Morning training ended\n        2025-07-16 - Training","disabled":false,"id":""},{"text":"Morning training ended\n        2025-07-15 - Training","disabled":false,"id":""},{"text":"Morning training ended\n        2025-07-14 - Training","disabled":false,"id":""},{"text":"Weekly news roundup\n        2025-07-14 - News","disabled":false,"id":""}]
[sim_takane_6m] open today's live schedule at 2025-08-01
[sim_takane_6m] open today's live schedule at 2025-08-01
[sim_takane_6m] open today's live schedule at 2025-08-01
[sim_takane_6m] open today's live schedule at 2025-08-01
[sim_takane_6m] open today's live schedule at 2025-08-01
[sim_takane_6m] open today's live schedule at 2025-08-01
[sim_takane_6m] open today's live schedule at 2025-08-01
[sim_takane_6m] open today's live schedule at 2025-08-01
[sim_takane_6m] open today's live schedule at 2025-08-01
[sim_takane_6m] open today's live schedule at 2025-08-01
[sim_takane_6m] open today's live schedule at 2025-08-01
[sim_takane_6m] open today's live schedule at 2025-08-01
[sim_takane_6m] open today's live schedule at 2025-08-01
[sim_takane_6m] open today's live schedule at 2025-08-01
[sim_takane_6m] open today's live schedule at 2025-08-01
[sim_takane_6m] open today's live schedule at 2025-08-01
[sim_takane_6m] open today's live schedule at 2025-08-01
[sim_takane_6m] open today's live schedule at 2025-08-01
[sim_takane_6m] open today's live schedule at 2025-08-01
[sim_takane_6m] open today's live schedule at 2025-08-01
[sim_takane_6m] stale buttons Friday, August 1, 2025 19:20 :: [{"text":"Main menu","disabled":false,"id":"btn-main-menu"},{"text":"Save game","disabled":false,"id":"btn-save"},{"text":"Load game","disabled":false,"id":"btn-load"},{"text":"New game","disabled":false,"id":"btn-new"},{"text":"Clear slot","disabled":false,"id":"btn-clear"},{"text":"‹","disabled":false,"id":""},{"text":"›","disabled":true,"id":""},{"text":"Friday, August 1, 2025 19:20","disabled":false,"id":"btn-goto-schedule"},{"text":"Next","disabled":false,"id":"btn-next-day"},{"text":"Inbox","disabled":false,"id":""},{"text":"Idols","disabled":false,"id":""},{"text":"Groups","disabled":false,"id":""},{"text":"Training","disabled":false,"id":""},{"text":"Schedule","disabled":false,"id":""},{"text":"Lives","disabled":false,"id":""},{"text":"Songs","disabled":false,"id":""},{"text":"Making","disabled":false,"id":""},{"text":"Media","disabled":false,"id":""},{"text":"Scout","disabled":false,"id":""},{"text":"Finances","disabled":false,"id":""},{"text":"Mark all read","disabled":true,"id":"btn-inbox-mark-all"},{"text":"* Today's live schedule\n        2025-08-01 - Assistant","disabled":false,"id":""},{"text":"Morning training ended\n        2025-07-31 - Training","disabled":false,"id":""},{"text":"Morning training ended\n        2025-07-30 - Training","disabled":false,"id":""},{"text":"Morning training ended\n        2025-07-29 - Training","disabled":false,"id":""},{"text":"Afternoon training ended\n        2025-07-28 - Training","disabled":false,"id":""},{"text":"Morning training ended\n        2025-07-28 - Training","disabled":false,"id":""},{"text":"Weekly news roundup\n        2025-07-28 - News","disabled":false,"id":""},{"text":"Morning training ended\n        2025-07-25 - Training","disabled":false,"id":""},{"text":"Morning training ended\n        2025-07-24 - Training","disabled":false,"id":""},{"text":"Morning training ended\n        2025-07-23 - Training","disabled":false,"id":""},{"text":"Morning training ended\n        2025-07-22 - Training","disabled":false,"id":""},{"text":"Morning training ended\n        2025-07-21 - Training","disabled":false,"id":""},{"text":"Weekly news roundup\n        2025-07-21 - News","disabled":false,"id":""},{"text":"Morning training ended\n        2025-07-18 - Training","disabled":false,"id":""},{"text":"Morning training ended\n        2025-07-17 - Training","disabled":false,"id":""},{"text":"Morning training ended\n        2025-07-16 - Training","disabled":false,"id":""},{"text":"Morning training ended\n        2025-07-15 - Training","disabled":false,"id":""},{"text":"Morning training ended\n        2025-07-14 - Training","disabled":false,"id":""},{"text":"Weekly news roundup\n        2025-07-14 - News","disabled":false,"id":""}]
[sim_takane_6m] open today's live schedule at 2025-08-01
[sim_takane_6m] open today's live schedule at 2025-08-01
[sim_takane_6m] open today's live schedule at 2025-08-01
[sim_takane_6m] open today's live schedule at 2025-08-01
[sim_takane_6m] step=3775 iso=2025-08-01 display=Friday, August 1, 2025 19:20 stale=3724
[sim_takane_6m] open today's live schedule at 2025-08-01
[sim_takane_6m] open today's live schedule at 2025-08-01
[sim_takane_6m] open today's live schedule at 2025-08-01
[sim_takane_6m] open today's live schedule at 2025-08-01
[sim_takane_6m] open today's live schedule at 2025-08-01
[sim_takane_6m] open today's live schedule at 2025-08-01
[sim_takane_6m] open today's live schedule at 2025-08-01
[sim_takane_6m] open today's live schedule at 2025-08-01
[sim_takane_6m] open today's live schedule at 2025-08-01
[sim_takane_6m] open today's live schedule at 2025-08-01
[sim_takane_6m] open today's live schedule at 2025-08-01
[sim_takane_6m] open today's live schedule at 2025-08-01
[sim_takane_6m] open today's live schedule at 2025-08-01
[sim_takane_6m] open today's live schedule at 2025-08-01
[sim_takane_6m] open today's live schedule at 2025-08-01
[sim_takane_6m] open today's live schedule at 2025-08-01
[sim_takane_6m] stale buttons Friday, August 1, 2025 19:20 :: [{"text":"Main menu","disabled":false,"id":"btn-main-menu"},{"text":"Save game","disabled":false,"id":"btn-save"},{"text":"Load game","disabled":false,"id":"btn-load"},{"text":"New game","disabled":false,"id":"btn-new"},{"text":"Clear slot","disabled":false,"id":"btn-clear"},{"text":"‹","disabled":false,"id":""},{"text":"›","disabled":true,"id":""},{"text":"Friday, August 1, 2025 19:20","disabled":false,"id":"btn-goto-schedule"},{"text":"Next","disabled":false,"id":"btn-next-day"},{"text":"Inbox","disabled":false,"id":""},{"text":"Idols","disabled":false,"id":""},{"text":"Groups","disabled":false,"id":""},{"text":"Training","disabled":false,"id":""},{"text":"Schedule","disabled":false,"id":""},{"text":"Lives","disabled":false,"id":""},{"text":"Songs","disabled":false,"id":""},{"text":"Making","disabled":false,"id":""},{"text":"Media","disabled":false,"id":""},{"text":"Scout","disabled":false,"id":""},{"text":"Finances","disabled":false,"id":""},{"text":"Mark all read","disabled":true,"id":"btn-inbox-mark-all"},{"text":"* Today's live schedule\n        2025-08-01 - Assistant","disabled":false,"id":""},{"text":"Morning training ended\n        2025-07-31 - Training","disabled":false,"id":""},{"text":"Morning training ended\n        2025-07-30 - Training","disabled":false,"id":""},{"text":"Morning training ended\n        2025-07-29 - Training","disabled":false,"id":""},{"text":"Afternoon training ended\n        2025-07-28 - Training","disabled":false,"id":""},{"text":"Morning training ended\n        2025-07-28 - Training","disabled":false,"id":""},{"text":"Weekly news roundup\n        2025-07-28 - News","disabled":false,"id":""},{"text":"Morning training ended\n        2025-07-25 - Training","disabled":false,"id":""},{"text":"Morning training ended\n        2025-07-24 - Training","disabled":false,"id":""},{"text":"Morning training ended\n        2025-07-23 - Training","disabled":false,"id":""},{"text":"Morning training ended\n        2025-07-22 - Training","disabled":false,"id":""},{"text":"Morning training ended\n        2025-07-21 - Training","disabled":false,"id":""},{"text":"Weekly news roundup\n        2025-07-21 - News","disabled":false,"id":""},{"text":"Morning training ended\n        2025-07-18 - Training","disabled":false,"id":""},{"text":"Morning training ended\n        2025-07-17 - Training","disabled":false,"id":""},{"text":"Morning training ended\n        2025-07-16 - Training","disabled":false,"id":""},{"text":"Morning training ended\n        2025-07-15 - Training","disabled":false,"id":""},{"text":"Morning training ended\n        2025-07-14 - Training","disabled":false,"id":""},{"text":"Weekly news roundup\n        2025-07-14 - News","disabled":false,"id":""}]
[sim_takane_6m] open today's live schedule at 2025-08-01
[sim_takane_6m] open today's live schedule at 2025-08-01
[sim_takane_6m] open today's live schedule at 2025-08-01
[sim_takane_6m] open today's live schedule at 2025-08-01
[sim_takane_6m] open today's live schedule at 2025-08-01
[sim_takane_6m] open today's live schedule at 2025-08-01
[sim_takane_6m] open today's live schedule at 2025-08-01
[sim_takane_6m] open today's live schedule at 2025-08-01
[sim_takane_6m] open today's live schedule at 2025-08-01
[sim_takane_6m] step=3800 iso=2025-08-01 display=Friday, August 1, 2025 19:20 stale=3749
[sim_takane_6m] open today's live schedule at 2025-08-01
[sim_takane_6m] open today's live schedule at 2025-08-01
[sim_takane_6m] open today's live schedule at 2025-08-01
[sim_takane_6m] open today's live schedule at 2025-08-01
[sim_takane_6m] open today's live schedule at 2025-08-01
[sim_takane_6m] open today's live schedule at 2025-08-01
[sim_takane_6m] open today's live schedule at 2025-08-01
[sim_takane_6m] open today's live schedule at 2025-08-01
[sim_takane_6m] open today's live schedule at 2025-08-01
[sim_takane_6m] open today's live schedule at 2025-08-01
[sim_takane_6m] open today's live schedule at 2025-08-01
[sim_takane_6m] stale buttons Friday, August 1, 2025 19:20 :: [{"text":"Main menu","disabled":false,"id":"btn-main-menu"},{"text":"Save game","disabled":false,"id":"btn-save"},{"text":"Load game","disabled":false,"id":"btn-load"},{"text":"New game","disabled":false,"id":"btn-new"},{"text":"Clear slot","disabled":false,"id":"btn-clear"},{"text":"‹","disabled":false,"id":""},{"text":"›","disabled":true,"id":""},{"text":"Friday, August 1, 2025 19:20","disabled":false,"id":"btn-goto-schedule"},{"text":"Next","disabled":false,"id":"btn-next-day"},{"text":"Inbox","disabled":false,"id":""},{"text":"Idols","disabled":false,"id":""},{"text":"Groups","disabled":false,"id":""},{"text":"Training","disabled":false,"id":""},{"text":"Schedule","disabled":false,"id":""},{"text":"Lives","disabled":false,"id":""},{"text":"Songs","disabled":false,"id":""},{"text":"Making","disabled":false,"id":""},{"text":"Media","disabled":false,"id":""},{"text":"Scout","disabled":false,"id":""},{"text":"Finances","disabled":false,"id":""},{"text":"Mark all read","disabled":true,"id":"btn-inbox-mark-all"},{"text":"* Today's live schedule\n        2025-08-01 - Assistant","disabled":false,"id":""},{"text":"Morning training ended\n        2025-07-31 - Training","disabled":false,"id":""},{"text":"Morning training ended\n        2025-07-30 - Training","disabled":false,"id":""},{"text":"Morning training ended\n        2025-07-29 - Training","disabled":false,"id":""},{"text":"Afternoon training ended\n        2025-07-28 - Training","disabled":false,"id":""},{"text":"Morning training ended\n        2025-07-28 - Training","disabled":false,"id":""},{"text":"Weekly news roundup\n        2025-07-28 - News","disabled":false,"id":""},{"text":"Morning training ended\n        2025-07-25 - Training","disabled":false,"id":""},{"text":"Morning training ended\n        2025-07-24 - Training","disabled":false,"id":""},{"text":"Morning training ended\n        2025-07-23 - Training","disabled":false,"id":""},{"text":"Morning training ended\n        2025-07-22 - Training","disabled":false,"id":""},{"text":"Morning training ended\n        2025-07-21 - Training","disabled":false,"id":""},{"text":"Weekly news roundup\n        2025-07-21 - News","disabled":false,"id":""},{"text":"Morning training ended\n        2025-07-18 - Training","disabled":false,"id":""},{"text":"Morning training ended\n        2025-07-17 - Training","disabled":false,"id":""},{"text":"Morning training ended\n        2025-07-16 - Training","disabled":false,"id":""},{"text":"Morning training ended\n        2025-07-15 - Training","disabled":false,"id":""},{"text":"Morning training ended\n        2025-07-14 - Training","disabled":false,"id":""},{"text":"Weekly news roundup\n        2025-07-14 - News","disabled":false,"id":""}]
[sim_takane_6m] open today's live schedule at 2025-08-01
[sim_takane_6m] open today's live schedule at 2025-08-01
[sim_takane_6m] open today's live schedule at 2025-08-01
[sim_takane_6m] open today's live schedule at 2025-08-01
[sim_takane_6m] open today's live schedule at 2025-08-01
[sim_takane_6m] open today's live schedule at 2025-08-01
[sim_takane_6m] open today's live schedule at 2025-08-01
[sim_takane_6m] open today's live schedule at 2025-08-01
[sim_takane_6m] open today's live schedule at 2025-08-01
[sim_takane_6m] open today's live schedule at 2025-08-01
[sim_takane_6m] open today's live schedule at 2025-08-01
[sim_takane_6m] open today's live schedule at 2025-08-01
[sim_takane_6m] open today's live schedule at 2025-08-01
[sim_takane_6m] open today's live schedule at 2025-08-01
[sim_takane_6m] step=3825 iso=2025-08-01 display=Friday, August 1, 2025 19:20 stale=3774
[sim_takane_6m] open today's live schedule at 2025-08-01
[sim_takane_6m] open today's live schedule at 2025-08-01
[sim_takane_6m] open today's live schedule at 2025-08-01
[sim_takane_6m] open today's live schedule at 2025-08-01
[sim_takane_6m] open today's live schedule at 2025-08-01
[sim_takane_6m] open today's live schedule at 2025-08-01
[sim_takane_6m] stale buttons Friday, August 1, 2025 19:20 :: [{"text":"Main menu","disabled":false,"id":"btn-main-menu"},{"text":"Save game","disabled":false,"id":"btn-save"},{"text":"Load game","disabled":false,"id":"btn-load"},{"text":"New game","disabled":false,"id":"btn-new"},{"text":"Clear slot","disabled":false,"id":"btn-clear"},{"text":"‹","disabled":false,"id":""},{"text":"›","disabled":true,"id":""},{"text":"Friday, August 1, 2025 19:20","disabled":false,"id":"btn-goto-schedule"},{"text":"Next","disabled":false,"id":"btn-next-day"},{"text":"Inbox","disabled":false,"id":""},{"text":"Idols","disabled":false,"id":""},{"text":"Groups","disabled":false,"id":""},{"text":"Training","disabled":false,"id":""},{"text":"Schedule","disabled":false,"id":""},{"text":"Lives","disabled":false,"id":""},{"text":"Songs","disabled":false,"id":""},{"text":"Making","disabled":false,"id":""},{"text":"Media","disabled":false,"id":""},{"text":"Scout","disabled":false,"id":""},{"text":"Finances","disabled":false,"id":""},{"text":"Mark all read","disabled":true,"id":"btn-inbox-mark-all"},{"text":"* Today's live schedule\n        2025-08-01 - Assistant","disabled":false,"id":""},{"text":"Morning training ended\n        2025-07-31 - Training","disabled":false,"id":""},{"text":"Morning training ended\n        2025-07-30 - Training","disabled":false,"id":""},{"text":"Morning training ended\n        2025-07-29 - Training","disabled":false,"id":""},{"text":"Afternoon training ended\n        2025-07-28 - Training","disabled":false,"id":""},{"text":"Morning training ended\n        2025-07-28 - Training","disabled":false,"id":""},{"text":"Weekly news roundup\n        2025-07-28 - News","disabled":false,"id":""},{"text":"Morning training ended\n        2025-07-25 - Training","disabled":false,"id":""},{"text":"Morning training ended\n        2025-07-24 - Training","disabled":false,"id":""},{"text":"Morning training ended\n        2025-07-23 - Training","disabled":false,"id":""},{"text":"Morning training ended\n        2025-07-22 - Training","disabled":false,"id":""},{"text":"Morning training ended\n        2025-07-21 - Training","disabled":false,"id":""},{"text":"Weekly news roundup\n        2025-07-21 - News","disabled":false,"id":""},{"text":"Morning training ended\n        2025-07-18 - Training","disabled":false,"id":""},{"text":"Morning training ended\n        2025-07-17 - Training","disabled":false,"id":""},{"text":"Morning training ended\n        2025-07-16 - Training","disabled":false,"id":""},{"text":"Morning training ended\n        2025-07-15 - Training","disabled":false,"id":""},{"text":"Morning training ended\n        2025-07-14 - Training","disabled":false,"id":""},{"text":"Weekly news roundup\n        2025-07-14 - News","disabled":false,"id":""}]
[sim_takane_6m] open today's live schedule at 2025-08-01
[sim_takane_6m] open today's live schedule at 2025-08-01
[sim_takane_6m] open today's live schedule at 2025-08-01
[sim_takane_6m] open today's live schedule at 2025-08-01
[sim_takane_6m] open today's live schedule at 2025-08-01
[sim_takane_6m] open today's live schedule at 2025-08-01
[sim_takane_6m] open today's live schedule at 2025-08-01
[sim_takane_6m] open today's live schedule at 2025-08-01
[sim_takane_6m] open today's live schedule at 2025-08-01
[sim_takane_6m] open today's live schedule at 2025-08-01
[sim_takane_6m] open today's live schedule at 2025-08-01
[sim_takane_6m] open today's live schedule at 2025-08-01
[sim_takane_6m] open today's live schedule at 2025-08-01
[sim_takane_6m] open today's live schedule at 2025-08-01
[sim_takane_6m] open today's live schedule at 2025-08-01
[sim_takane_6m] open today's live schedule at 2025-08-01
[sim_takane_6m] open today's live schedule at 2025-08-01
[sim_takane_6m] open today's live schedule at 2025-08-01
[sim_takane_6m] open today's live schedule at 2025-08-01
[sim_takane_6m] step=3850 iso=2025-08-01 display=Friday, August 1, 2025 19:20 stale=3799
[sim_takane_6m] open today's live schedule at 2025-08-01
[sim_takane_6m] stale buttons Friday, August 1, 2025 19:20 :: [{"text":"Main menu","disabled":false,"id":"btn-main-menu"},{"text":"Save game","disabled":false,"id":"btn-save"},{"text":"Load game","disabled":false,"id":"btn-load"},{"text":"New game","disabled":false,"id":"btn-new"},{"text":"Clear slot","disabled":false,"id":"btn-clear"},{"text":"‹","disabled":false,"id":""},{"text":"›","disabled":true,"id":""},{"text":"Friday, August 1, 2025 19:20","disabled":false,"id":"btn-goto-schedule"},{"text":"Next","disabled":false,"id":"btn-next-day"},{"text":"Inbox","disabled":false,"id":""},{"text":"Idols","disabled":false,"id":""},{"text":"Groups","disabled":false,"id":""},{"text":"Training","disabled":false,"id":""},{"text":"Schedule","disabled":false,"id":""},{"text":"Lives","disabled":false,"id":""},{"text":"Songs","disabled":false,"id":""},{"text":"Making","disabled":false,"id":""},{"text":"Media","disabled":false,"id":""},{"text":"Scout","disabled":false,"id":""},{"text":"Finances","disabled":false,"id":""},{"text":"Mark all read","disabled":true,"id":"btn-inbox-mark-all"},{"text":"* Today's live schedule\n        2025-08-01 - Assistant","disabled":false,"id":""},{"text":"Morning training ended\n        2025-07-31 - Training","disabled":false,"id":""},{"text":"Morning training ended\n        2025-07-30 - Training","disabled":false,"id":""},{"text":"Morning training ended\n        2025-07-29 - Training","disabled":false,"id":""},{"text":"Afternoon training ended\n        2025-07-28 - Training","disabled":false,"id":""},{"text":"Morning training ended\n        2025-07-28 - Training","disabled":false,"id":""},{"text":"Weekly news roundup\n        2025-07-28 - News","disabled":false,"id":""},{"text":"Morning training ended\n        2025-07-25 - Training","disabled":false,"id":""},{"text":"Morning training ended\n        2025-07-24 - Training","disabled":false,"id":""},{"text":"Morning training ended\n        2025-07-23 - Training","disabled":false,"id":""},{"text":"Morning training ended\n        2025-07-22 - Training","disabled":false,"id":""},{"text":"Morning training ended\n        2025-07-21 - Training","disabled":false,"id":""},{"text":"Weekly news roundup\n        2025-07-21 - News","disabled":false,"id":""},{"text":"Morning training ended\n        2025-07-18 - Training","disabled":false,"id":""},{"text":"Morning training ended\n        2025-07-17 - Training","disabled":false,"id":""},{"text":"Morning training ended\n        2025-07-16 - Training","disabled":false,"id":""},{"text":"Morning training ended\n        2025-07-15 - Training","disabled":false,"id":""},{"text":"Morning training ended\n        2025-07-14 - Training","disabled":false,"id":""},{"text":"Weekly news roundup\n        2025-07-14 - News","disabled":false,"id":""}]
[sim_takane_6m] open today's live schedule at 2025-08-01
[sim_takane_6m] open today's live schedule at 2025-08-01
[sim_takane_6m] open today's live schedule at 2025-08-01
[sim_takane_6m] open today's live schedule at 2025-08-01
[sim_takane_6m] open today's live schedule at 2025-08-01
[sim_takane_6m] open today's live schedule at 2025-08-01
[sim_takane_6m] open today's live schedule at 2025-08-01
[sim_takane_6m] open today's live schedule at 2025-08-01
[sim_takane_6m] open today's live schedule at 2025-08-01
[sim_takane_6m] open today's live schedule at 2025-08-01
[sim_takane_6m] open today's live schedule at 2025-08-01
[sim_takane_6m] open today's live schedule at 2025-08-01
[sim_takane_6m] open today's live schedule at 2025-08-01
[sim_takane_6m] open today's live schedule at 2025-08-01
[sim_takane_6m] open today's live schedule at 2025-08-01
[sim_takane_6m] open today's live schedule at 2025-08-01
[sim_takane_6m] open today's live schedule at 2025-08-01
[sim_takane_6m] open today's live schedule at 2025-08-01
[sim_takane_6m] open today's live schedule at 2025-08-01
[sim_takane_6m] open today's live schedule at 2025-08-01
[sim_takane_6m] stale buttons Friday, August 1, 2025 19:20 :: [{"text":"Main menu","disabled":false,"id":"btn-main-menu"},{"text":"Save game","disabled":false,"id":"btn-save"},{"text":"Load game","disabled":false,"id":"btn-load"},{"text":"New game","disabled":false,"id":"btn-new"},{"text":"Clear slot","disabled":false,"id":"btn-clear"},{"text":"‹","disabled":false,"id":""},{"text":"›","disabled":true,"id":""},{"text":"Friday, August 1, 2025 19:20","disabled":false,"id":"btn-goto-schedule"},{"text":"Next","disabled":false,"id":"btn-next-day"},{"text":"Inbox","disabled":false,"id":""},{"text":"Idols","disabled":false,"id":""},{"text":"Groups","disabled":false,"id":""},{"text":"Training","disabled":false,"id":""},{"text":"Schedule","disabled":false,"id":""},{"text":"Lives","disabled":false,"id":""},{"text":"Songs","disabled":false,"id":""},{"text":"Making","disabled":false,"id":""},{"text":"Media","disabled":false,"id":""},{"text":"Scout","disabled":false,"id":""},{"text":"Finances","disabled":false,"id":""},{"text":"Mark all read","disabled":true,"id":"btn-inbox-mark-all"},{"text":"* Today's live schedule\n        2025-08-01 - Assistant","disabled":false,"id":""},{"text":"Morning training ended\n        2025-07-31 - Training","disabled":false,"id":""},{"text":"Morning training ended\n        2025-07-30 - Training","disabled":false,"id":""},{"text":"Morning training ended\n        2025-07-29 - Training","disabled":false,"id":""},{"text":"Afternoon training ended\n        2025-07-28 - Training","disabled":false,"id":""},{"text":"Morning training ended\n        2025-07-28 - Training","disabled":false,"id":""},{"text":"Weekly news roundup\n        2025-07-28 - News","disabled":false,"id":""},{"text":"Morning training ended\n        2025-07-25 - Training","disabled":false,"id":""},{"text":"Morning training ended\n        2025-07-24 - Training","disabled":false,"id":""},{"text":"Morning training ended\n        2025-07-23 - Training","disabled":false,"id":""},{"text":"Morning training ended\n        2025-07-22 - Training","disabled":false,"id":""},{"text":"Morning training ended\n        2025-07-21 - Training","disabled":false,"id":""},{"text":"Weekly news roundup\n        2025-07-21 - News","disabled":false,"id":""},{"text":"Morning training ended\n        2025-07-18 - Training","disabled":false,"id":""},{"text":"Morning training ended\n        2025-07-17 - Training","disabled":false,"id":""},{"text":"Morning training ended\n        2025-07-16 - Training","disabled":false,"id":""},{"text":"Morning training ended\n        2025-07-15 - Training","disabled":false,"id":""},{"text":"Morning training ended\n        2025-07-14 - Training","disabled":false,"id":""},{"text":"Weekly news roundup\n        2025-07-14 - News","disabled":false,"id":""}]
[sim_takane_6m] open today's live schedule at 2025-08-01
[sim_takane_6m] open today's live schedule at 2025-08-01
[sim_takane_6m] open today's live schedule at 2025-08-01
[sim_takane_6m] open today's live schedule at 2025-08-01
[sim_takane_6m] step=3875 iso=2025-08-01 display=Friday, August 1, 2025 19:20 stale=3824
[sim_takane_6m] open today's live schedule at 2025-08-01
[sim_takane_6m] open today's live schedule at 2025-08-01
[sim_takane_6m] open today's live schedule at 2025-08-01
[sim_takane_6m] open today's live schedule at 2025-08-01
[sim_takane_6m] open today's live schedule at 2025-08-01
[sim_takane_6m] open today's live schedule at 2025-08-01
[sim_takane_6m] open today's live schedule at 2025-08-01
[sim_takane_6m] open today's live schedule at 2025-08-01
[sim_takane_6m] open today's live schedule at 2025-08-01
[sim_takane_6m] open today's live schedule at 2025-08-01
[sim_takane_6m] open today's live schedule at 2025-08-01
[sim_takane_6m] open today's live schedule at 2025-08-01
[sim_takane_6m] open today's live schedule at 2025-08-01
[sim_takane_6m] open today's live schedule at 2025-08-01
[sim_takane_6m] open today's live schedule at 2025-08-01
[sim_takane_6m] open today's live schedule at 2025-08-01
[sim_takane_6m] stale buttons Friday, August 1, 2025 19:20 :: [{"text":"Main menu","disabled":false,"id":"btn-main-menu"},{"text":"Save game","disabled":false,"id":"btn-save"},{"text":"Load game","disabled":false,"id":"btn-load"},{"text":"New game","disabled":false,"id":"btn-new"},{"text":"Clear slot","disabled":false,"id":"btn-clear"},{"text":"‹","disabled":false,"id":""},{"text":"›","disabled":true,"id":""},{"text":"Friday, August 1, 2025 19:20","disabled":false,"id":"btn-goto-schedule"},{"text":"Next","disabled":false,"id":"btn-next-day"},{"text":"Inbox","disabled":false,"id":""},{"text":"Idols","disabled":false,"id":""},{"text":"Groups","disabled":false,"id":""},{"text":"Training","disabled":false,"id":""},{"text":"Schedule","disabled":false,"id":""},{"text":"Lives","disabled":false,"id":""},{"text":"Songs","disabled":false,"id":""},{"text":"Making","disabled":false,"id":""},{"text":"Media","disabled":false,"id":""},{"text":"Scout","disabled":false,"id":""},{"text":"Finances","disabled":false,"id":""},{"text":"Mark all read","disabled":true,"id":"btn-inbox-mark-all"},{"text":"* Today's live schedule\n        2025-08-01 - Assistant","disabled":false,"id":""},{"text":"Morning training ended\n        2025-07-31 - Training","disabled":false,"id":""},{"text":"Morning training ended\n        2025-07-30 - Training","disabled":false,"id":""},{"text":"Morning training ended\n        2025-07-29 - Training","disabled":false,"id":""},{"text":"Afternoon training ended\n        2025-07-28 - Training","disabled":false,"id":""},{"text":"Morning training ended\n        2025-07-28 - Training","disabled":false,"id":""},{"text":"Weekly news roundup\n        2025-07-28 - News","disabled":false,"id":""},{"text":"Morning training ended\n        2025-07-25 - Training","disabled":false,"id":""},{"text":"Morning training ended\n        2025-07-24 - Training","disabled":false,"id":""},{"text":"Morning training ended\n        2025-07-23 - Training","disabled":false,"id":""},{"text":"Morning training ended\n        2025-07-22 - Training","disabled":false,"id":""},{"text":"Morning training ended\n        2025-07-21 - Training","disabled":false,"id":""},{"text":"Weekly news roundup\n        2025-07-21 - News","disabled":false,"id":""},{"text":"Morning training ended\n        2025-07-18 - Training","disabled":false,"id":""},{"text":"Morning training ended\n        2025-07-17 - Training","disabled":false,"id":""},{"text":"Morning training ended\n        2025-07-16 - Training","disabled":false,"id":""},{"text":"Morning training ended\n        2025-07-15 - Training","disabled":false,"id":""},{"text":"Morning training ended\n        2025-07-14 - Training","disabled":false,"id":""},{"text":"Weekly news roundup\n        2025-07-14 - News","disabled":false,"id":""}]
[sim_takane_6m] open today's live schedule at 2025-08-01
[sim_takane_6m] open today's live schedule at 2025-08-01
[sim_takane_6m] open today's live schedule at 2025-08-01
[sim_takane_6m] open today's live schedule at 2025-08-01
[sim_takane_6m] open today's live schedule at 2025-08-01
[sim_takane_6m] open today's live schedule at 2025-08-01
[sim_takane_6m] open today's live schedule at 2025-08-01
[sim_takane_6m] open today's live schedule at 2025-08-01
[sim_takane_6m] open today's live schedule at 2025-08-01
[sim_takane_6m] step=3900 iso=2025-08-01 display=Friday, August 1, 2025 19:20 stale=3849
[sim_takane_6m] open today's live schedule at 2025-08-01
[sim_takane_6m] open today's live schedule at 2025-08-01
[sim_takane_6m] open today's live schedule at 2025-08-01
[sim_takane_6m] open today's live schedule at 2025-08-01
[sim_takane_6m] open today's live schedule at 2025-08-01
[sim_takane_6m] open today's live schedule at 2025-08-01
[sim_takane_6m] open today's live schedule at 2025-08-01
[sim_takane_6m] open today's live schedule at 2025-08-01
[sim_takane_6m] open today's live schedule at 2025-08-01
[sim_takane_6m] open today's live schedule at 2025-08-01
[sim_takane_6m] open today's live schedule at 2025-08-01
[sim_takane_6m] stale buttons Friday, August 1, 2025 19:20 :: [{"text":"Main menu","disabled":false,"id":"btn-main-menu"},{"text":"Save game","disabled":false,"id":"btn-save"},{"text":"Load game","disabled":false,"id":"btn-load"},{"text":"New game","disabled":false,"id":"btn-new"},{"text":"Clear slot","disabled":false,"id":"btn-clear"},{"text":"‹","disabled":false,"id":""},{"text":"›","disabled":true,"id":""},{"text":"Friday, August 1, 2025 19:20","disabled":false,"id":"btn-goto-schedule"},{"text":"Next","disabled":false,"id":"btn-next-day"},{"text":"Inbox","disabled":false,"id":""},{"text":"Idols","disabled":false,"id":""},{"text":"Groups","disabled":false,"id":""},{"text":"Training","disabled":false,"id":""},{"text":"Schedule","disabled":false,"id":""},{"text":"Lives","disabled":false,"id":""},{"text":"Songs","disabled":false,"id":""},{"text":"Making","disabled":false,"id":""},{"text":"Media","disabled":false,"id":""},{"text":"Scout","disabled":false,"id":""},{"text":"Finances","disabled":false,"id":""},{"text":"Mark all read","disabled":true,"id":"btn-inbox-mark-all"},{"text":"* Today's live schedule\n        2025-08-01 - Assistant","disabled":false,"id":""},{"text":"Morning training ended\n        2025-07-31 - Training","disabled":false,"id":""},{"text":"Morning training ended\n        2025-07-30 - Training","disabled":false,"id":""},{"text":"Morning training ended\n        2025-07-29 - Training","disabled":false,"id":""},{"text":"Afternoon training ended\n        2025-07-28 - Training","disabled":false,"id":""},{"text":"Morning training ended\n        2025-07-28 - Training","disabled":false,"id":""},{"text":"Weekly news roundup\n        2025-07-28 - News","disabled":false,"id":""},{"text":"Morning training ended\n        2025-07-25 - Training","disabled":false,"id":""},{"text":"Morning training ended\n        2025-07-24 - Training","disabled":false,"id":""},{"text":"Morning training ended\n        2025-07-23 - Training","disabled":false,"id":""},{"text":"Morning training ended\n        2025-07-22 - Training","disabled":false,"id":""},{"text":"Morning training ended\n        2025-07-21 - Training","disabled":false,"id":""},{"text":"Weekly news roundup\n        2025-07-21 - News","disabled":false,"id":""},{"text":"Morning training ended\n        2025-07-18 - Training","disabled":false,"id":""},{"text":"Morning training ended\n        2025-07-17 - Training","disabled":false,"id":""},{"text":"Morning training ended\n        2025-07-16 - Training","disabled":false,"id":""},{"text":"Morning training ended\n        2025-07-15 - Training","disabled":false,"id":""},{"text":"Morning training ended\n        2025-07-14 - Training","disabled":false,"id":""},{"text":"Weekly news roundup\n        2025-07-14 - News","disabled":false,"id":""}]
[sim_takane_6m] open today's live schedule at 2025-08-01
[sim_takane_6m] open today's live schedule at 2025-08-01
[sim_takane_6m] open today's live schedule at 2025-08-01
[sim_takane_6m] open today's live schedule at 2025-08-01
[sim_takane_6m] open today's live schedule at 2025-08-01
[sim_takane_6m] open today's live schedule at 2025-08-01
[sim_takane_6m] open today's live schedule at 2025-08-01
[sim_takane_6m] open today's live schedule at 2025-08-01
[sim_takane_6m] open today's live schedule at 2025-08-01
[sim_takane_6m] open today's live schedule at 2025-08-01
[sim_takane_6m] open today's live schedule at 2025-08-01
[sim_takane_6m] open today's live schedule at 2025-08-01
[sim_takane_6m] open today's live schedule at 2025-08-01
[sim_takane_6m] open today's live schedule at 2025-08-01
[sim_takane_6m] step=3925 iso=2025-08-01 display=Friday, August 1, 2025 19:20 stale=3874
[sim_takane_6m] open today's live schedule at 2025-08-01
[sim_takane_6m] open today's live schedule at 2025-08-01
[sim_takane_6m] open today's live schedule at 2025-08-01
[sim_takane_6m] open today's live schedule at 2025-08-01
[sim_takane_6m] open today's live schedule at 2025-08-01
[sim_takane_6m] open today's live schedule at 2025-08-01
[sim_takane_6m] stale buttons Friday, August 1, 2025 19:20 :: [{"text":"Main menu","disabled":false,"id":"btn-main-menu"},{"text":"Save game","disabled":false,"id":"btn-save"},{"text":"Load game","disabled":false,"id":"btn-load"},{"text":"New game","disabled":false,"id":"btn-new"},{"text":"Clear slot","disabled":false,"id":"btn-clear"},{"text":"‹","disabled":false,"id":""},{"text":"›","disabled":true,"id":""},{"text":"Friday, August 1, 2025 19:20","disabled":false,"id":"btn-goto-schedule"},{"text":"Next","disabled":false,"id":"btn-next-day"},{"text":"Inbox","disabled":false,"id":""},{"text":"Idols","disabled":false,"id":""},{"text":"Groups","disabled":false,"id":""},{"text":"Training","disabled":false,"id":""},{"text":"Schedule","disabled":false,"id":""},{"text":"Lives","disabled":false,"id":""},{"text":"Songs","disabled":false,"id":""},{"text":"Making","disabled":false,"id":""},{"text":"Media","disabled":false,"id":""},{"text":"Scout","disabled":false,"id":""},{"text":"Finances","disabled":false,"id":""},{"text":"Mark all read","disabled":true,"id":"btn-inbox-mark-all"},{"text":"* Today's live schedule\n        2025-08-01 - Assistant","disabled":false,"id":""},{"text":"Morning training ended\n        2025-07-31 - Training","disabled":false,"id":""},{"text":"Morning training ended\n        2025-07-30 - Training","disabled":false,"id":""},{"text":"Morning training ended\n        2025-07-29 - Training","disabled":false,"id":""},{"text":"Afternoon training ended\n        2025-07-28 - Training","disabled":false,"id":""},{"text":"Morning training ended\n        2025-07-28 - Training","disabled":false,"id":""},{"text":"Weekly news roundup\n        2025-07-28 - News","disabled":false,"id":""},{"text":"Morning training ended\n        2025-07-25 - Training","disabled":false,"id":""},{"text":"Morning training ended\n        2025-07-24 - Training","disabled":false,"id":""},{"text":"Morning training ended\n        2025-07-23 - Training","disabled":false,"id":""},{"text":"Morning training ended\n        2025-07-22 - Training","disabled":false,"id":""},{"text":"Morning training ended\n        2025-07-21 - Training","disabled":false,"id":""},{"text":"Weekly news roundup\n        2025-07-21 - News","disabled":false,"id":""},{"text":"Morning training ended\n        2025-07-18 - Training","disabled":false,"id":""},{"text":"Morning training ended\n        2025-07-17 - Training","disabled":false,"id":""},{"text":"Morning training ended\n        2025-07-16 - Training","disabled":false,"id":""},{"text":"Morning training ended\n        2025-07-15 - Training","disabled":false,"id":""},{"text":"Morning training ended\n        2025-07-14 - Training","disabled":false,"id":""},{"text":"Weekly news roundup\n        2025-07-14 - News","disabled":false,"id":""}]
[sim_takane_6m] open today's live schedule at 2025-08-01
[sim_takane_6m] open today's live schedule at 2025-08-01
[sim_takane_6m] open today's live schedule at 2025-08-01
[sim_takane_6m] open today's live schedule at 2025-08-01
[sim_takane_6m] open today's live schedule at 2025-08-01
[sim_takane_6m] open today's live schedule at 2025-08-01
[sim_takane_6m] open today's live schedule at 2025-08-01
[sim_takane_6m] open today's live schedule at 2025-08-01
[sim_takane_6m] open today's live schedule at 2025-08-01
[sim_takane_6m] open today's live schedule at 2025-08-01
[sim_takane_6m] open today's live schedule at 2025-08-01
[sim_takane_6m] open today's live schedule at 2025-08-01
[sim_takane_6m] open today's live schedule at 2025-08-01
[sim_takane_6m] open today's live schedule at 2025-08-01
[sim_takane_6m] open today's live schedule at 2025-08-01
[sim_takane_6m] open today's live schedule at 2025-08-01
[sim_takane_6m] open today's live schedule at 2025-08-01
[sim_takane_6m] open today's live schedule at 2025-08-01
[sim_takane_6m] open today's live schedule at 2025-08-01
[sim_takane_6m] step=3950 iso=2025-08-01 display=Friday, August 1, 2025 19:20 stale=3899
[sim_takane_6m] open today's live schedule at 2025-08-01
[sim_takane_6m] stale buttons Friday, August 1, 2025 19:20 :: [{"text":"Main menu","disabled":false,"id":"btn-main-menu"},{"text":"Save game","disabled":false,"id":"btn-save"},{"text":"Load game","disabled":false,"id":"btn-load"},{"text":"New game","disabled":false,"id":"btn-new"},{"text":"Clear slot","disabled":false,"id":"btn-clear"},{"text":"‹","disabled":false,"id":""},{"text":"›","disabled":true,"id":""},{"text":"Friday, August 1, 2025 19:20","disabled":false,"id":"btn-goto-schedule"},{"text":"Next","disabled":false,"id":"btn-next-day"},{"text":"Inbox","disabled":false,"id":""},{"text":"Idols","disabled":false,"id":""},{"text":"Groups","disabled":false,"id":""},{"text":"Training","disabled":false,"id":""},{"text":"Schedule","disabled":false,"id":""},{"text":"Lives","disabled":false,"id":""},{"text":"Songs","disabled":false,"id":""},{"text":"Making","disabled":false,"id":""},{"text":"Media","disabled":false,"id":""},{"text":"Scout","disabled":false,"id":""},{"text":"Finances","disabled":false,"id":""},{"text":"Mark all read","disabled":true,"id":"btn-inbox-mark-all"},{"text":"* Today's live schedule\n        2025-08-01 - Assistant","disabled":false,"id":""},{"text":"Morning training ended\n        2025-07-31 - Training","disabled":false,"id":""},{"text":"Morning training ended\n        2025-07-30 - Training","disabled":false,"id":""},{"text":"Morning training ended\n        2025-07-29 - Training","disabled":false,"id":""},{"text":"Afternoon training ended\n        2025-07-28 - Training","disabled":false,"id":""},{"text":"Morning training ended\n        2025-07-28 - Training","disabled":false,"id":""},{"text":"Weekly news roundup\n        2025-07-28 - News","disabled":false,"id":""},{"text":"Morning training ended\n        2025-07-25 - Training","disabled":false,"id":""},{"text":"Morning training ended\n        2025-07-24 - Training","disabled":false,"id":""},{"text":"Morning training ended\n        2025-07-23 - Training","disabled":false,"id":""},{"text":"Morning training ended\n        2025-07-22 - Training","disabled":false,"id":""},{"text":"Morning training ended\n        2025-07-21 - Training","disabled":false,"id":""},{"text":"Weekly news roundup\n        2025-07-21 - News","disabled":false,"id":""},{"text":"Morning training ended\n        2025-07-18 - Training","disabled":false,"id":""},{"text":"Morning training ended\n        2025-07-17 - Training","disabled":false,"id":""},{"text":"Morning training ended\n        2025-07-16 - Training","disabled":false,"id":""},{"text":"Morning training ended\n        2025-07-15 - Training","disabled":false,"id":""},{"text":"Morning training ended\n        2025-07-14 - Training","disabled":false,"id":""},{"text":"Weekly news roundup\n        2025-07-14 - News","disabled":false,"id":""}]
[sim_takane_6m] open today's live schedule at 2025-08-01
[sim_takane_6m] open today's live schedule at 2025-08-01
[sim_takane_6m] open today's live schedule at 2025-08-01
[sim_takane_6m] open today's live schedule at 2025-08-01
[sim_takane_6m] open today's live schedule at 2025-08-01
[sim_takane_6m] open today's live schedule at 2025-08-01
[sim_takane_6m] open today's live schedule at 2025-08-01
[sim_takane_6m] open today's live schedule at 2025-08-01
[sim_takane_6m] open today's live schedule at 2025-08-01
[sim_takane_6m] open today's live schedule at 2025-08-01
[sim_takane_6m] open today's live schedule at 2025-08-01
[sim_takane_6m] open today's live schedule at 2025-08-01
[sim_takane_6m] open today's live schedule at 2025-08-01
[sim_takane_6m] open today's live schedule at 2025-08-01
[sim_takane_6m] open today's live schedule at 2025-08-01
[sim_takane_6m] open today's live schedule at 2025-08-01
[sim_takane_6m] open today's live schedule at 2025-08-01
[sim_takane_6m] open today's live schedule at 2025-08-01
[sim_takane_6m] open today's live schedule at 2025-08-01
[sim_takane_6m] open today's live schedule at 2025-08-01
[sim_takane_6m] stale buttons Friday, August 1, 2025 19:20 :: [{"text":"Main menu","disabled":false,"id":"btn-main-menu"},{"text":"Save game","disabled":false,"id":"btn-save"},{"text":"Load game","disabled":false,"id":"btn-load"},{"text":"New game","disabled":false,"id":"btn-new"},{"text":"Clear slot","disabled":false,"id":"btn-clear"},{"text":"‹","disabled":false,"id":""},{"text":"›","disabled":true,"id":""},{"text":"Friday, August 1, 2025 19:20","disabled":false,"id":"btn-goto-schedule"},{"text":"Next","disabled":false,"id":"btn-next-day"},{"text":"Inbox","disabled":false,"id":""},{"text":"Idols","disabled":false,"id":""},{"text":"Groups","disabled":false,"id":""},{"text":"Training","disabled":false,"id":""},{"text":"Schedule","disabled":false,"id":""},{"text":"Lives","disabled":false,"id":""},{"text":"Songs","disabled":false,"id":""},{"text":"Making","disabled":false,"id":""},{"text":"Media","disabled":false,"id":""},{"text":"Scout","disabled":false,"id":""},{"text":"Finances","disabled":false,"id":""},{"text":"Mark all read","disabled":true,"id":"btn-inbox-mark-all"},{"text":"* Today's live schedule\n        2025-08-01 - Assistant","disabled":false,"id":""},{"text":"Morning training ended\n        2025-07-31 - Training","disabled":false,"id":""},{"text":"Morning training ended\n        2025-07-30 - Training","disabled":false,"id":""},{"text":"Morning training ended\n        2025-07-29 - Training","disabled":false,"id":""},{"text":"Afternoon training ended\n        2025-07-28 - Training","disabled":false,"id":""},{"text":"Morning training ended\n        2025-07-28 - Training","disabled":false,"id":""},{"text":"Weekly news roundup\n        2025-07-28 - News","disabled":false,"id":""},{"text":"Morning training ended\n        2025-07-25 - Training","disabled":false,"id":""},{"text":"Morning training ended\n        2025-07-24 - Training","disabled":false,"id":""},{"text":"Morning training ended\n        2025-07-23 - Training","disabled":false,"id":""},{"text":"Morning training ended\n        2025-07-22 - Training","disabled":false,"id":""},{"text":"Morning training ended\n        2025-07-21 - Training","disabled":false,"id":""},{"text":"Weekly news roundup\n        2025-07-21 - News","disabled":false,"id":""},{"text":"Morning training ended\n        2025-07-18 - Training","disabled":false,"id":""},{"text":"Morning training ended\n        2025-07-17 - Training","disabled":false,"id":""},{"text":"Morning training ended\n        2025-07-16 - Training","disabled":false,"id":""},{"text":"Morning training ended\n        2025-07-15 - Training","disabled":false,"id":""},{"text":"Morning training ended\n        2025-07-14 - Training","disabled":false,"id":""},{"text":"Weekly news roundup\n        2025-07-14 - News","disabled":false,"id":""}]
[sim_takane_6m] open today's live schedule at 2025-08-01
[sim_takane_6m] open today's live schedule at 2025-08-01
[sim_takane_6m] open today's live schedule at 2025-08-01
[sim_takane_6m] open today's live schedule at 2025-08-01
[sim_takane_6m] step=3975 iso=2025-08-01 display=Friday, August 1, 2025 19:20 stale=3924
[sim_takane_6m] open today's live schedule at 2025-08-01
[sim_takane_6m] open today's live schedule at 2025-08-01
[sim_takane_6m] open today's live schedule at 2025-08-01
[sim_takane_6m] open today's live schedule at 2025-08-01
[sim_takane_6m] open today's live schedule at 2025-08-01
[sim_takane_6m] open today's live schedule at 2025-08-01
[sim_takane_6m] open today's live schedule at 2025-08-01
[sim_takane_6m] open today's live schedule at 2025-08-01
[sim_takane_6m] open today's live schedule at 2025-08-01
[sim_takane_6m] open today's live schedule at 2025-08-01
[sim_takane_6m] open today's live schedule at 2025-08-01
[sim_takane_6m] open today's live schedule at 2025-08-01
[sim_takane_6m] open today's live schedule at 2025-08-01
[sim_takane_6m] open today's live schedule at 2025-08-01
[sim_takane_6m] open today's live schedule at 2025-08-01
[sim_takane_6m] open today's live schedule at 2025-08-01
[sim_takane_6m] stale buttons Friday, August 1, 2025 19:20 :: [{"text":"Main menu","disabled":false,"id":"btn-main-menu"},{"text":"Save game","disabled":false,"id":"btn-save"},{"text":"Load game","disabled":false,"id":"btn-load"},{"text":"New game","disabled":false,"id":"btn-new"},{"text":"Clear slot","disabled":false,"id":"btn-clear"},{"text":"‹","disabled":false,"id":""},{"text":"›","disabled":true,"id":""},{"text":"Friday, August 1, 2025 19:20","disabled":false,"id":"btn-goto-schedule"},{"text":"Next","disabled":false,"id":"btn-next-day"},{"text":"Inbox","disabled":false,"id":""},{"text":"Idols","disabled":false,"id":""},{"text":"Groups","disabled":false,"id":""},{"text":"Training","disabled":false,"id":""},{"text":"Schedule","disabled":false,"id":""},{"text":"Lives","disabled":false,"id":""},{"text":"Songs","disabled":false,"id":""},{"text":"Making","disabled":false,"id":""},{"text":"Media","disabled":false,"id":""},{"text":"Scout","disabled":false,"id":""},{"text":"Finances","disabled":false,"id":""},{"text":"Mark all read","disabled":true,"id":"btn-inbox-mark-all"},{"text":"* Today's live schedule\n        2025-08-01 - Assistant","disabled":false,"id":""},{"text":"Morning training ended\n        2025-07-31 - Training","disabled":false,"id":""},{"text":"Morning training ended\n        2025-07-30 - Training","disabled":false,"id":""},{"text":"Morning training ended\n        2025-07-29 - Training","disabled":false,"id":""},{"text":"Afternoon training ended\n        2025-07-28 - Training","disabled":false,"id":""},{"text":"Morning training ended\n        2025-07-28 - Training","disabled":false,"id":""},{"text":"Weekly news roundup\n        2025-07-28 - News","disabled":false,"id":""},{"text":"Morning training ended\n        2025-07-25 - Training","disabled":false,"id":""},{"text":"Morning training ended\n        2025-07-24 - Training","disabled":false,"id":""},{"text":"Morning training ended\n        2025-07-23 - Training","disabled":false,"id":""},{"text":"Morning training ended\n        2025-07-22 - Training","disabled":false,"id":""},{"text":"Morning training ended\n        2025-07-21 - Training","disabled":false,"id":""},{"text":"Weekly news roundup\n        2025-07-21 - News","disabled":false,"id":""},{"text":"Morning training ended\n        2025-07-18 - Training","disabled":false,"id":""},{"text":"Morning training ended\n        2025-07-17 - Training","disabled":false,"id":""},{"text":"Morning training ended\n        2025-07-16 - Training","disabled":false,"id":""},{"text":"Morning training ended\n        2025-07-15 - Training","disabled":false,"id":""},{"text":"Morning training ended\n        2025-07-14 - Training","disabled":false,"id":""},{"text":"Weekly news roundup\n        2025-07-14 - News","disabled":false,"id":""}]
[sim_takane_6m] open today's live schedule at 2025-08-01
[sim_takane_6m] open today's live schedule at 2025-08-01
[sim_takane_6m] open today's live schedule at 2025-08-01
[sim_takane_6m] open today's live schedule at 2025-08-01
[sim_takane_6m] open today's live schedule at 2025-08-01
[sim_takane_6m] open today's live schedule at 2025-08-01
[sim_takane_6m] open today's live schedule at 2025-08-01
[sim_takane_6m] open today's live schedule at 2025-08-01
[sim_takane_6m] open today's live schedule at 2025-08-01
[sim_takane_6m] step=4000 iso=2025-08-01 display=Friday, August 1, 2025 19:20 stale=3949
[sim_takane_6m] open today's live schedule at 2025-08-01
[sim_takane_6m] open today's live schedule at 2025-08-01
[sim_takane_6m] open today's live schedule at 2025-08-01
[sim_takane_6m] open today's live schedule at 2025-08-01
[sim_takane_6m] open today's live schedule at 2025-08-01
[sim_takane_6m] open today's live schedule at 2025-08-01
[sim_takane_6m] open today's live schedule at 2025-08-01
[sim_takane_6m] open today's live schedule at 2025-08-01
[sim_takane_6m] open today's live schedule at 2025-08-01
[sim_takane_6m] open today's live schedule at 2025-08-01
[sim_takane_6m] open today's live schedule at 2025-08-01
[sim_takane_6m] stale buttons Friday, August 1, 2025 19:20 :: [{"text":"Main menu","disabled":false,"id":"btn-main-menu"},{"text":"Save game","disabled":false,"id":"btn-save"},{"text":"Load game","disabled":false,"id":"btn-load"},{"text":"New game","disabled":false,"id":"btn-new"},{"text":"Clear slot","disabled":false,"id":"btn-clear"},{"text":"‹","disabled":false,"id":""},{"text":"›","disabled":true,"id":""},{"text":"Friday, August 1, 2025 19:20","disabled":false,"id":"btn-goto-schedule"},{"text":"Next","disabled":false,"id":"btn-next-day"},{"text":"Inbox","disabled":false,"id":""},{"text":"Idols","disabled":false,"id":""},{"text":"Groups","disabled":false,"id":""},{"text":"Training","disabled":false,"id":""},{"text":"Schedule","disabled":false,"id":""},{"text":"Lives","disabled":false,"id":""},{"text":"Songs","disabled":false,"id":""},{"text":"Making","disabled":false,"id":""},{"text":"Media","disabled":false,"id":""},{"text":"Scout","disabled":false,"id":""},{"text":"Finances","disabled":false,"id":""},{"text":"Mark all read","disabled":true,"id":"btn-inbox-mark-all"},{"text":"* Today's live schedule\n        2025-08-01 - Assistant","disabled":false,"id":""},{"text":"Morning training ended\n        2025-07-31 - Training","disabled":false,"id":""},{"text":"Morning training ended\n        2025-07-30 - Training","disabled":false,"id":""},{"text":"Morning training ended\n        2025-07-29 - Training","disabled":false,"id":""},{"text":"Afternoon training ended\n        2025-07-28 - Training","disabled":false,"id":""},{"text":"Morning training ended\n        2025-07-28 - Training","disabled":false,"id":""},{"text":"Weekly news roundup\n        2025-07-28 - News","disabled":false,"id":""},{"text":"Morning training ended\n        2025-07-25 - Training","disabled":false,"id":""},{"text":"Morning training ended\n        2025-07-24 - Training","disabled":false,"id":""},{"text":"Morning training ended\n        2025-07-23 - Training","disabled":false,"id":""},{"text":"Morning training ended\n        2025-07-22 - Training","disabled":false,"id":""},{"text":"Morning training ended\n        2025-07-21 - Training","disabled":false,"id":""},{"text":"Weekly news roundup\n        2025-07-21 - News","disabled":false,"id":""},{"text":"Morning training ended\n        2025-07-18 - Training","disabled":false,"id":""},{"text":"Morning training ended\n        2025-07-17 - Training","disabled":false,"id":""},{"text":"Morning training ended\n        2025-07-16 - Training","disabled":false,"id":""},{"text":"Morning training ended\n        2025-07-15 - Training","disabled":false,"id":""},{"text":"Morning training ended\n        2025-07-14 - Training","disabled":false,"id":""},{"text":"Weekly news roundup\n        2025-07-14 - News","disabled":false,"id":""}]
[sim_takane_6m] open today's live schedule at 2025-08-01
[sim_takane_6m] open today's live schedule at 2025-08-01
[sim_takane_6m] open today's live schedule at 2025-08-01
[sim_takane_6m] open today's live schedule at 2025-08-01
[sim_takane_6m] open today's live schedule at 2025-08-01
[sim_takane_6m] open today's live schedule at 2025-08-01
[sim_takane_6m] open today's live schedule at 2025-08-01
[sim_takane_6m] open today's live schedule at 2025-08-01
[sim_takane_6m] open today's live schedule at 2025-08-01
[sim_takane_6m] open today's live schedule at 2025-08-01
[sim_takane_6m] open today's live schedule at 2025-08-01
[sim_takane_6m] open today's live schedule at 2025-08-01
[sim_takane_6m] open today's live schedule at 2025-08-01
[sim_takane_6m] open today's live schedule at 2025-08-01
[sim_takane_6m] step=4025 iso=2025-08-01 display=Friday, August 1, 2025 19:20 stale=3974
[sim_takane_6m] open today's live schedule at 2025-08-01
[sim_takane_6m] open today's live schedule at 2025-08-01
[sim_takane_6m] open today's live schedule at 2025-08-01
[sim_takane_6m] open today's live schedule at 2025-08-01
[sim_takane_6m] open today's live schedule at 2025-08-01
[sim_takane_6m] open today's live schedule at 2025-08-01
[sim_takane_6m] stale buttons Friday, August 1, 2025 19:20 :: [{"text":"Main menu","disabled":false,"id":"btn-main-menu"},{"text":"Save game","disabled":false,"id":"btn-save"},{"text":"Load game","disabled":false,"id":"btn-load"},{"text":"New game","disabled":false,"id":"btn-new"},{"text":"Clear slot","disabled":false,"id":"btn-clear"},{"text":"‹","disabled":false,"id":""},{"text":"›","disabled":true,"id":""},{"text":"Friday, August 1, 2025 19:20","disabled":false,"id":"btn-goto-schedule"},{"text":"Next","disabled":false,"id":"btn-next-day"},{"text":"Inbox","disabled":false,"id":""},{"text":"Idols","disabled":false,"id":""},{"text":"Groups","disabled":false,"id":""},{"text":"Training","disabled":false,"id":""},{"text":"Schedule","disabled":false,"id":""},{"text":"Lives","disabled":false,"id":""},{"text":"Songs","disabled":false,"id":""},{"text":"Making","disabled":false,"id":""},{"text":"Media","disabled":false,"id":""},{"text":"Scout","disabled":false,"id":""},{"text":"Finances","disabled":false,"id":""},{"text":"Mark all read","disabled":true,"id":"btn-inbox-mark-all"},{"text":"* Today's live schedule\n        2025-08-01 - Assistant","disabled":false,"id":""},{"text":"Morning training ended\n        2025-07-31 - Training","disabled":false,"id":""},{"text":"Morning training ended\n        2025-07-30 - Training","disabled":false,"id":""},{"text":"Morning training ended\n        2025-07-29 - Training","disabled":false,"id":""},{"text":"Afternoon training ended\n        2025-07-28 - Training","disabled":false,"id":""},{"text":"Morning training ended\n        2025-07-28 - Training","disabled":false,"id":""},{"text":"Weekly news roundup\n        2025-07-28 - News","disabled":false,"id":""},{"text":"Morning training ended\n        2025-07-25 - Training","disabled":false,"id":""},{"text":"Morning training ended\n        2025-07-24 - Training","disabled":false,"id":""},{"text":"Morning training ended\n        2025-07-23 - Training","disabled":false,"id":""},{"text":"Morning training ended\n        2025-07-22 - Training","disabled":false,"id":""},{"text":"Morning training ended\n        2025-07-21 - Training","disabled":false,"id":""},{"text":"Weekly news roundup\n        2025-07-21 - News","disabled":false,"id":""},{"text":"Morning training ended\n        2025-07-18 - Training","disabled":false,"id":""},{"text":"Morning training ended\n        2025-07-17 - Training","disabled":false,"id":""},{"text":"Morning training ended\n        2025-07-16 - Training","disabled":false,"id":""},{"text":"Morning training ended\n        2025-07-15 - Training","disabled":false,"id":""},{"text":"Morning training ended\n        2025-07-14 - Training","disabled":false,"id":""},{"text":"Weekly news roundup\n        2025-07-14 - News","disabled":false,"id":""}]
[sim_takane_6m] open today's live schedule at 2025-08-01
[sim_takane_6m] open today's live schedule at 2025-08-01
[sim_takane_6m] open today's live schedule at 2025-08-01
[sim_takane_6m] open today's live schedule at 2025-08-01
[sim_takane_6m] open today's live schedule at 2025-08-01
[sim_takane_6m] open today's live schedule at 2025-08-01
[sim_takane_6m] open today's live schedule at 2025-08-01
[sim_takane_6m] open today's live schedule at 2025-08-01
[sim_takane_6m] open today's live schedule at 2025-08-01
[sim_takane_6m] open today's live schedule at 2025-08-01
[sim_takane_6m] open today's live schedule at 2025-08-01
[sim_takane_6m] open today's live schedule at 2025-08-01
[sim_takane_6m] open today's live schedule at 2025-08-01
[sim_takane_6m] open today's live schedule at 2025-08-01
[sim_takane_6m] open today's live schedule at 2025-08-01
[sim_takane_6m] open today's live schedule at 2025-08-01
[sim_takane_6m] open today's live schedule at 2025-08-01
[sim_takane_6m] open today's live schedule at 2025-08-01
[sim_takane_6m] open today's live schedule at 2025-08-01
[sim_takane_6m] step=4050 iso=2025-08-01 display=Friday, August 1, 2025 19:20 stale=3999
[sim_takane_6m] open today's live schedule at 2025-08-01
[sim_takane_6m] stale buttons Friday, August 1, 2025 19:20 :: [{"text":"Main menu","disabled":false,"id":"btn-main-menu"},{"text":"Save game","disabled":false,"id":"btn-save"},{"text":"Load game","disabled":false,"id":"btn-load"},{"text":"New game","disabled":false,"id":"btn-new"},{"text":"Clear slot","disabled":false,"id":"btn-clear"},{"text":"‹","disabled":false,"id":""},{"text":"›","disabled":true,"id":""},{"text":"Friday, August 1, 2025 19:20","disabled":false,"id":"btn-goto-schedule"},{"text":"Next","disabled":false,"id":"btn-next-day"},{"text":"Inbox","disabled":false,"id":""},{"text":"Idols","disabled":false,"id":""},{"text":"Groups","disabled":false,"id":""},{"text":"Training","disabled":false,"id":""},{"text":"Schedule","disabled":false,"id":""},{"text":"Lives","disabled":false,"id":""},{"text":"Songs","disabled":false,"id":""},{"text":"Making","disabled":false,"id":""},{"text":"Media","disabled":false,"id":""},{"text":"Scout","disabled":false,"id":""},{"text":"Finances","disabled":false,"id":""},{"text":"Mark all read","disabled":true,"id":"btn-inbox-mark-all"},{"text":"* Today's live schedule\n        2025-08-01 - Assistant","disabled":false,"id":""},{"text":"Morning training ended\n        2025-07-31 - Training","disabled":false,"id":""},{"text":"Morning training ended\n        2025-07-30 - Training","disabled":false,"id":""},{"text":"Morning training ended\n        2025-07-29 - Training","disabled":false,"id":""},{"text":"Afternoon training ended\n        2025-07-28 - Training","disabled":false,"id":""},{"text":"Morning training ended\n        2025-07-28 - Training","disabled":false,"id":""},{"text":"Weekly news roundup\n        2025-07-28 - News","disabled":false,"id":""},{"text":"Morning training ended\n        2025-07-25 - Training","disabled":false,"id":""},{"text":"Morning training ended\n        2025-07-24 - Training","disabled":false,"id":""},{"text":"Morning training ended\n        2025-07-23 - Training","disabled":false,"id":""},{"text":"Morning training ended\n        2025-07-22 - Training","disabled":false,"id":""},{"text":"Morning training ended\n        2025-07-21 - Training","disabled":false,"id":""},{"text":"Weekly news roundup\n        2025-07-21 - News","disabled":false,"id":""},{"text":"Morning training ended\n        2025-07-18 - Training","disabled":false,"id":""},{"text":"Morning training ended\n        2025-07-17 - Training","disabled":false,"id":""},{"text":"Morning training ended\n        2025-07-16 - Training","disabled":false,"id":""},{"text":"Morning training ended\n        2025-07-15 - Training","disabled":false,"id":""},{"text":"Morning training ended\n        2025-07-14 - Training","disabled":false,"id":""},{"text":"Weekly news roundup\n        2025-07-14 - News","disabled":false,"id":""}]
[sim_takane_6m] open today's live schedule at 2025-08-01
[sim_takane_6m] open today's live schedule at 2025-08-01
[sim_takane_6m] open today's live schedule at 2025-08-01
[sim_takane_6m] open today's live schedule at 2025-08-01
[sim_takane_6m] open today's live schedule at 2025-08-01
[sim_takane_6m] open today's live schedule at 2025-08-01
[sim_takane_6m] open today's live schedule at 2025-08-01
[sim_takane_6m] open today's live schedule at 2025-08-01
[sim_takane_6m] open today's live schedule at 2025-08-01
[sim_takane_6m] open today's live schedule at 2025-08-01
[sim_takane_6m] open today's live schedule at 2025-08-01
[sim_takane_6m] open today's live schedule at 2025-08-01
[sim_takane_6m] open today's live schedule at 2025-08-01
[sim_takane_6m] open today's live schedule at 2025-08-01
[sim_takane_6m] open today's live schedule at 2025-08-01
[sim_takane_6m] open today's live schedule at 2025-08-01
[sim_takane_6m] open today's live schedule at 2025-08-01
[sim_takane_6m] open today's live schedule at 2025-08-01
[sim_takane_6m] open today's live schedule at 2025-08-01
[sim_takane_6m] open today's live schedule at 2025-08-01
[sim_takane_6m] stale buttons Friday, August 1, 2025 19:20 :: [{"text":"Main menu","disabled":false,"id":"btn-main-menu"},{"text":"Save game","disabled":false,"id":"btn-save"},{"text":"Load game","disabled":false,"id":"btn-load"},{"text":"New game","disabled":false,"id":"btn-new"},{"text":"Clear slot","disabled":false,"id":"btn-clear"},{"text":"‹","disabled":false,"id":""},{"text":"›","disabled":true,"id":""},{"text":"Friday, August 1, 2025 19:20","disabled":false,"id":"btn-goto-schedule"},{"text":"Next","disabled":false,"id":"btn-next-day"},{"text":"Inbox","disabled":false,"id":""},{"text":"Idols","disabled":false,"id":""},{"text":"Groups","disabled":false,"id":""},{"text":"Training","disabled":false,"id":""},{"text":"Schedule","disabled":false,"id":""},{"text":"Lives","disabled":false,"id":""},{"text":"Songs","disabled":false,"id":""},{"text":"Making","disabled":false,"id":""},{"text":"Media","disabled":false,"id":""},{"text":"Scout","disabled":false,"id":""},{"text":"Finances","disabled":false,"id":""},{"text":"Mark all read","disabled":true,"id":"btn-inbox-mark-all"},{"text":"* Today's live schedule\n        2025-08-01 - Assistant","disabled":false,"id":""},{"text":"Morning training ended\n        2025-07-31 - Training","disabled":false,"id":""},{"text":"Morning training ended\n        2025-07-30 - Training","disabled":false,"id":""},{"text":"Morning training ended\n        2025-07-29 - Training","disabled":false,"id":""},{"text":"Afternoon training ended\n        2025-07-28 - Training","disabled":false,"id":""},{"text":"Morning training ended\n        2025-07-28 - Training","disabled":false,"id":""},{"text":"Weekly news roundup\n        2025-07-28 - News","disabled":false,"id":""},{"text":"Morning training ended\n        2025-07-25 - Training","disabled":false,"id":""},{"text":"Morning training ended\n        2025-07-24 - Training","disabled":false,"id":""},{"text":"Morning training ended\n        2025-07-23 - Training","disabled":false,"id":""},{"text":"Morning training ended\n        2025-07-22 - Training","disabled":false,"id":""},{"text":"Morning training ended\n        2025-07-21 - Training","disabled":false,"id":""},{"text":"Weekly news roundup\n        2025-07-21 - News","disabled":false,"id":""},{"text":"Morning training ended\n        2025-07-18 - Training","disabled":false,"id":""},{"text":"Morning training ended\n        2025-07-17 - Training","disabled":false,"id":""},{"text":"Morning training ended\n        2025-07-16 - Training","disabled":false,"id":""},{"text":"Morning training ended\n        2025-07-15 - Training","disabled":false,"id":""},{"text":"Morning training ended\n        2025-07-14 - Training","disabled":false,"id":""},{"text":"Weekly news roundup\n        2025-07-14 - News","disabled":false,"id":""}]
[sim_takane_6m] open today's live schedule at 2025-08-01
[sim_takane_6m] open today's live schedule at 2025-08-01
[sim_takane_6m] open today's live schedule at 2025-08-01
[sim_takane_6m] open today's live schedule at 2025-08-01
[sim_takane_6m] step=4075 iso=2025-08-01 display=Friday, August 1, 2025 19:20 stale=4024
[sim_takane_6m] open today's live schedule at 2025-08-01
[sim_takane_6m] open today's live schedule at 2025-08-01
[sim_takane_6m] open today's live schedule at 2025-08-01
[sim_takane_6m] open today's live schedule at 2025-08-01
[sim_takane_6m] open today's live schedule at 2025-08-01
[sim_takane_6m] open today's live schedule at 2025-08-01
[sim_takane_6m] open today's live schedule at 2025-08-01
[sim_takane_6m] open today's live schedule at 2025-08-01
[sim_takane_6m] open today's live schedule at 2025-08-01
[sim_takane_6m] open today's live schedule at 2025-08-01
[sim_takane_6m] open today's live schedule at 2025-08-01
[sim_takane_6m] open today's live schedule at 2025-08-01
[sim_takane_6m] open today's live schedule at 2025-08-01
[sim_takane_6m] open today's live schedule at 2025-08-01
[sim_takane_6m] open today's live schedule at 2025-08-01
[sim_takane_6m] open today's live schedule at 2025-08-01
[sim_takane_6m] stale buttons Friday, August 1, 2025 19:20 :: [{"text":"Main menu","disabled":false,"id":"btn-main-menu"},{"text":"Save game","disabled":false,"id":"btn-save"},{"text":"Load game","disabled":false,"id":"btn-load"},{"text":"New game","disabled":false,"id":"btn-new"},{"text":"Clear slot","disabled":false,"id":"btn-clear"},{"text":"‹","disabled":false,"id":""},{"text":"›","disabled":true,"id":""},{"text":"Friday, August 1, 2025 19:20","disabled":false,"id":"btn-goto-schedule"},{"text":"Next","disabled":false,"id":"btn-next-day"},{"text":"Inbox","disabled":false,"id":""},{"text":"Idols","disabled":false,"id":""},{"text":"Groups","disabled":false,"id":""},{"text":"Training","disabled":false,"id":""},{"text":"Schedule","disabled":false,"id":""},{"text":"Lives","disabled":false,"id":""},{"text":"Songs","disabled":false,"id":""},{"text":"Making","disabled":false,"id":""},{"text":"Media","disabled":false,"id":""},{"text":"Scout","disabled":false,"id":""},{"text":"Finances","disabled":false,"id":""},{"text":"Mark all read","disabled":true,"id":"btn-inbox-mark-all"},{"text":"* Today's live schedule\n        2025-08-01 - Assistant","disabled":false,"id":""},{"text":"Morning training ended\n        2025-07-31 - Training","disabled":false,"id":""},{"text":"Morning training ended\n        2025-07-30 - Training","disabled":false,"id":""},{"text":"Morning training ended\n        2025-07-29 - Training","disabled":false,"id":""},{"text":"Afternoon training ended\n        2025-07-28 - Training","disabled":false,"id":""},{"text":"Morning training ended\n        2025-07-28 - Training","disabled":false,"id":""},{"text":"Weekly news roundup\n        2025-07-28 - News","disabled":false,"id":""},{"text":"Morning training ended\n        2025-07-25 - Training","disabled":false,"id":""},{"text":"Morning training ended\n        2025-07-24 - Training","disabled":false,"id":""},{"text":"Morning training ended\n        2025-07-23 - Training","disabled":false,"id":""},{"text":"Morning training ended\n        2025-07-22 - Training","disabled":false,"id":""},{"text":"Morning training ended\n        2025-07-21 - Training","disabled":false,"id":""},{"text":"Weekly news roundup\n        2025-07-21 - News","disabled":false,"id":""},{"text":"Morning training ended\n        2025-07-18 - Training","disabled":false,"id":""},{"text":"Morning training ended\n        2025-07-17 - Training","disabled":false,"id":""},{"text":"Morning training ended\n        2025-07-16 - Training","disabled":false,"id":""},{"text":"Morning training ended\n        2025-07-15 - Training","disabled":false,"id":""},{"text":"Morning training ended\n        2025-07-14 - Training","disabled":false,"id":""},{"text":"Weekly news roundup\n        2025-07-14 - News","disabled":false,"id":""}]
[sim_takane_6m] open today's live schedule at 2025-08-01
[sim_takane_6m] open today's live schedule at 2025-08-01
[sim_takane_6m] open today's live schedule at 2025-08-01
[sim_takane_6m] open today's live schedule at 2025-08-01
[sim_takane_6m] open today's live schedule at 2025-08-01
[sim_takane_6m] open today's live schedule at 2025-08-01
[sim_takane_6m] open today's live schedule at 2025-08-01
[sim_takane_6m] open today's live schedule at 2025-08-01
[sim_takane_6m] open today's live schedule at 2025-08-01
[sim_takane_6m] step=4100 iso=2025-08-01 display=Friday, August 1, 2025 19:20 stale=4049
[sim_takane_6m] open today's live schedule at 2025-08-01
[sim_takane_6m] open today's live schedule at 2025-08-01
[sim_takane_6m] open today's live schedule at 2025-08-01
[sim_takane_6m] open today's live schedule at 2025-08-01
[sim_takane_6m] open today's live schedule at 2025-08-01
[sim_takane_6m] open today's live schedule at 2025-08-01
[sim_takane_6m] open today's live schedule at 2025-08-01
[sim_takane_6m] open today's live schedule at 2025-08-01
[sim_takane_6m] open today's live schedule at 2025-08-01
[sim_takane_6m] open today's live schedule at 2025-08-01
[sim_takane_6m] open today's live schedule at 2025-08-01
[sim_takane_6m] stale buttons Friday, August 1, 2025 19:20 :: [{"text":"Main menu","disabled":false,"id":"btn-main-menu"},{"text":"Save game","disabled":false,"id":"btn-save"},{"text":"Load game","disabled":false,"id":"btn-load"},{"text":"New game","disabled":false,"id":"btn-new"},{"text":"Clear slot","disabled":false,"id":"btn-clear"},{"text":"‹","disabled":false,"id":""},{"text":"›","disabled":true,"id":""},{"text":"Friday, August 1, 2025 19:20","disabled":false,"id":"btn-goto-schedule"},{"text":"Next","disabled":false,"id":"btn-next-day"},{"text":"Inbox","disabled":false,"id":""},{"text":"Idols","disabled":false,"id":""},{"text":"Groups","disabled":false,"id":""},{"text":"Training","disabled":false,"id":""},{"text":"Schedule","disabled":false,"id":""},{"text":"Lives","disabled":false,"id":""},{"text":"Songs","disabled":false,"id":""},{"text":"Making","disabled":false,"id":""},{"text":"Media","disabled":false,"id":""},{"text":"Scout","disabled":false,"id":""},{"text":"Finances","disabled":false,"id":""},{"text":"Mark all read","disabled":true,"id":"btn-inbox-mark-all"},{"text":"* Today's live schedule\n        2025-08-01 - Assistant","disabled":false,"id":""},{"text":"Morning training ended\n        2025-07-31 - Training","disabled":false,"id":""},{"text":"Morning training ended\n        2025-07-30 - Training","disabled":false,"id":""},{"text":"Morning training ended\n        2025-07-29 - Training","disabled":false,"id":""},{"text":"Afternoon training ended\n        2025-07-28 - Training","disabled":false,"id":""},{"text":"Morning training ended\n        2025-07-28 - Training","disabled":false,"id":""},{"text":"Weekly news roundup\n        2025-07-28 - News","disabled":false,"id":""},{"text":"Morning training ended\n        2025-07-25 - Training","disabled":false,"id":""},{"text":"Morning training ended\n        2025-07-24 - Training","disabled":false,"id":""},{"text":"Morning training ended\n        2025-07-23 - Training","disabled":false,"id":""},{"text":"Morning training ended\n        2025-07-22 - Training","disabled":false,"id":""},{"text":"Morning training ended\n        2025-07-21 - Training","disabled":false,"id":""},{"text":"Weekly news roundup\n        2025-07-21 - News","disabled":false,"id":""},{"text":"Morning training ended\n        2025-07-18 - Training","disabled":false,"id":""},{"text":"Morning training ended\n        2025-07-17 - Training","disabled":false,"id":""},{"text":"Morning training ended\n        2025-07-16 - Training","disabled":false,"id":""},{"text":"Morning training ended\n        2025-07-15 - Training","disabled":false,"id":""},{"text":"Morning training ended\n        2025-07-14 - Training","disabled":false,"id":""},{"text":"Weekly news roundup\n        2025-07-14 - News","disabled":false,"id":""}]
[sim_takane_6m] open today's live schedule at 2025-08-01
[sim_takane_6m] open today's live schedule at 2025-08-01
[sim_takane_6m] open today's live schedule at 2025-08-01
[sim_takane_6m] open today's live schedule at 2025-08-01
[sim_takane_6m] open today's live schedule at 2025-08-01
[sim_takane_6m] open today's live schedule at 2025-08-01
[sim_takane_6m] open today's live schedule at 2025-08-01
[sim_takane_6m] open today's live schedule at 2025-08-01
[sim_takane_6m] open today's live schedule at 2025-08-01
[sim_takane_6m] open today's live schedule at 2025-08-01
[sim_takane_6m] open today's live schedule at 2025-08-01
[sim_takane_6m] open today's live schedule at 2025-08-01
[sim_takane_6m] open today's live schedule at 2025-08-01
[sim_takane_6m] open today's live schedule at 2025-08-01
[sim_takane_6m] step=4125 iso=2025-08-01 display=Friday, August 1, 2025 19:20 stale=4074
[sim_takane_6m] open today's live schedule at 2025-08-01
[sim_takane_6m] open today's live schedule at 2025-08-01
[sim_takane_6m] open today's live schedule at 2025-08-01
[sim_takane_6m] open today's live schedule at 2025-08-01
[sim_takane_6m] open today's live schedule at 2025-08-01
[sim_takane_6m] open today's live schedule at 2025-08-01
[sim_takane_6m] stale buttons Friday, August 1, 2025 19:20 :: [{"text":"Main menu","disabled":false,"id":"btn-main-menu"},{"text":"Save game","disabled":false,"id":"btn-save"},{"text":"Load game","disabled":false,"id":"btn-load"},{"text":"New game","disabled":false,"id":"btn-new"},{"text":"Clear slot","disabled":false,"id":"btn-clear"},{"text":"‹","disabled":false,"id":""},{"text":"›","disabled":true,"id":""},{"text":"Friday, August 1, 2025 19:20","disabled":false,"id":"btn-goto-schedule"},{"text":"Next","disabled":false,"id":"btn-next-day"},{"text":"Inbox","disabled":false,"id":""},{"text":"Idols","disabled":false,"id":""},{"text":"Groups","disabled":false,"id":""},{"text":"Training","disabled":false,"id":""},{"text":"Schedule","disabled":false,"id":""},{"text":"Lives","disabled":false,"id":""},{"text":"Songs","disabled":false,"id":""},{"text":"Making","disabled":false,"id":""},{"text":"Media","disabled":false,"id":""},{"text":"Scout","disabled":false,"id":""},{"text":"Finances","disabled":false,"id":""},{"text":"Mark all read","disabled":true,"id":"btn-inbox-mark-all"},{"text":"* Today's live schedule\n        2025-08-01 - Assistant","disabled":false,"id":""},{"text":"Morning training ended\n        2025-07-31 - Training","disabled":false,"id":""},{"text":"Morning training ended\n        2025-07-30 - Training","disabled":false,"id":""},{"text":"Morning training ended\n        2025-07-29 - Training","disabled":false,"id":""},{"text":"Afternoon training ended\n        2025-07-28 - Training","disabled":false,"id":""},{"text":"Morning training ended\n        2025-07-28 - Training","disabled":false,"id":""},{"text":"Weekly news roundup\n        2025-07-28 - News","disabled":false,"id":""},{"text":"Morning training ended\n        2025-07-25 - Training","disabled":false,"id":""},{"text":"Morning training ended\n        2025-07-24 - Training","disabled":false,"id":""},{"text":"Morning training ended\n        2025-07-23 - Training","disabled":false,"id":""},{"text":"Morning training ended\n        2025-07-22 - Training","disabled":false,"id":""},{"text":"Morning training ended\n        2025-07-21 - Training","disabled":false,"id":""},{"text":"Weekly news roundup\n        2025-07-21 - News","disabled":false,"id":""},{"text":"Morning training ended\n        2025-07-18 - Training","disabled":false,"id":""},{"text":"Morning training ended\n        2025-07-17 - Training","disabled":false,"id":""},{"text":"Morning training ended\n        2025-07-16 - Training","disabled":false,"id":""},{"text":"Morning training ended\n        2025-07-15 - Training","disabled":false,"id":""},{"text":"Morning training ended\n        2025-07-14 - Training","disabled":false,"id":""},{"text":"Weekly news roundup\n        2025-07-14 - News","disabled":false,"id":""}]
[sim_takane_6m] open today's live schedule at 2025-08-01
[sim_takane_6m] open today's live schedule at 2025-08-01
[sim_takane_6m] open today's live schedule at 2025-08-01
[sim_takane_6m] open today's live schedule at 2025-08-01
[sim_takane_6m] open today's live schedule at 2025-08-01
[sim_takane_6m] open today's live schedule at 2025-08-01
[sim_takane_6m] open today's live schedule at 2025-08-01
[sim_takane_6m] open today's live schedule at 2025-08-01
[sim_takane_6m] open today's live schedule at 2025-08-01
[sim_takane_6m] open today's live schedule at 2025-08-01
[sim_takane_6m] open today's live schedule at 2025-08-01
[sim_takane_6m] open today's live schedule at 2025-08-01
[sim_takane_6m] open today's live schedule at 2025-08-01
[sim_takane_6m] open today's live schedule at 2025-08-01
[sim_takane_6m] open today's live schedule at 2025-08-01
[sim_takane_6m] open today's live schedule at 2025-08-01
[sim_takane_6m] open today's live schedule at 2025-08-01
[sim_takane_6m] open today's live schedule at 2025-08-01
[sim_takane_6m] open today's live schedule at 2025-08-01
[sim_takane_6m] step=4150 iso=2025-08-01 display=Friday, August 1, 2025 19:20 stale=4099
[sim_takane_6m] open today's live schedule at 2025-08-01
[sim_takane_6m] stale buttons Friday, August 1, 2025 19:20 :: [{"text":"Main menu","disabled":false,"id":"btn-main-menu"},{"text":"Save game","disabled":false,"id":"btn-save"},{"text":"Load game","disabled":false,"id":"btn-load"},{"text":"New game","disabled":false,"id":"btn-new"},{"text":"Clear slot","disabled":false,"id":"btn-clear"},{"text":"‹","disabled":false,"id":""},{"text":"›","disabled":true,"id":""},{"text":"Friday, August 1, 2025 19:20","disabled":false,"id":"btn-goto-schedule"},{"text":"Next","disabled":false,"id":"btn-next-day"},{"text":"Inbox","disabled":false,"id":""},{"text":"Idols","disabled":false,"id":""},{"text":"Groups","disabled":false,"id":""},{"text":"Training","disabled":false,"id":""},{"text":"Schedule","disabled":false,"id":""},{"text":"Lives","disabled":false,"id":""},{"text":"Songs","disabled":false,"id":""},{"text":"Making","disabled":false,"id":""},{"text":"Media","disabled":false,"id":""},{"text":"Scout","disabled":false,"id":""},{"text":"Finances","disabled":false,"id":""},{"text":"Mark all read","disabled":true,"id":"btn-inbox-mark-all"},{"text":"* Today's live schedule\n        2025-08-01 - Assistant","disabled":false,"id":""},{"text":"Morning training ended\n        2025-07-31 - Training","disabled":false,"id":""},{"text":"Morning training ended\n        2025-07-30 - Training","disabled":false,"id":""},{"text":"Morning training ended\n        2025-07-29 - Training","disabled":false,"id":""},{"text":"Afternoon training ended\n        2025-07-28 - Training","disabled":false,"id":""},{"text":"Morning training ended\n        2025-07-28 - Training","disabled":false,"id":""},{"text":"Weekly news roundup\n        2025-07-28 - News","disabled":false,"id":""},{"text":"Morning training ended\n        2025-07-25 - Training","disabled":false,"id":""},{"text":"Morning training ended\n        2025-07-24 - Training","disabled":false,"id":""},{"text":"Morning training ended\n        2025-07-23 - Training","disabled":false,"id":""},{"text":"Morning training ended\n        2025-07-22 - Training","disabled":false,"id":""},{"text":"Morning training ended\n        2025-07-21 - Training","disabled":false,"id":""},{"text":"Weekly news roundup\n        2025-07-21 - News","disabled":false,"id":""},{"text":"Morning training ended\n        2025-07-18 - Training","disabled":false,"id":""},{"text":"Morning training ended\n        2025-07-17 - Training","disabled":false,"id":""},{"text":"Morning training ended\n        2025-07-16 - Training","disabled":false,"id":""},{"text":"Morning training ended\n        2025-07-15 - Training","disabled":false,"id":""},{"text":"Morning training ended\n        2025-07-14 - Training","disabled":false,"id":""},{"text":"Weekly news roundup\n        2025-07-14 - News","disabled":false,"id":""}]
[sim_takane_6m] open today's live schedule at 2025-08-01
[sim_takane_6m] open today's live schedule at 2025-08-01
[sim_takane_6m] open today's live schedule at 2025-08-01
[sim_takane_6m] open today's live schedule at 2025-08-01
[sim_takane_6m] open today's live schedule at 2025-08-01
[sim_takane_6m] open today's live schedule at 2025-08-01
[sim_takane_6m] open today's live schedule at 2025-08-01
[sim_takane_6m] open today's live schedule at 2025-08-01
[sim_takane_6m] open today's live schedule at 2025-08-01
[sim_takane_6m] open today's live schedule at 2025-08-01
[sim_takane_6m] open today's live schedule at 2025-08-01
[sim_takane_6m] open today's live schedule at 2025-08-01
[sim_takane_6m] open today's live schedule at 2025-08-01
[sim_takane_6m] open today's live schedule at 2025-08-01
[sim_takane_6m] open today's live schedule at 2025-08-01
[sim_takane_6m] open today's live schedule at 2025-08-01
[sim_takane_6m] open today's live schedule at 2025-08-01
[sim_takane_6m] open today's live schedule at 2025-08-01
[sim_takane_6m] open today's live schedule at 2025-08-01
[sim_takane_6m] open today's live schedule at 2025-08-01
[sim_takane_6m] stale buttons Friday, August 1, 2025 19:20 :: [{"text":"Main menu","disabled":false,"id":"btn-main-menu"},{"text":"Save game","disabled":false,"id":"btn-save"},{"text":"Load game","disabled":false,"id":"btn-load"},{"text":"New game","disabled":false,"id":"btn-new"},{"text":"Clear slot","disabled":false,"id":"btn-clear"},{"text":"‹","disabled":false,"id":""},{"text":"›","disabled":true,"id":""},{"text":"Friday, August 1, 2025 19:20","disabled":false,"id":"btn-goto-schedule"},{"text":"Next","disabled":false,"id":"btn-next-day"},{"text":"Inbox","disabled":false,"id":""},{"text":"Idols","disabled":false,"id":""},{"text":"Groups","disabled":false,"id":""},{"text":"Training","disabled":false,"id":""},{"text":"Schedule","disabled":false,"id":""},{"text":"Lives","disabled":false,"id":""},{"text":"Songs","disabled":false,"id":""},{"text":"Making","disabled":false,"id":""},{"text":"Media","disabled":false,"id":""},{"text":"Scout","disabled":false,"id":""},{"text":"Finances","disabled":false,"id":""},{"text":"Mark all read","disabled":true,"id":"btn-inbox-mark-all"},{"text":"* Today's live schedule\n        2025-08-01 - Assistant","disabled":false,"id":""},{"text":"Morning training ended\n        2025-07-31 - Training","disabled":false,"id":""},{"text":"Morning training ended\n        2025-07-30 - Training","disabled":false,"id":""},{"text":"Morning training ended\n        2025-07-29 - Training","disabled":false,"id":""},{"text":"Afternoon training ended\n        2025-07-28 - Training","disabled":false,"id":""},{"text":"Morning training ended\n        2025-07-28 - Training","disabled":false,"id":""},{"text":"Weekly news roundup\n        2025-07-28 - News","disabled":false,"id":""},{"text":"Morning training ended\n        2025-07-25 - Training","disabled":false,"id":""},{"text":"Morning training ended\n        2025-07-24 - Training","disabled":false,"id":""},{"text":"Morning training ended\n        2025-07-23 - Training","disabled":false,"id":""},{"text":"Morning training ended\n        2025-07-22 - Training","disabled":false,"id":""},{"text":"Morning training ended\n        2025-07-21 - Training","disabled":false,"id":""},{"text":"Weekly news roundup\n        2025-07-21 - News","disabled":false,"id":""},{"text":"Morning training ended\n        2025-07-18 - Training","disabled":false,"id":""},{"text":"Morning training ended\n        2025-07-17 - Training","disabled":false,"id":""},{"text":"Morning training ended\n        2025-07-16 - Training","disabled":false,"id":""},{"text":"Morning training ended\n        2025-07-15 - Training","disabled":false,"id":""},{"text":"Morning training ended\n        2025-07-14 - Training","disabled":false,"id":""},{"text":"Weekly news roundup\n        2025-07-14 - News","disabled":false,"id":""}]
[sim_takane_6m] open today's live schedule at 2025-08-01
[sim_takane_6m] open today's live schedule at 2025-08-01
[sim_takane_6m] open today's live schedule at 2025-08-01
[sim_takane_6m] open today's live schedule at 2025-08-01
[sim_takane_6m] step=4175 iso=2025-08-01 display=Friday, August 1, 2025 19:20 stale=4124
[sim_takane_6m] open today's live schedule at 2025-08-01
[sim_takane_6m] open today's live schedule at 2025-08-01
[sim_takane_6m] open today's live schedule at 2025-08-01
[sim_takane_6m] open today's live schedule at 2025-08-01
[sim_takane_6m] open today's live schedule at 2025-08-01
[sim_takane_6m] open today's live schedule at 2025-08-01
[sim_takane_6m] open today's live schedule at 2025-08-01
[sim_takane_6m] open today's live schedule at 2025-08-01
[sim_takane_6m] open today's live schedule at 2025-08-01
[sim_takane_6m] open today's live schedule at 2025-08-01
[sim_takane_6m] open today's live schedule at 2025-08-01
[sim_takane_6m] open today's live schedule at 2025-08-01
[sim_takane_6m] open today's live schedule at 2025-08-01
[sim_takane_6m] open today's live schedule at 2025-08-01
[sim_takane_6m] open today's live schedule at 2025-08-01
[sim_takane_6m] open today's live schedule at 2025-08-01
[sim_takane_6m] stale buttons Friday, August 1, 2025 19:20 :: [{"text":"Main menu","disabled":false,"id":"btn-main-menu"},{"text":"Save game","disabled":false,"id":"btn-save"},{"text":"Load game","disabled":false,"id":"btn-load"},{"text":"New game","disabled":false,"id":"btn-new"},{"text":"Clear slot","disabled":false,"id":"btn-clear"},{"text":"‹","disabled":false,"id":""},{"text":"›","disabled":true,"id":""},{"text":"Friday, August 1, 2025 19:20","disabled":false,"id":"btn-goto-schedule"},{"text":"Next","disabled":false,"id":"btn-next-day"},{"text":"Inbox","disabled":false,"id":""},{"text":"Idols","disabled":false,"id":""},{"text":"Groups","disabled":false,"id":""},{"text":"Training","disabled":false,"id":""},{"text":"Schedule","disabled":false,"id":""},{"text":"Lives","disabled":false,"id":""},{"text":"Songs","disabled":false,"id":""},{"text":"Making","disabled":false,"id":""},{"text":"Media","disabled":false,"id":""},{"text":"Scout","disabled":false,"id":""},{"text":"Finances","disabled":false,"id":""},{"text":"Mark all read","disabled":true,"id":"btn-inbox-mark-all"},{"text":"* Today's live schedule\n        2025-08-01 - Assistant","disabled":false,"id":""},{"text":"Morning training ended\n        2025-07-31 - Training","disabled":false,"id":""},{"text":"Morning training ended\n        2025-07-30 - Training","disabled":false,"id":""},{"text":"Morning training ended\n        2025-07-29 - Training","disabled":false,"id":""},{"text":"Afternoon training ended\n        2025-07-28 - Training","disabled":false,"id":""},{"text":"Morning training ended\n        2025-07-28 - Training","disabled":false,"id":""},{"text":"Weekly news roundup\n        2025-07-28 - News","disabled":false,"id":""},{"text":"Morning training ended\n        2025-07-25 - Training","disabled":false,"id":""},{"text":"Morning training ended\n        2025-07-24 - Training","disabled":false,"id":""},{"text":"Morning training ended\n        2025-07-23 - Training","disabled":false,"id":""},{"text":"Morning training ended\n        2025-07-22 - Training","disabled":false,"id":""},{"text":"Morning training ended\n        2025-07-21 - Training","disabled":false,"id":""},{"text":"Weekly news roundup\n        2025-07-21 - News","disabled":false,"id":""},{"text":"Morning training ended\n        2025-07-18 - Training","disabled":false,"id":""},{"text":"Morning training ended\n        2025-07-17 - Training","disabled":false,"id":""},{"text":"Morning training ended\n        2025-07-16 - Training","disabled":false,"id":""},{"text":"Morning training ended\n        2025-07-15 - Training","disabled":false,"id":""},{"text":"Morning training ended\n        2025-07-14 - Training","disabled":false,"id":""},{"text":"Weekly news roundup\n        2025-07-14 - News","disabled":false,"id":""}]
[sim_takane_6m] open today's live schedule at 2025-08-01
[sim_takane_6m] open today's live schedule at 2025-08-01
[sim_takane_6m] open today's live schedule at 2025-08-01
[sim_takane_6m] open today's live schedule at 2025-08-01
[sim_takane_6m] open today's live schedule at 2025-08-01
[sim_takane_6m] open today's live schedule at 2025-08-01
[sim_takane_6m] open today's live schedule at 2025-08-01
[sim_takane_6m] open today's live schedule at 2025-08-01
[sim_takane_6m] open today's live schedule at 2025-08-01
[sim_takane_6m] step=4200 iso=2025-08-01 display=Friday, August 1, 2025 19:20 stale=4149
[sim_takane_6m] open today's live schedule at 2025-08-01
[sim_takane_6m] open today's live schedule at 2025-08-01
[sim_takane_6m] open today's live schedule at 2025-08-01
[sim_takane_6m] open today's live schedule at 2025-08-01
[sim_takane_6m] open today's live schedule at 2025-08-01
[sim_takane_6m] open today's live schedule at 2025-08-01
[sim_takane_6m] open today's live schedule at 2025-08-01
[sim_takane_6m] open today's live schedule at 2025-08-01
[sim_takane_6m] open today's live schedule at 2025-08-01
[sim_takane_6m] open today's live schedule at 2025-08-01
[sim_takane_6m] open today's live schedule at 2025-08-01
[sim_takane_6m] stale buttons Friday, August 1, 2025 19:20 :: [{"text":"Main menu","disabled":false,"id":"btn-main-menu"},{"text":"Save game","disabled":false,"id":"btn-save"},{"text":"Load game","disabled":false,"id":"btn-load"},{"text":"New game","disabled":false,"id":"btn-new"},{"text":"Clear slot","disabled":false,"id":"btn-clear"},{"text":"‹","disabled":false,"id":""},{"text":"›","disabled":true,"id":""},{"text":"Friday, August 1, 2025 19:20","disabled":false,"id":"btn-goto-schedule"},{"text":"Next","disabled":false,"id":"btn-next-day"},{"text":"Inbox","disabled":false,"id":""},{"text":"Idols","disabled":false,"id":""},{"text":"Groups","disabled":false,"id":""},{"text":"Training","disabled":false,"id":""},{"text":"Schedule","disabled":false,"id":""},{"text":"Lives","disabled":false,"id":""},{"text":"Songs","disabled":false,"id":""},{"text":"Making","disabled":false,"id":""},{"text":"Media","disabled":false,"id":""},{"text":"Scout","disabled":false,"id":""},{"text":"Finances","disabled":false,"id":""},{"text":"Mark all read","disabled":true,"id":"btn-inbox-mark-all"},{"text":"* Today's live schedule\n        2025-08-01 - Assistant","disabled":false,"id":""},{"text":"Morning training ended\n        2025-07-31 - Training","disabled":false,"id":""},{"text":"Morning training ended\n        2025-07-30 - Training","disabled":false,"id":""},{"text":"Morning training ended\n        2025-07-29 - Training","disabled":false,"id":""},{"text":"Afternoon training ended\n        2025-07-28 - Training","disabled":false,"id":""},{"text":"Morning training ended\n        2025-07-28 - Training","disabled":false,"id":""},{"text":"Weekly news roundup\n        2025-07-28 - News","disabled":false,"id":""},{"text":"Morning training ended\n        2025-07-25 - Training","disabled":false,"id":""},{"text":"Morning training ended\n        2025-07-24 - Training","disabled":false,"id":""},{"text":"Morning training ended\n        2025-07-23 - Training","disabled":false,"id":""},{"text":"Morning training ended\n        2025-07-22 - Training","disabled":false,"id":""},{"text":"Morning training ended\n        2025-07-21 - Training","disabled":false,"id":""},{"text":"Weekly news roundup\n        2025-07-21 - News","disabled":false,"id":""},{"text":"Morning training ended\n        2025-07-18 - Training","disabled":false,"id":""},{"text":"Morning training ended\n        2025-07-17 - Training","disabled":false,"id":""},{"text":"Morning training ended\n        2025-07-16 - Training","disabled":false,"id":""},{"text":"Morning training ended\n        2025-07-15 - Training","disabled":false,"id":""},{"text":"Morning training ended\n        2025-07-14 - Training","disabled":false,"id":""},{"text":"Weekly news roundup\n        2025-07-14 - News","disabled":false,"id":""}]
[sim_takane_6m] open today's live schedule at 2025-08-01
[sim_takane_6m] open today's live schedule at 2025-08-01
[sim_takane_6m] open today's live schedule at 2025-08-01
[sim_takane_6m] open today's live schedule at 2025-08-01
[sim_takane_6m] open today's live schedule at 2025-08-01
[sim_takane_6m] open today's live schedule at 2025-08-01
[sim_takane_6m] open today's live schedule at 2025-08-01
[sim_takane_6m] open today's live schedule at 2025-08-01
[sim_takane_6m] open today's live schedule at 2025-08-01
[sim_takane_6m] open today's live schedule at 2025-08-01
[sim_takane_6m] open today's live schedule at 2025-08-01
[sim_takane_6m] open today's live schedule at 2025-08-01
[sim_takane_6m] open today's live schedule at 2025-08-01
[sim_takane_6m] open today's live schedule at 2025-08-01
[sim_takane_6m] step=4225 iso=2025-08-01 display=Friday, August 1, 2025 19:20 stale=4174
[sim_takane_6m] open today's live schedule at 2025-08-01
[sim_takane_6m] open today's live schedule at 2025-08-01
[sim_takane_6m] open today's live schedule at 2025-08-01
[sim_takane_6m] open today's live schedule at 2025-08-01
[sim_takane_6m] open today's live schedule at 2025-08-01
[sim_takane_6m] open today's live schedule at 2025-08-01
[sim_takane_6m] stale buttons Friday, August 1, 2025 19:20 :: [{"text":"Main menu","disabled":false,"id":"btn-main-menu"},{"text":"Save game","disabled":false,"id":"btn-save"},{"text":"Load game","disabled":false,"id":"btn-load"},{"text":"New game","disabled":false,"id":"btn-new"},{"text":"Clear slot","disabled":false,"id":"btn-clear"},{"text":"‹","disabled":false,"id":""},{"text":"›","disabled":true,"id":""},{"text":"Friday, August 1, 2025 19:20","disabled":false,"id":"btn-goto-schedule"},{"text":"Next","disabled":false,"id":"btn-next-day"},{"text":"Inbox","disabled":false,"id":""},{"text":"Idols","disabled":false,"id":""},{"text":"Groups","disabled":false,"id":""},{"text":"Training","disabled":false,"id":""},{"text":"Schedule","disabled":false,"id":""},{"text":"Lives","disabled":false,"id":""},{"text":"Songs","disabled":false,"id":""},{"text":"Making","disabled":false,"id":""},{"text":"Media","disabled":false,"id":""},{"text":"Scout","disabled":false,"id":""},{"text":"Finances","disabled":false,"id":""},{"text":"Mark all read","disabled":true,"id":"btn-inbox-mark-all"},{"text":"* Today's live schedule\n        2025-08-01 - Assistant","disabled":false,"id":""},{"text":"Morning training ended\n        2025-07-31 - Training","disabled":false,"id":""},{"text":"Morning training ended\n        2025-07-30 - Training","disabled":false,"id":""},{"text":"Morning training ended\n        2025-07-29 - Training","disabled":false,"id":""},{"text":"Afternoon training ended\n        2025-07-28 - Training","disabled":false,"id":""},{"text":"Morning training ended\n        2025-07-28 - Training","disabled":false,"id":""},{"text":"Weekly news roundup\n        2025-07-28 - News","disabled":false,"id":""},{"text":"Morning training ended\n        2025-07-25 - Training","disabled":false,"id":""},{"text":"Morning training ended\n        2025-07-24 - Training","disabled":false,"id":""},{"text":"Morning training ended\n        2025-07-23 - Training","disabled":false,"id":""},{"text":"Morning training ended\n        2025-07-22 - Training","disabled":false,"id":""},{"text":"Morning training ended\n        2025-07-21 - Training","disabled":false,"id":""},{"text":"Weekly news roundup\n        2025-07-21 - News","disabled":false,"id":""},{"text":"Morning training ended\n        2025-07-18 - Training","disabled":false,"id":""},{"text":"Morning training ended\n        2025-07-17 - Training","disabled":false,"id":""},{"text":"Morning training ended\n        2025-07-16 - Training","disabled":false,"id":""},{"text":"Morning training ended\n        2025-07-15 - Training","disabled":false,"id":""},{"text":"Morning training ended\n        2025-07-14 - Training","disabled":false,"id":""},{"text":"Weekly news roundup\n        2025-07-14 - News","disabled":false,"id":""}]
[sim_takane_6m] open today's live schedule at 2025-08-01
[sim_takane_6m] open today's live schedule at 2025-08-01
[sim_takane_6m] open today's live schedule at 2025-08-01
[sim_takane_6m] open today's live schedule at 2025-08-01
[sim_takane_6m] open today's live schedule at 2025-08-01
[sim_takane_6m] open today's live schedule at 2025-08-01
[sim_takane_6m] open today's live schedule at 2025-08-01
[sim_takane_6m] open today's live schedule at 2025-08-01
[sim_takane_6m] open today's live schedule at 2025-08-01
[sim_takane_6m] open today's live schedule at 2025-08-01
[sim_takane_6m] open today's live schedule at 2025-08-01
[sim_takane_6m] open today's live schedule at 2025-08-01
[sim_takane_6m] open today's live schedule at 2025-08-01
[sim_takane_6m] open today's live schedule at 2025-08-01
[sim_takane_6m] open today's live schedule at 2025-08-01
[sim_takane_6m] open today's live schedule at 2025-08-01
[sim_takane_6m] open today's live schedule at 2025-08-01
[sim_takane_6m] open today's live schedule at 2025-08-01
[sim_takane_6m] open today's live schedule at 2025-08-01
[sim_takane_6m] step=4250 iso=2025-08-01 display=Friday, August 1, 2025 19:20 stale=4199
[sim_takane_6m] open today's live schedule at 2025-08-01
[sim_takane_6m] stale buttons Friday, August 1, 2025 19:20 :: [{"text":"Main menu","disabled":false,"id":"btn-main-menu"},{"text":"Save game","disabled":false,"id":"btn-save"},{"text":"Load game","disabled":false,"id":"btn-load"},{"text":"New game","disabled":false,"id":"btn-new"},{"text":"Clear slot","disabled":false,"id":"btn-clear"},{"text":"‹","disabled":false,"id":""},{"text":"›","disabled":true,"id":""},{"text":"Friday, August 1, 2025 19:20","disabled":false,"id":"btn-goto-schedule"},{"text":"Next","disabled":false,"id":"btn-next-day"},{"text":"Inbox","disabled":false,"id":""},{"text":"Idols","disabled":false,"id":""},{"text":"Groups","disabled":false,"id":""},{"text":"Training","disabled":false,"id":""},{"text":"Schedule","disabled":false,"id":""},{"text":"Lives","disabled":false,"id":""},{"text":"Songs","disabled":false,"id":""},{"text":"Making","disabled":false,"id":""},{"text":"Media","disabled":false,"id":""},{"text":"Scout","disabled":false,"id":""},{"text":"Finances","disabled":false,"id":""},{"text":"Mark all read","disabled":true,"id":"btn-inbox-mark-all"},{"text":"* Today's live schedule\n        2025-08-01 - Assistant","disabled":false,"id":""},{"text":"Morning training ended\n        2025-07-31 - Training","disabled":false,"id":""},{"text":"Morning training ended\n        2025-07-30 - Training","disabled":false,"id":""},{"text":"Morning training ended\n        2025-07-29 - Training","disabled":false,"id":""},{"text":"Afternoon training ended\n        2025-07-28 - Training","disabled":false,"id":""},{"text":"Morning training ended\n        2025-07-28 - Training","disabled":false,"id":""},{"text":"Weekly news roundup\n        2025-07-28 - News","disabled":false,"id":""},{"text":"Morning training ended\n        2025-07-25 - Training","disabled":false,"id":""},{"text":"Morning training ended\n        2025-07-24 - Training","disabled":false,"id":""},{"text":"Morning training ended\n        2025-07-23 - Training","disabled":false,"id":""},{"text":"Morning training ended\n        2025-07-22 - Training","disabled":false,"id":""},{"text":"Morning training ended\n        2025-07-21 - Training","disabled":false,"id":""},{"text":"Weekly news roundup\n        2025-07-21 - News","disabled":false,"id":""},{"text":"Morning training ended\n        2025-07-18 - Training","disabled":false,"id":""},{"text":"Morning training ended\n        2025-07-17 - Training","disabled":false,"id":""},{"text":"Morning training ended\n        2025-07-16 - Training","disabled":false,"id":""},{"text":"Morning training ended\n        2025-07-15 - Training","disabled":false,"id":""},{"text":"Morning training ended\n        2025-07-14 - Training","disabled":false,"id":""},{"text":"Weekly news roundup\n        2025-07-14 - News","disabled":false,"id":""}]
[sim_takane_6m] open today's live schedule at 2025-08-01
[sim_takane_6m] open today's live schedule at 2025-08-01
[sim_takane_6m] open today's live schedule at 2025-08-01
[sim_takane_6m] open today's live schedule at 2025-08-01
[sim_takane_6m] open today's live schedule at 2025-08-01
[sim_takane_6m] open today's live schedule at 2025-08-01
[sim_takane_6m] open today's live schedule at 2025-08-01
[sim_takane_6m] open today's live schedule at 2025-08-01
[sim_takane_6m] open today's live schedule at 2025-08-01
[sim_takane_6m] open today's live schedule at 2025-08-01
[sim_takane_6m] open today's live schedule at 2025-08-01
[sim_takane_6m] open today's live schedule at 2025-08-01
[sim_takane_6m] open today's live schedule at 2025-08-01
[sim_takane_6m] open today's live schedule at 2025-08-01
[sim_takane_6m] open today's live schedule at 2025-08-01
[sim_takane_6m] open today's live schedule at 2025-08-01
[sim_takane_6m] open today's live schedule at 2025-08-01
[sim_takane_6m] open today's live schedule at 2025-08-01
[sim_takane_6m] open today's live schedule at 2025-08-01
[sim_takane_6m] open today's live schedule at 2025-08-01
[sim_takane_6m] stale buttons Friday, August 1, 2025 19:20 :: [{"text":"Main menu","disabled":false,"id":"btn-main-menu"},{"text":"Save game","disabled":false,"id":"btn-save"},{"text":"Load game","disabled":false,"id":"btn-load"},{"text":"New game","disabled":false,"id":"btn-new"},{"text":"Clear slot","disabled":false,"id":"btn-clear"},{"text":"‹","disabled":false,"id":""},{"text":"›","disabled":true,"id":""},{"text":"Friday, August 1, 2025 19:20","disabled":false,"id":"btn-goto-schedule"},{"text":"Next","disabled":false,"id":"btn-next-day"},{"text":"Inbox","disabled":false,"id":""},{"text":"Idols","disabled":false,"id":""},{"text":"Groups","disabled":false,"id":""},{"text":"Training","disabled":false,"id":""},{"text":"Schedule","disabled":false,"id":""},{"text":"Lives","disabled":false,"id":""},{"text":"Songs","disabled":false,"id":""},{"text":"Making","disabled":false,"id":""},{"text":"Media","disabled":false,"id":""},{"text":"Scout","disabled":false,"id":""},{"text":"Finances","disabled":false,"id":""},{"text":"Mark all read","disabled":true,"id":"btn-inbox-mark-all"},{"text":"* Today's live schedule\n        2025-08-01 - Assistant","disabled":false,"id":""},{"text":"Morning training ended\n        2025-07-31 - Training","disabled":false,"id":""},{"text":"Morning training ended\n        2025-07-30 - Training","disabled":false,"id":""},{"text":"Morning training ended\n        2025-07-29 - Training","disabled":false,"id":""},{"text":"Afternoon training ended\n        2025-07-28 - Training","disabled":false,"id":""},{"text":"Morning training ended\n        2025-07-28 - Training","disabled":false,"id":""},{"text":"Weekly news roundup\n        2025-07-28 - News","disabled":false,"id":""},{"text":"Morning training ended\n        2025-07-25 - Training","disabled":false,"id":""},{"text":"Morning training ended\n        2025-07-24 - Training","disabled":false,"id":""},{"text":"Morning training ended\n        2025-07-23 - Training","disabled":false,"id":""},{"text":"Morning training ended\n        2025-07-22 - Training","disabled":false,"id":""},{"text":"Morning training ended\n        2025-07-21 - Training","disabled":false,"id":""},{"text":"Weekly news roundup\n        2025-07-21 - News","disabled":false,"id":""},{"text":"Morning training ended\n        2025-07-18 - Training","disabled":false,"id":""},{"text":"Morning training ended\n        2025-07-17 - Training","disabled":false,"id":""},{"text":"Morning training ended\n        2025-07-16 - Training","disabled":false,"id":""},{"text":"Morning training ended\n        2025-07-15 - Training","disabled":false,"id":""},{"text":"Morning training ended\n        2025-07-14 - Training","disabled":false,"id":""},{"text":"Weekly news roundup\n        2025-07-14 - News","disabled":false,"id":""}]
[sim_takane_6m] open today's live schedule at 2025-08-01
[sim_takane_6m] open today's live schedule at 2025-08-01
[sim_takane_6m] open today's live schedule at 2025-08-01
[sim_takane_6m] open today's live schedule at 2025-08-01
[sim_takane_6m] step=4275 iso=2025-08-01 display=Friday, August 1, 2025 19:20 stale=4224
[sim_takane_6m] open today's live schedule at 2025-08-01
[sim_takane_6m] open today's live schedule at 2025-08-01
[sim_takane_6m] open today's live schedule at 2025-08-01
[sim_takane_6m] open today's live schedule at 2025-08-01
[sim_takane_6m] open today's live schedule at 2025-08-01
[sim_takane_6m] open today's live schedule at 2025-08-01
[sim_takane_6m] open today's live schedule at 2025-08-01
[sim_takane_6m] open today's live schedule at 2025-08-01
[sim_takane_6m] open today's live schedule at 2025-08-01
[sim_takane_6m] open today's live schedule at 2025-08-01
[sim_takane_6m] open today's live schedule at 2025-08-01
[sim_takane_6m] open today's live schedule at 2025-08-01
[sim_takane_6m] open today's live schedule at 2025-08-01
[sim_takane_6m] open today's live schedule at 2025-08-01
[sim_takane_6m] open today's live schedule at 2025-08-01
[sim_takane_6m] open today's live schedule at 2025-08-01
[sim_takane_6m] stale buttons Friday, August 1, 2025 19:20 :: [{"text":"Main menu","disabled":false,"id":"btn-main-menu"},{"text":"Save game","disabled":false,"id":"btn-save"},{"text":"Load game","disabled":false,"id":"btn-load"},{"text":"New game","disabled":false,"id":"btn-new"},{"text":"Clear slot","disabled":false,"id":"btn-clear"},{"text":"‹","disabled":false,"id":""},{"text":"›","disabled":true,"id":""},{"text":"Friday, August 1, 2025 19:20","disabled":false,"id":"btn-goto-schedule"},{"text":"Next","disabled":false,"id":"btn-next-day"},{"text":"Inbox","disabled":false,"id":""},{"text":"Idols","disabled":false,"id":""},{"text":"Groups","disabled":false,"id":""},{"text":"Training","disabled":false,"id":""},{"text":"Schedule","disabled":false,"id":""},{"text":"Lives","disabled":false,"id":""},{"text":"Songs","disabled":false,"id":""},{"text":"Making","disabled":false,"id":""},{"text":"Media","disabled":false,"id":""},{"text":"Scout","disabled":false,"id":""},{"text":"Finances","disabled":false,"id":""},{"text":"Mark all read","disabled":true,"id":"btn-inbox-mark-all"},{"text":"* Today's live schedule\n        2025-08-01 - Assistant","disabled":false,"id":""},{"text":"Morning training ended\n        2025-07-31 - Training","disabled":false,"id":""},{"text":"Morning training ended\n        2025-07-30 - Training","disabled":false,"id":""},{"text":"Morning training ended\n        2025-07-29 - Training","disabled":false,"id":""},{"text":"Afternoon training ended\n        2025-07-28 - Training","disabled":false,"id":""},{"text":"Morning training ended\n        2025-07-28 - Training","disabled":false,"id":""},{"text":"Weekly news roundup\n        2025-07-28 - News","disabled":false,"id":""},{"text":"Morning training ended\n        2025-07-25 - Training","disabled":false,"id":""},{"text":"Morning training ended\n        2025-07-24 - Training","disabled":false,"id":""},{"text":"Morning training ended\n        2025-07-23 - Training","disabled":false,"id":""},{"text":"Morning training ended\n        2025-07-22 - Training","disabled":false,"id":""},{"text":"Morning training ended\n        2025-07-21 - Training","disabled":false,"id":""},{"text":"Weekly news roundup\n        2025-07-21 - News","disabled":false,"id":""},{"text":"Morning training ended\n        2025-07-18 - Training","disabled":false,"id":""},{"text":"Morning training ended\n        2025-07-17 - Training","disabled":false,"id":""},{"text":"Morning training ended\n        2025-07-16 - Training","disabled":false,"id":""},{"text":"Morning training ended\n        2025-07-15 - Training","disabled":false,"id":""},{"text":"Morning training ended\n        2025-07-14 - Training","disabled":false,"id":""},{"text":"Weekly news roundup\n        2025-07-14 - News","disabled":false,"id":""}]
[sim_takane_6m] open today's live schedule at 2025-08-01
[sim_takane_6m] open today's live schedule at 2025-08-01
[sim_takane_6m] open today's live schedule at 2025-08-01
[sim_takane_6m] open today's live schedule at 2025-08-01
[sim_takane_6m] open today's live schedule at 2025-08-01
[sim_takane_6m] open today's live schedule at 2025-08-01
[sim_takane_6m] open today's live schedule at 2025-08-01
[sim_takane_6m] open today's live schedule at 2025-08-01
[sim_takane_6m] open today's live schedule at 2025-08-01
[sim_takane_6m] step=4300 iso=2025-08-01 display=Friday, August 1, 2025 19:20 stale=4249
[sim_takane_6m] open today's live schedule at 2025-08-01
[sim_takane_6m] open today's live schedule at 2025-08-01
[sim_takane_6m] open today's live schedule at 2025-08-01
[sim_takane_6m] open today's live schedule at 2025-08-01
[sim_takane_6m] open today's live schedule at 2025-08-01
[sim_takane_6m] open today's live schedule at 2025-08-01
[sim_takane_6m] open today's live schedule at 2025-08-01
[sim_takane_6m] open today's live schedule at 2025-08-01
[sim_takane_6m] open today's live schedule at 2025-08-01
[sim_takane_6m] open today's live schedule at 2025-08-01
[sim_takane_6m] open today's live schedule at 2025-08-01
[sim_takane_6m] stale buttons Friday, August 1, 2025 19:20 :: [{"text":"Main menu","disabled":false,"id":"btn-main-menu"},{"text":"Save game","disabled":false,"id":"btn-save"},{"text":"Load game","disabled":false,"id":"btn-load"},{"text":"New game","disabled":false,"id":"btn-new"},{"text":"Clear slot","disabled":false,"id":"btn-clear"},{"text":"‹","disabled":false,"id":""},{"text":"›","disabled":true,"id":""},{"text":"Friday, August 1, 2025 19:20","disabled":false,"id":"btn-goto-schedule"},{"text":"Next","disabled":false,"id":"btn-next-day"},{"text":"Inbox","disabled":false,"id":""},{"text":"Idols","disabled":false,"id":""},{"text":"Groups","disabled":false,"id":""},{"text":"Training","disabled":false,"id":""},{"text":"Schedule","disabled":false,"id":""},{"text":"Lives","disabled":false,"id":""},{"text":"Songs","disabled":false,"id":""},{"text":"Making","disabled":false,"id":""},{"text":"Media","disabled":false,"id":""},{"text":"Scout","disabled":false,"id":""},{"text":"Finances","disabled":false,"id":""},{"text":"Mark all read","disabled":true,"id":"btn-inbox-mark-all"},{"text":"* Today's live schedule\n        2025-08-01 - Assistant","disabled":false,"id":""},{"text":"Morning training ended\n        2025-07-31 - Training","disabled":false,"id":""},{"text":"Morning training ended\n        2025-07-30 - Training","disabled":false,"id":""},{"text":"Morning training ended\n        2025-07-29 - Training","disabled":false,"id":""},{"text":"Afternoon training ended\n        2025-07-28 - Training","disabled":false,"id":""},{"text":"Morning training ended\n        2025-07-28 - Training","disabled":false,"id":""},{"text":"Weekly news roundup\n        2025-07-28 - News","disabled":false,"id":""},{"text":"Morning training ended\n        2025-07-25 - Training","disabled":false,"id":""},{"text":"Morning training ended\n        2025-07-24 - Training","disabled":false,"id":""},{"text":"Morning training ended\n        2025-07-23 - Training","disabled":false,"id":""},{"text":"Morning training ended\n        2025-07-22 - Training","disabled":false,"id":""},{"text":"Morning training ended\n        2025-07-21 - Training","disabled":false,"id":""},{"text":"Weekly news roundup\n        2025-07-21 - News","disabled":false,"id":""},{"text":"Morning training ended\n        2025-07-18 - Training","disabled":false,"id":""},{"text":"Morning training ended\n        2025-07-17 - Training","disabled":false,"id":""},{"text":"Morning training ended\n        2025-07-16 - Training","disabled":false,"id":""},{"text":"Morning training ended\n        2025-07-15 - Training","disabled":false,"id":""},{"text":"Morning training ended\n        2025-07-14 - Training","disabled":false,"id":""},{"text":"Weekly news roundup\n        2025-07-14 - News","disabled":false,"id":""}]
[sim_takane_6m] open today's live schedule at 2025-08-01
[sim_takane_6m] open today's live schedule at 2025-08-01
[sim_takane_6m] open today's live schedule at 2025-08-01
[sim_takane_6m] open today's live schedule at 2025-08-01
[sim_takane_6m] open today's live schedule at 2025-08-01
[sim_takane_6m] open today's live schedule at 2025-08-01
[sim_takane_6m] open today's live schedule at 2025-08-01
[sim_takane_6m] open today's live schedule at 2025-08-01
[sim_takane_6m] open today's live schedule at 2025-08-01
[sim_takane_6m] open today's live schedule at 2025-08-01
[sim_takane_6m] open today's live schedule at 2025-08-01
[sim_takane_6m] open today's live schedule at 2025-08-01
[sim_takane_6m] open today's live schedule at 2025-08-01
[sim_takane_6m] open today's live schedule at 2025-08-01
[sim_takane_6m] step=4325 iso=2025-08-01 display=Friday, August 1, 2025 19:20 stale=4274
[sim_takane_6m] open today's live schedule at 2025-08-01
[sim_takane_6m] open today's live schedule at 2025-08-01
[sim_takane_6m] open today's live schedule at 2025-08-01
[sim_takane_6m] open today's live schedule at 2025-08-01
[sim_takane_6m] open today's live schedule at 2025-08-01
[sim_takane_6m] open today's live schedule at 2025-08-01
[sim_takane_6m] stale buttons Friday, August 1, 2025 19:20 :: [{"text":"Main menu","disabled":false,"id":"btn-main-menu"},{"text":"Save game","disabled":false,"id":"btn-save"},{"text":"Load game","disabled":false,"id":"btn-load"},{"text":"New game","disabled":false,"id":"btn-new"},{"text":"Clear slot","disabled":false,"id":"btn-clear"},{"text":"‹","disabled":false,"id":""},{"text":"›","disabled":true,"id":""},{"text":"Friday, August 1, 2025 19:20","disabled":false,"id":"btn-goto-schedule"},{"text":"Next","disabled":false,"id":"btn-next-day"},{"text":"Inbox","disabled":false,"id":""},{"text":"Idols","disabled":false,"id":""},{"text":"Groups","disabled":false,"id":""},{"text":"Training","disabled":false,"id":""},{"text":"Schedule","disabled":false,"id":""},{"text":"Lives","disabled":false,"id":""},{"text":"Songs","disabled":false,"id":""},{"text":"Making","disabled":false,"id":""},{"text":"Media","disabled":false,"id":""},{"text":"Scout","disabled":false,"id":""},{"text":"Finances","disabled":false,"id":""},{"text":"Mark all read","disabled":true,"id":"btn-inbox-mark-all"},{"text":"* Today's live schedule\n        2025-08-01 - Assistant","disabled":false,"id":""},{"text":"Morning training ended\n        2025-07-31 - Training","disabled":false,"id":""},{"text":"Morning training ended\n        2025-07-30 - Training","disabled":false,"id":""},{"text":"Morning training ended\n        2025-07-29 - Training","disabled":false,"id":""},{"text":"Afternoon training ended\n        2025-07-28 - Training","disabled":false,"id":""},{"text":"Morning training ended\n        2025-07-28 - Training","disabled":false,"id":""},{"text":"Weekly news roundup\n        2025-07-28 - News","disabled":false,"id":""},{"text":"Morning training ended\n        2025-07-25 - Training","disabled":false,"id":""},{"text":"Morning training ended\n        2025-07-24 - Training","disabled":false,"id":""},{"text":"Morning training ended\n        2025-07-23 - Training","disabled":false,"id":""},{"text":"Morning training ended\n        2025-07-22 - Training","disabled":false,"id":""},{"text":"Morning training ended\n        2025-07-21 - Training","disabled":false,"id":""},{"text":"Weekly news roundup\n        2025-07-21 - News","disabled":false,"id":""},{"text":"Morning training ended\n        2025-07-18 - Training","disabled":false,"id":""},{"text":"Morning training ended\n        2025-07-17 - Training","disabled":false,"id":""},{"text":"Morning training ended\n        2025-07-16 - Training","disabled":false,"id":""},{"text":"Morning training ended\n        2025-07-15 - Training","disabled":false,"id":""},{"text":"Morning training ended\n        2025-07-14 - Training","disabled":false,"id":""},{"text":"Weekly news roundup\n        2025-07-14 - News","disabled":false,"id":""}]
[sim_takane_6m] open today's live schedule at 2025-08-01
[sim_takane_6m] open today's live schedule at 2025-08-01
[sim_takane_6m] open today's live schedule at 2025-08-01
[sim_takane_6m] open today's live schedule at 2025-08-01
[sim_takane_6m] open today's live schedule at 2025-08-01
[sim_takane_6m] open today's live schedule at 2025-08-01
[sim_takane_6m] open today's live schedule at 2025-08-01
[sim_takane_6m] open today's live schedule at 2025-08-01
[sim_takane_6m] open today's live schedule at 2025-08-01
[sim_takane_6m] open today's live schedule at 2025-08-01
[sim_takane_6m] open today's live schedule at 2025-08-01
[sim_takane_6m] open today's live schedule at 2025-08-01
[sim_takane_6m] open today's live schedule at 2025-08-01
[sim_takane_6m] open today's live schedule at 2025-08-01
[sim_takane_6m] open today's live schedule at 2025-08-01
[sim_takane_6m] open today's live schedule at 2025-08-01
[sim_takane_6m] open today's live schedule at 2025-08-01
[sim_takane_6m] open today's live schedule at 2025-08-01
[sim_takane_6m] open today's live schedule at 2025-08-01
[sim_takane_6m] step=4350 iso=2025-08-01 display=Friday, August 1, 2025 19:20 stale=4299
[sim_takane_6m] open today's live schedule at 2025-08-01
[sim_takane_6m] stale buttons Friday, August 1, 2025 19:20 :: [{"text":"Main menu","disabled":false,"id":"btn-main-menu"},{"text":"Save game","disabled":false,"id":"btn-save"},{"text":"Load game","disabled":false,"id":"btn-load"},{"text":"New game","disabled":false,"id":"btn-new"},{"text":"Clear slot","disabled":false,"id":"btn-clear"},{"text":"‹","disabled":false,"id":""},{"text":"›","disabled":true,"id":""},{"text":"Friday, August 1, 2025 19:20","disabled":false,"id":"btn-goto-schedule"},{"text":"Next","disabled":false,"id":"btn-next-day"},{"text":"Inbox","disabled":false,"id":""},{"text":"Idols","disabled":false,"id":""},{"text":"Groups","disabled":false,"id":""},{"text":"Training","disabled":false,"id":""},{"text":"Schedule","disabled":false,"id":""},{"text":"Lives","disabled":false,"id":""},{"text":"Songs","disabled":false,"id":""},{"text":"Making","disabled":false,"id":""},{"text":"Media","disabled":false,"id":""},{"text":"Scout","disabled":false,"id":""},{"text":"Finances","disabled":false,"id":""},{"text":"Mark all read","disabled":true,"id":"btn-inbox-mark-all"},{"text":"* Today's live schedule\n        2025-08-01 - Assistant","disabled":false,"id":""},{"text":"Morning training ended\n        2025-07-31 - Training","disabled":false,"id":""},{"text":"Morning training ended\n        2025-07-30 - Training","disabled":false,"id":""},{"text":"Morning training ended\n        2025-07-29 - Training","disabled":false,"id":""},{"text":"Afternoon training ended\n        2025-07-28 - Training","disabled":false,"id":""},{"text":"Morning training ended\n        2025-07-28 - Training","disabled":false,"id":""},{"text":"Weekly news roundup\n        2025-07-28 - News","disabled":false,"id":""},{"text":"Morning training ended\n        2025-07-25 - Training","disabled":false,"id":""},{"text":"Morning training ended\n        2025-07-24 - Training","disabled":false,"id":""},{"text":"Morning training ended\n        2025-07-23 - Training","disabled":false,"id":""},{"text":"Morning training ended\n        2025-07-22 - Training","disabled":false,"id":""},{"text":"Morning training ended\n        2025-07-21 - Training","disabled":false,"id":""},{"text":"Weekly news roundup\n        2025-07-21 - News","disabled":false,"id":""},{"text":"Morning training ended\n        2025-07-18 - Training","disabled":false,"id":""},{"text":"Morning training ended\n        2025-07-17 - Training","disabled":false,"id":""},{"text":"Morning training ended\n        2025-07-16 - Training","disabled":false,"id":""},{"text":"Morning training ended\n        2025-07-15 - Training","disabled":false,"id":""},{"text":"Morning training ended\n        2025-07-14 - Training","disabled":false,"id":""},{"text":"Weekly news roundup\n        2025-07-14 - News","disabled":false,"id":""}]
[sim_takane_6m] open today's live schedule at 2025-08-01
[sim_takane_6m] open today's live schedule at 2025-08-01
[sim_takane_6m] open today's live schedule at 2025-08-01
[sim_takane_6m] open today's live schedule at 2025-08-01
[sim_takane_6m] open today's live schedule at 2025-08-01
[sim_takane_6m] open today's live schedule at 2025-08-01
[sim_takane_6m] open today's live schedule at 2025-08-01
[sim_takane_6m] open today's live schedule at 2025-08-01
[sim_takane_6m] open today's live schedule at 2025-08-01
[sim_takane_6m] open today's live schedule at 2025-08-01
[sim_takane_6m] open today's live schedule at 2025-08-01
[sim_takane_6m] open today's live schedule at 2025-08-01
[sim_takane_6m] open today's live schedule at 2025-08-01
[sim_takane_6m] open today's live schedule at 2025-08-01
[sim_takane_6m] open today's live schedule at 2025-08-01
[sim_takane_6m] open today's live schedule at 2025-08-01
[sim_takane_6m] open today's live schedule at 2025-08-01
[sim_takane_6m] open today's live schedule at 2025-08-01
[sim_takane_6m] open today's live schedule at 2025-08-01
[sim_takane_6m] open today's live schedule at 2025-08-01
[sim_takane_6m] stale buttons Friday, August 1, 2025 19:20 :: [{"text":"Main menu","disabled":false,"id":"btn-main-menu"},{"text":"Save game","disabled":false,"id":"btn-save"},{"text":"Load game","disabled":false,"id":"btn-load"},{"text":"New game","disabled":false,"id":"btn-new"},{"text":"Clear slot","disabled":false,"id":"btn-clear"},{"text":"‹","disabled":false,"id":""},{"text":"›","disabled":true,"id":""},{"text":"Friday, August 1, 2025 19:20","disabled":false,"id":"btn-goto-schedule"},{"text":"Next","disabled":false,"id":"btn-next-day"},{"text":"Inbox","disabled":false,"id":""},{"text":"Idols","disabled":false,"id":""},{"text":"Groups","disabled":false,"id":""},{"text":"Training","disabled":false,"id":""},{"text":"Schedule","disabled":false,"id":""},{"text":"Lives","disabled":false,"id":""},{"text":"Songs","disabled":false,"id":""},{"text":"Making","disabled":false,"id":""},{"text":"Media","disabled":false,"id":""},{"text":"Scout","disabled":false,"id":""},{"text":"Finances","disabled":false,"id":""},{"text":"Mark all read","disabled":true,"id":"btn-inbox-mark-all"},{"text":"* Today's live schedule\n        2025-08-01 - Assistant","disabled":false,"id":""},{"text":"Morning training ended\n        2025-07-31 - Training","disabled":false,"id":""},{"text":"Morning training ended\n        2025-07-30 - Training","disabled":false,"id":""},{"text":"Morning training ended\n        2025-07-29 - Training","disabled":false,"id":""},{"text":"Afternoon training ended\n        2025-07-28 - Training","disabled":false,"id":""},{"text":"Morning training ended\n        2025-07-28 - Training","disabled":false,"id":""},{"text":"Weekly news roundup\n        2025-07-28 - News","disabled":false,"id":""},{"text":"Morning training ended\n        2025-07-25 - Training","disabled":false,"id":""},{"text":"Morning training ended\n        2025-07-24 - Training","disabled":false,"id":""},{"text":"Morning training ended\n        2025-07-23 - Training","disabled":false,"id":""},{"text":"Morning training ended\n        2025-07-22 - Training","disabled":false,"id":""},{"text":"Morning training ended\n        2025-07-21 - Training","disabled":false,"id":""},{"text":"Weekly news roundup\n        2025-07-21 - News","disabled":false,"id":""},{"text":"Morning training ended\n        2025-07-18 - Training","disabled":false,"id":""},{"text":"Morning training ended\n        2025-07-17 - Training","disabled":false,"id":""},{"text":"Morning training ended\n        2025-07-16 - Training","disabled":false,"id":""},{"text":"Morning training ended\n        2025-07-15 - Training","disabled":false,"id":""},{"text":"Morning training ended\n        2025-07-14 - Training","disabled":false,"id":""},{"text":"Weekly news roundup\n        2025-07-14 - News","disabled":false,"id":""}]
[sim_takane_6m] open today's live schedule at 2025-08-01
[sim_takane_6m] open today's live schedule at 2025-08-01
[sim_takane_6m] open today's live schedule at 2025-08-01
[sim_takane_6m] open today's live schedule at 2025-08-01
[sim_takane_6m] step=4375 iso=2025-08-01 display=Friday, August 1, 2025 19:20 stale=4324
[sim_takane_6m] open today's live schedule at 2025-08-01
[sim_takane_6m] open today's live schedule at 2025-08-01
[sim_takane_6m] open today's live schedule at 2025-08-01
[sim_takane_6m] open today's live schedule at 2025-08-01
[sim_takane_6m] open today's live schedule at 2025-08-01
[sim_takane_6m] open today's live schedule at 2025-08-01
[sim_takane_6m] open today's live schedule at 2025-08-01
[sim_takane_6m] open today's live schedule at 2025-08-01
[sim_takane_6m] open today's live schedule at 2025-08-01
[sim_takane_6m] open today's live schedule at 2025-08-01
[sim_takane_6m] open today's live schedule at 2025-08-01
[sim_takane_6m] open today's live schedule at 2025-08-01
[sim_takane_6m] open today's live schedule at 2025-08-01
[sim_takane_6m] open today's live schedule at 2025-08-01
[sim_takane_6m] open today's live schedule at 2025-08-01
[sim_takane_6m] open today's live schedule at 2025-08-01
[sim_takane_6m] stale buttons Friday, August 1, 2025 19:20 :: [{"text":"Main menu","disabled":false,"id":"btn-main-menu"},{"text":"Save game","disabled":false,"id":"btn-save"},{"text":"Load game","disabled":false,"id":"btn-load"},{"text":"New game","disabled":false,"id":"btn-new"},{"text":"Clear slot","disabled":false,"id":"btn-clear"},{"text":"‹","disabled":false,"id":""},{"text":"›","disabled":true,"id":""},{"text":"Friday, August 1, 2025 19:20","disabled":false,"id":"btn-goto-schedule"},{"text":"Next","disabled":false,"id":"btn-next-day"},{"text":"Inbox","disabled":false,"id":""},{"text":"Idols","disabled":false,"id":""},{"text":"Groups","disabled":false,"id":""},{"text":"Training","disabled":false,"id":""},{"text":"Schedule","disabled":false,"id":""},{"text":"Lives","disabled":false,"id":""},{"text":"Songs","disabled":false,"id":""},{"text":"Making","disabled":false,"id":""},{"text":"Media","disabled":false,"id":""},{"text":"Scout","disabled":false,"id":""},{"text":"Finances","disabled":false,"id":""},{"text":"Mark all read","disabled":true,"id":"btn-inbox-mark-all"},{"text":"* Today's live schedule\n        2025-08-01 - Assistant","disabled":false,"id":""},{"text":"Morning training ended\n        2025-07-31 - Training","disabled":false,"id":""},{"text":"Morning training ended\n        2025-07-30 - Training","disabled":false,"id":""},{"text":"Morning training ended\n        2025-07-29 - Training","disabled":false,"id":""},{"text":"Afternoon training ended\n        2025-07-28 - Training","disabled":false,"id":""},{"text":"Morning training ended\n        2025-07-28 - Training","disabled":false,"id":""},{"text":"Weekly news roundup\n        2025-07-28 - News","disabled":false,"id":""},{"text":"Morning training ended\n        2025-07-25 - Training","disabled":false,"id":""},{"text":"Morning training ended\n        2025-07-24 - Training","disabled":false,"id":""},{"text":"Morning training ended\n        2025-07-23 - Training","disabled":false,"id":""},{"text":"Morning training ended\n        2025-07-22 - Training","disabled":false,"id":""},{"text":"Morning training ended\n        2025-07-21 - Training","disabled":false,"id":""},{"text":"Weekly news roundup\n        2025-07-21 - News","disabled":false,"id":""},{"text":"Morning training ended\n        2025-07-18 - Training","disabled":false,"id":""},{"text":"Morning training ended\n        2025-07-17 - Training","disabled":false,"id":""},{"text":"Morning training ended\n        2025-07-16 - Training","disabled":false,"id":""},{"text":"Morning training ended\n        2025-07-15 - Training","disabled":false,"id":""},{"text":"Morning training ended\n        2025-07-14 - Training","disabled":false,"id":""},{"text":"Weekly news roundup\n        2025-07-14 - News","disabled":false,"id":""}]
[sim_takane_6m] open today's live schedule at 2025-08-01
[sim_takane_6m] open today's live schedule at 2025-08-01
[sim_takane_6m] open today's live schedule at 2025-08-01
[sim_takane_6m] open today's live schedule at 2025-08-01
[sim_takane_6m] open today's live schedule at 2025-08-01
[sim_takane_6m] open today's live schedule at 2025-08-01
[sim_takane_6m] open today's live schedule at 2025-08-01
[sim_takane_6m] open today's live schedule at 2025-08-01
[sim_takane_6m] open today's live schedule at 2025-08-01
[sim_takane_6m] step=4400 iso=2025-08-01 display=Friday, August 1, 2025 19:20 stale=4349
[sim_takane_6m] open today's live schedule at 2025-08-01
[sim_takane_6m] open today's live schedule at 2025-08-01
[sim_takane_6m] open today's live schedule at 2025-08-01
[sim_takane_6m] open today's live schedule at 2025-08-01
[sim_takane_6m] open today's live schedule at 2025-08-01
[sim_takane_6m] open today's live schedule at 2025-08-01
[sim_takane_6m] open today's live schedule at 2025-08-01
[sim_takane_6m] open today's live schedule at 2025-08-01
[sim_takane_6m] open today's live schedule at 2025-08-01
[sim_takane_6m] open today's live schedule at 2025-08-01
[sim_takane_6m] open today's live schedule at 2025-08-01
[sim_takane_6m] stale buttons Friday, August 1, 2025 19:20 :: [{"text":"Main menu","disabled":false,"id":"btn-main-menu"},{"text":"Save game","disabled":false,"id":"btn-save"},{"text":"Load game","disabled":false,"id":"btn-load"},{"text":"New game","disabled":false,"id":"btn-new"},{"text":"Clear slot","disabled":false,"id":"btn-clear"},{"text":"‹","disabled":false,"id":""},{"text":"›","disabled":true,"id":""},{"text":"Friday, August 1, 2025 19:20","disabled":false,"id":"btn-goto-schedule"},{"text":"Next","disabled":false,"id":"btn-next-day"},{"text":"Inbox","disabled":false,"id":""},{"text":"Idols","disabled":false,"id":""},{"text":"Groups","disabled":false,"id":""},{"text":"Training","disabled":false,"id":""},{"text":"Schedule","disabled":false,"id":""},{"text":"Lives","disabled":false,"id":""},{"text":"Songs","disabled":false,"id":""},{"text":"Making","disabled":false,"id":""},{"text":"Media","disabled":false,"id":""},{"text":"Scout","disabled":false,"id":""},{"text":"Finances","disabled":false,"id":""},{"text":"Mark all read","disabled":true,"id":"btn-inbox-mark-all"},{"text":"* Today's live schedule\n        2025-08-01 - Assistant","disabled":false,"id":""},{"text":"Morning training ended\n        2025-07-31 - Training","disabled":false,"id":""},{"text":"Morning training ended\n        2025-07-30 - Training","disabled":false,"id":""},{"text":"Morning training ended\n        2025-07-29 - Training","disabled":false,"id":""},{"text":"Afternoon training ended\n        2025-07-28 - Training","disabled":false,"id":""},{"text":"Morning training ended\n        2025-07-28 - Training","disabled":false,"id":""},{"text":"Weekly news roundup\n        2025-07-28 - News","disabled":false,"id":""},{"text":"Morning training ended\n        2025-07-25 - Training","disabled":false,"id":""},{"text":"Morning training ended\n        2025-07-24 - Training","disabled":false,"id":""},{"text":"Morning training ended\n        2025-07-23 - Training","disabled":false,"id":""},{"text":"Morning training ended\n        2025-07-22 - Training","disabled":false,"id":""},{"text":"Morning training ended\n        2025-07-21 - Training","disabled":false,"id":""},{"text":"Weekly news roundup\n        2025-07-21 - News","disabled":false,"id":""},{"text":"Morning training ended\n        2025-07-18 - Training","disabled":false,"id":""},{"text":"Morning training ended\n        2025-07-17 - Training","disabled":false,"id":""},{"text":"Morning training ended\n        2025-07-16 - Training","disabled":false,"id":""},{"text":"Morning training ended\n        2025-07-15 - Training","disabled":false,"id":""},{"text":"Morning training ended\n        2025-07-14 - Training","disabled":false,"id":""},{"text":"Weekly news roundup\n        2025-07-14 - News","disabled":false,"id":""}]
[sim_takane_6m] open today's live schedule at 2025-08-01
[sim_takane_6m] open today's live schedule at 2025-08-01
[sim_takane_6m] open today's live schedule at 2025-08-01
[sim_takane_6m] open today's live schedule at 2025-08-01
[sim_takane_6m] open today's live schedule at 2025-08-01
[sim_takane_6m] open today's live schedule at 2025-08-01
[sim_takane_6m] open today's live schedule at 2025-08-01
[sim_takane_6m] open today's live schedule at 2025-08-01
[sim_takane_6m] open today's live schedule at 2025-08-01
[sim_takane_6m] open today's live schedule at 2025-08-01
[sim_takane_6m] open today's live schedule at 2025-08-01
[sim_takane_6m] open today's live schedule at 2025-08-01
[sim_takane_6m] open today's live schedule at 2025-08-01
[sim_takane_6m] open today's live schedule at 2025-08-01
[sim_takane_6m] step=4425 iso=2025-08-01 display=Friday, August 1, 2025 19:20 stale=4374
[sim_takane_6m] open today's live schedule at 2025-08-01
[sim_takane_6m] open today's live schedule at 2025-08-01
[sim_takane_6m] open today's live schedule at 2025-08-01
[sim_takane_6m] open today's live schedule at 2025-08-01
[sim_takane_6m] open today's live schedule at 2025-08-01
[sim_takane_6m] open today's live schedule at 2025-08-01
[sim_takane_6m] stale buttons Friday, August 1, 2025 19:20 :: [{"text":"Main menu","disabled":false,"id":"btn-main-menu"},{"text":"Save game","disabled":false,"id":"btn-save"},{"text":"Load game","disabled":false,"id":"btn-load"},{"text":"New game","disabled":false,"id":"btn-new"},{"text":"Clear slot","disabled":false,"id":"btn-clear"},{"text":"‹","disabled":false,"id":""},{"text":"›","disabled":true,"id":""},{"text":"Friday, August 1, 2025 19:20","disabled":false,"id":"btn-goto-schedule"},{"text":"Next","disabled":false,"id":"btn-next-day"},{"text":"Inbox","disabled":false,"id":""},{"text":"Idols","disabled":false,"id":""},{"text":"Groups","disabled":false,"id":""},{"text":"Training","disabled":false,"id":""},{"text":"Schedule","disabled":false,"id":""},{"text":"Lives","disabled":false,"id":""},{"text":"Songs","disabled":false,"id":""},{"text":"Making","disabled":false,"id":""},{"text":"Media","disabled":false,"id":""},{"text":"Scout","disabled":false,"id":""},{"text":"Finances","disabled":false,"id":""},{"text":"Mark all read","disabled":true,"id":"btn-inbox-mark-all"},{"text":"* Today's live schedule\n        2025-08-01 - Assistant","disabled":false,"id":""},{"text":"Morning training ended\n        2025-07-31 - Training","disabled":false,"id":""},{"text":"Morning training ended\n        2025-07-30 - Training","disabled":false,"id":""},{"text":"Morning training ended\n        2025-07-29 - Training","disabled":false,"id":""},{"text":"Afternoon training ended\n        2025-07-28 - Training","disabled":false,"id":""},{"text":"Morning training ended\n        2025-07-28 - Training","disabled":false,"id":""},{"text":"Weekly news roundup\n        2025-07-28 - News","disabled":false,"id":""},{"text":"Morning training ended\n        2025-07-25 - Training","disabled":false,"id":""},{"text":"Morning training ended\n        2025-07-24 - Training","disabled":false,"id":""},{"text":"Morning training ended\n        2025-07-23 - Training","disabled":false,"id":""},{"text":"Morning training ended\n        2025-07-22 - Training","disabled":false,"id":""},{"text":"Morning training ended\n        2025-07-21 - Training","disabled":false,"id":""},{"text":"Weekly news roundup\n        2025-07-21 - News","disabled":false,"id":""},{"text":"Morning training ended\n        2025-07-18 - Training","disabled":false,"id":""},{"text":"Morning training ended\n        2025-07-17 - Training","disabled":false,"id":""},{"text":"Morning training ended\n        2025-07-16 - Training","disabled":false,"id":""},{"text":"Morning training ended\n        2025-07-15 - Training","disabled":false,"id":""},{"text":"Morning training ended\n        2025-07-14 - Training","disabled":false,"id":""},{"text":"Weekly news roundup\n        2025-07-14 - News","disabled":false,"id":""}]
[sim_takane_6m] open today's live schedule at 2025-08-01
[sim_takane_6m] open today's live schedule at 2025-08-01
[sim_takane_6m] open today's live schedule at 2025-08-01
[sim_takane_6m] open today's live schedule at 2025-08-01
[sim_takane_6m] open today's live schedule at 2025-08-01
[sim_takane_6m] open today's live schedule at 2025-08-01
[sim_takane_6m] open today's live schedule at 2025-08-01
[sim_takane_6m] open today's live schedule at 2025-08-01
[sim_takane_6m] open today's live schedule at 2025-08-01
[sim_takane_6m] open today's live schedule at 2025-08-01
[sim_takane_6m] open today's live schedule at 2025-08-01
[sim_takane_6m] open today's live schedule at 2025-08-01
[sim_takane_6m] open today's live schedule at 2025-08-01
[sim_takane_6m] open today's live schedule at 2025-08-01
[sim_takane_6m] open today's live schedule at 2025-08-01
[sim_takane_6m] open today's live schedule at 2025-08-01
[sim_takane_6m] open today's live schedule at 2025-08-01
[sim_takane_6m] open today's live schedule at 2025-08-01
[sim_takane_6m] open today's live schedule at 2025-08-01
[sim_takane_6m] step=4450 iso=2025-08-01 display=Friday, August 1, 2025 19:20 stale=4399
[sim_takane_6m] open today's live schedule at 2025-08-01
[sim_takane_6m] stale buttons Friday, August 1, 2025 19:20 :: [{"text":"Main menu","disabled":false,"id":"btn-main-menu"},{"text":"Save game","disabled":false,"id":"btn-save"},{"text":"Load game","disabled":false,"id":"btn-load"},{"text":"New game","disabled":false,"id":"btn-new"},{"text":"Clear slot","disabled":false,"id":"btn-clear"},{"text":"‹","disabled":false,"id":""},{"text":"›","disabled":true,"id":""},{"text":"Friday, August 1, 2025 19:20","disabled":false,"id":"btn-goto-schedule"},{"text":"Next","disabled":false,"id":"btn-next-day"},{"text":"Inbox","disabled":false,"id":""},{"text":"Idols","disabled":false,"id":""},{"text":"Groups","disabled":false,"id":""},{"text":"Training","disabled":false,"id":""},{"text":"Schedule","disabled":false,"id":""},{"text":"Lives","disabled":false,"id":""},{"text":"Songs","disabled":false,"id":""},{"text":"Making","disabled":false,"id":""},{"text":"Media","disabled":false,"id":""},{"text":"Scout","disabled":false,"id":""},{"text":"Finances","disabled":false,"id":""},{"text":"Mark all read","disabled":true,"id":"btn-inbox-mark-all"},{"text":"* Today's live schedule\n        2025-08-01 - Assistant","disabled":false,"id":""},{"text":"Morning training ended\n        2025-07-31 - Training","disabled":false,"id":""},{"text":"Morning training ended\n        2025-07-30 - Training","disabled":false,"id":""},{"text":"Morning training ended\n        2025-07-29 - Training","disabled":false,"id":""},{"text":"Afternoon training ended\n        2025-07-28 - Training","disabled":false,"id":""},{"text":"Morning training ended\n        2025-07-28 - Training","disabled":false,"id":""},{"text":"Weekly news roundup\n        2025-07-28 - News","disabled":false,"id":""},{"text":"Morning training ended\n        2025-07-25 - Training","disabled":false,"id":""},{"text":"Morning training ended\n        2025-07-24 - Training","disabled":false,"id":""},{"text":"Morning training ended\n        2025-07-23 - Training","disabled":false,"id":""},{"text":"Morning training ended\n        2025-07-22 - Training","disabled":false,"id":""},{"text":"Morning training ended\n        2025-07-21 - Training","disabled":false,"id":""},{"text":"Weekly news roundup\n        2025-07-21 - News","disabled":false,"id":""},{"text":"Morning training ended\n        2025-07-18 - Training","disabled":false,"id":""},{"text":"Morning training ended\n        2025-07-17 - Training","disabled":false,"id":""},{"text":"Morning training ended\n        2025-07-16 - Training","disabled":false,"id":""},{"text":"Morning training ended\n        2025-07-15 - Training","disabled":false,"id":""},{"text":"Morning training ended\n        2025-07-14 - Training","disabled":false,"id":""},{"text":"Weekly news roundup\n        2025-07-14 - News","disabled":false,"id":""}]
[sim_takane_6m] open today's live schedule at 2025-08-01
[sim_takane_6m] open today's live schedule at 2025-08-01
[sim_takane_6m] open today's live schedule at 2025-08-01
[sim_takane_6m] open today's live schedule at 2025-08-01
[sim_takane_6m] open today's live schedule at 2025-08-01
[sim_takane_6m] open today's live schedule at 2025-08-01
[sim_takane_6m] open today's live schedule at 2025-08-01
[sim_takane_6m] open today's live schedule at 2025-08-01
[sim_takane_6m] open today's live schedule at 2025-08-01
[sim_takane_6m] open today's live schedule at 2025-08-01
[sim_takane_6m] open today's live schedule at 2025-08-01
[sim_takane_6m] open today's live schedule at 2025-08-01
[sim_takane_6m] open today's live schedule at 2025-08-01
[sim_takane_6m] open today's live schedule at 2025-08-01
[sim_takane_6m] open today's live schedule at 2025-08-01
[sim_takane_6m] open today's live schedule at 2025-08-01
[sim_takane_6m] open today's live schedule at 2025-08-01
[sim_takane_6m] open today's live schedule at 2025-08-01
[sim_takane_6m] open today's live schedule at 2025-08-01
[sim_takane_6m] open today's live schedule at 2025-08-01
[sim_takane_6m] stale buttons Friday, August 1, 2025 19:20 :: [{"text":"Main menu","disabled":false,"id":"btn-main-menu"},{"text":"Save game","disabled":false,"id":"btn-save"},{"text":"Load game","disabled":false,"id":"btn-load"},{"text":"New game","disabled":false,"id":"btn-new"},{"text":"Clear slot","disabled":false,"id":"btn-clear"},{"text":"‹","disabled":false,"id":""},{"text":"›","disabled":true,"id":""},{"text":"Friday, August 1, 2025 19:20","disabled":false,"id":"btn-goto-schedule"},{"text":"Next","disabled":false,"id":"btn-next-day"},{"text":"Inbox","disabled":false,"id":""},{"text":"Idols","disabled":false,"id":""},{"text":"Groups","disabled":false,"id":""},{"text":"Training","disabled":false,"id":""},{"text":"Schedule","disabled":false,"id":""},{"text":"Lives","disabled":false,"id":""},{"text":"Songs","disabled":false,"id":""},{"text":"Making","disabled":false,"id":""},{"text":"Media","disabled":false,"id":""},{"text":"Scout","disabled":false,"id":""},{"text":"Finances","disabled":false,"id":""},{"text":"Mark all read","disabled":true,"id":"btn-inbox-mark-all"},{"text":"* Today's live schedule\n        2025-08-01 - Assistant","disabled":false,"id":""},{"text":"Morning training ended\n        2025-07-31 - Training","disabled":false,"id":""},{"text":"Morning training ended\n        2025-07-30 - Training","disabled":false,"id":""},{"text":"Morning training ended\n        2025-07-29 - Training","disabled":false,"id":""},{"text":"Afternoon training ended\n        2025-07-28 - Training","disabled":false,"id":""},{"text":"Morning training ended\n        2025-07-28 - Training","disabled":false,"id":""},{"text":"Weekly news roundup\n        2025-07-28 - News","disabled":false,"id":""},{"text":"Morning training ended\n        2025-07-25 - Training","disabled":false,"id":""},{"text":"Morning training ended\n        2025-07-24 - Training","disabled":false,"id":""},{"text":"Morning training ended\n        2025-07-23 - Training","disabled":false,"id":""},{"text":"Morning training ended\n        2025-07-22 - Training","disabled":false,"id":""},{"text":"Morning training ended\n        2025-07-21 - Training","disabled":false,"id":""},{"text":"Weekly news roundup\n        2025-07-21 - News","disabled":false,"id":""},{"text":"Morning training ended\n        2025-07-18 - Training","disabled":false,"id":""},{"text":"Morning training ended\n        2025-07-17 - Training","disabled":false,"id":""},{"text":"Morning training ended\n        2025-07-16 - Training","disabled":false,"id":""},{"text":"Morning training ended\n        2025-07-15 - Training","disabled":false,"id":""},{"text":"Morning training ended\n        2025-07-14 - Training","disabled":false,"id":""},{"text":"Weekly news roundup\n        2025-07-14 - News","disabled":false,"id":""}]
[sim_takane_6m] open today's live schedule at 2025-08-01
[sim_takane_6m] open today's live schedule at 2025-08-01
[sim_takane_6m] open today's live schedule at 2025-08-01
[sim_takane_6m] open today's live schedule at 2025-08-01
[sim_takane_6m] step=4475 iso=2025-08-01 display=Friday, August 1, 2025 19:20 stale=4424
[sim_takane_6m] open today's live schedule at 2025-08-01
[sim_takane_6m] open today's live schedule at 2025-08-01
[sim_takane_6m] open today's live schedule at 2025-08-01
[sim_takane_6m] open today's live schedule at 2025-08-01
[sim_takane_6m] open today's live schedule at 2025-08-01
[sim_takane_6m] open today's live schedule at 2025-08-01
[sim_takane_6m] open today's live schedule at 2025-08-01
[sim_takane_6m] open today's live schedule at 2025-08-01
[sim_takane_6m] open today's live schedule at 2025-08-01
[sim_takane_6m] open today's live schedule at 2025-08-01
[sim_takane_6m] open today's live schedule at 2025-08-01
[sim_takane_6m] open today's live schedule at 2025-08-01
[sim_takane_6m] open today's live schedule at 2025-08-01
[sim_takane_6m] open today's live schedule at 2025-08-01
[sim_takane_6m] open today's live schedule at 2025-08-01
[sim_takane_6m] open today's live schedule at 2025-08-01
[sim_takane_6m] stale buttons Friday, August 1, 2025 19:20 :: [{"text":"Main menu","disabled":false,"id":"btn-main-menu"},{"text":"Save game","disabled":false,"id":"btn-save"},{"text":"Load game","disabled":false,"id":"btn-load"},{"text":"New game","disabled":false,"id":"btn-new"},{"text":"Clear slot","disabled":false,"id":"btn-clear"},{"text":"‹","disabled":false,"id":""},{"text":"›","disabled":true,"id":""},{"text":"Friday, August 1, 2025 19:20","disabled":false,"id":"btn-goto-schedule"},{"text":"Next","disabled":false,"id":"btn-next-day"},{"text":"Inbox","disabled":false,"id":""},{"text":"Idols","disabled":false,"id":""},{"text":"Groups","disabled":false,"id":""},{"text":"Training","disabled":false,"id":""},{"text":"Schedule","disabled":false,"id":""},{"text":"Lives","disabled":false,"id":""},{"text":"Songs","disabled":false,"id":""},{"text":"Making","disabled":false,"id":""},{"text":"Media","disabled":false,"id":""},{"text":"Scout","disabled":false,"id":""},{"text":"Finances","disabled":false,"id":""},{"text":"Mark all read","disabled":true,"id":"btn-inbox-mark-all"},{"text":"* Today's live schedule\n        2025-08-01 - Assistant","disabled":false,"id":""},{"text":"Morning training ended\n        2025-07-31 - Training","disabled":false,"id":""},{"text":"Morning training ended\n        2025-07-30 - Training","disabled":false,"id":""},{"text":"Morning training ended\n        2025-07-29 - Training","disabled":false,"id":""},{"text":"Afternoon training ended\n        2025-07-28 - Training","disabled":false,"id":""},{"text":"Morning training ended\n        2025-07-28 - Training","disabled":false,"id":""},{"text":"Weekly news roundup\n        2025-07-28 - News","disabled":false,"id":""},{"text":"Morning training ended\n        2025-07-25 - Training","disabled":false,"id":""},{"text":"Morning training ended\n        2025-07-24 - Training","disabled":false,"id":""},{"text":"Morning training ended\n        2025-07-23 - Training","disabled":false,"id":""},{"text":"Morning training ended\n        2025-07-22 - Training","disabled":false,"id":""},{"text":"Morning training ended\n        2025-07-21 - Training","disabled":false,"id":""},{"text":"Weekly news roundup\n        2025-07-21 - News","disabled":false,"id":""},{"text":"Morning training ended\n        2025-07-18 - Training","disabled":false,"id":""},{"text":"Morning training ended\n        2025-07-17 - Training","disabled":false,"id":""},{"text":"Morning training ended\n        2025-07-16 - Training","disabled":false,"id":""},{"text":"Morning training ended\n        2025-07-15 - Training","disabled":false,"id":""},{"text":"Morning training ended\n        2025-07-14 - Training","disabled":false,"id":""},{"text":"Weekly news roundup\n        2025-07-14 - News","disabled":false,"id":""}]
[sim_takane_6m] open today's live schedule at 2025-08-01
[sim_takane_6m] open today's live schedule at 2025-08-01
[sim_takane_6m] open today's live schedule at 2025-08-01
[sim_takane_6m] open today's live schedule at 2025-08-01
[sim_takane_6m] open today's live schedule at 2025-08-01
[sim_takane_6m] open today's live schedule at 2025-08-01
[sim_takane_6m] open today's live schedule at 2025-08-01
[sim_takane_6m] open today's live schedule at 2025-08-01
[sim_takane_6m] open today's live schedule at 2025-08-01
[sim_takane_6m] step=4500 iso=2025-08-01 display=Friday, August 1, 2025 19:20 stale=4449
[sim_takane_6m] open today's live schedule at 2025-08-01
[sim_takane_6m] open today's live schedule at 2025-08-01
[sim_takane_6m] open today's live schedule at 2025-08-01
[sim_takane_6m] open today's live schedule at 2025-08-01
[sim_takane_6m] open today's live schedule at 2025-08-01
[sim_takane_6m] open today's live schedule at 2025-08-01
[sim_takane_6m] open today's live schedule at 2025-08-01
[sim_takane_6m] open today's live schedule at 2025-08-01
[sim_takane_6m] open today's live schedule at 2025-08-01
[sim_takane_6m] open today's live schedule at 2025-08-01
[sim_takane_6m] open today's live schedule at 2025-08-01
[sim_takane_6m] stale buttons Friday, August 1, 2025 19:20 :: [{"text":"Main menu","disabled":false,"id":"btn-main-menu"},{"text":"Save game","disabled":false,"id":"btn-save"},{"text":"Load game","disabled":false,"id":"btn-load"},{"text":"New game","disabled":false,"id":"btn-new"},{"text":"Clear slot","disabled":false,"id":"btn-clear"},{"text":"‹","disabled":false,"id":""},{"text":"›","disabled":true,"id":""},{"text":"Friday, August 1, 2025 19:20","disabled":false,"id":"btn-goto-schedule"},{"text":"Next","disabled":false,"id":"btn-next-day"},{"text":"Inbox","disabled":false,"id":""},{"text":"Idols","disabled":false,"id":""},{"text":"Groups","disabled":false,"id":""},{"text":"Training","disabled":false,"id":""},{"text":"Schedule","disabled":false,"id":""},{"text":"Lives","disabled":false,"id":""},{"text":"Songs","disabled":false,"id":""},{"text":"Making","disabled":false,"id":""},{"text":"Media","disabled":false,"id":""},{"text":"Scout","disabled":false,"id":""},{"text":"Finances","disabled":false,"id":""},{"text":"Mark all read","disabled":true,"id":"btn-inbox-mark-all"},{"text":"* Today's live schedule\n        2025-08-01 - Assistant","disabled":false,"id":""},{"text":"Morning training ended\n        2025-07-31 - Training","disabled":false,"id":""},{"text":"Morning training ended\n        2025-07-30 - Training","disabled":false,"id":""},{"text":"Morning training ended\n        2025-07-29 - Training","disabled":false,"id":""},{"text":"Afternoon training ended\n        2025-07-28 - Training","disabled":false,"id":""},{"text":"Morning training ended\n        2025-07-28 - Training","disabled":false,"id":""},{"text":"Weekly news roundup\n        2025-07-28 - News","disabled":false,"id":""},{"text":"Morning training ended\n        2025-07-25 - Training","disabled":false,"id":""},{"text":"Morning training ended\n        2025-07-24 - Training","disabled":false,"id":""},{"text":"Morning training ended\n        2025-07-23 - Training","disabled":false,"id":""},{"text":"Morning training ended\n        2025-07-22 - Training","disabled":false,"id":""},{"text":"Morning training ended\n        2025-07-21 - Training","disabled":false,"id":""},{"text":"Weekly news roundup\n        2025-07-21 - News","disabled":false,"id":""},{"text":"Morning training ended\n        2025-07-18 - Training","disabled":false,"id":""},{"text":"Morning training ended\n        2025-07-17 - Training","disabled":false,"id":""},{"text":"Morning training ended\n        2025-07-16 - Training","disabled":false,"id":""},{"text":"Morning training ended\n        2025-07-15 - Training","disabled":false,"id":""},{"text":"Morning training ended\n        2025-07-14 - Training","disabled":false,"id":""},{"text":"Weekly news roundup\n        2025-07-14 - News","disabled":false,"id":""}]
[sim_takane_6m] open today's live schedule at 2025-08-01
[sim_takane_6m] open today's live schedule at 2025-08-01
[sim_takane_6m] open today's live schedule at 2025-08-01
[sim_takane_6m] open today's live schedule at 2025-08-01
[sim_takane_6m] open today's live schedule at 2025-08-01
[sim_takane_6m] open today's live schedule at 2025-08-01
[sim_takane_6m] open today's live schedule at 2025-08-01
[sim_takane_6m] open today's live schedule at 2025-08-01
[sim_takane_6m] open today's live schedule at 2025-08-01
[sim_takane_6m] open today's live schedule at 2025-08-01
[sim_takane_6m] open today's live schedule at 2025-08-01
[sim_takane_6m] open today's live schedule at 2025-08-01
[sim_takane_6m] open today's live schedule at 2025-08-01
[sim_takane_6m] open today's live schedule at 2025-08-01
[sim_takane_6m] step=4525 iso=2025-08-01 display=Friday, August 1, 2025 19:20 stale=4474
[sim_takane_6m] open today's live schedule at 2025-08-01
[sim_takane_6m] open today's live schedule at 2025-08-01
[sim_takane_6m] open today's live schedule at 2025-08-01
[sim_takane_6m] open today's live schedule at 2025-08-01
[sim_takane_6m] open today's live schedule at 2025-08-01
[sim_takane_6m] open today's live schedule at 2025-08-01
[sim_takane_6m] stale buttons Friday, August 1, 2025 19:20 :: [{"text":"Main menu","disabled":false,"id":"btn-main-menu"},{"text":"Save game","disabled":false,"id":"btn-save"},{"text":"Load game","disabled":false,"id":"btn-load"},{"text":"New game","disabled":false,"id":"btn-new"},{"text":"Clear slot","disabled":false,"id":"btn-clear"},{"text":"‹","disabled":false,"id":""},{"text":"›","disabled":true,"id":""},{"text":"Friday, August 1, 2025 19:20","disabled":false,"id":"btn-goto-schedule"},{"text":"Next","disabled":false,"id":"btn-next-day"},{"text":"Inbox","disabled":false,"id":""},{"text":"Idols","disabled":false,"id":""},{"text":"Groups","disabled":false,"id":""},{"text":"Training","disabled":false,"id":""},{"text":"Schedule","disabled":false,"id":""},{"text":"Lives","disabled":false,"id":""},{"text":"Songs","disabled":false,"id":""},{"text":"Making","disabled":false,"id":""},{"text":"Media","disabled":false,"id":""},{"text":"Scout","disabled":false,"id":""},{"text":"Finances","disabled":false,"id":""},{"text":"Mark all read","disabled":true,"id":"btn-inbox-mark-all"},{"text":"* Today's live schedule\n        2025-08-01 - Assistant","disabled":false,"id":""},{"text":"Morning training ended\n        2025-07-31 - Training","disabled":false,"id":""},{"text":"Morning training ended\n        2025-07-30 - Training","disabled":false,"id":""},{"text":"Morning training ended\n        2025-07-29 - Training","disabled":false,"id":""},{"text":"Afternoon training ended\n        2025-07-28 - Training","disabled":false,"id":""},{"text":"Morning training ended\n        2025-07-28 - Training","disabled":false,"id":""},{"text":"Weekly news roundup\n        2025-07-28 - News","disabled":false,"id":""},{"text":"Morning training ended\n        2025-07-25 - Training","disabled":false,"id":""},{"text":"Morning training ended\n        2025-07-24 - Training","disabled":false,"id":""},{"text":"Morning training ended\n        2025-07-23 - Training","disabled":false,"id":""},{"text":"Morning training ended\n        2025-07-22 - Training","disabled":false,"id":""},{"text":"Morning training ended\n        2025-07-21 - Training","disabled":false,"id":""},{"text":"Weekly news roundup\n        2025-07-21 - News","disabled":false,"id":""},{"text":"Morning training ended\n        2025-07-18 - Training","disabled":false,"id":""},{"text":"Morning training ended\n        2025-07-17 - Training","disabled":false,"id":""},{"text":"Morning training ended\n        2025-07-16 - Training","disabled":false,"id":""},{"text":"Morning training ended\n        2025-07-15 - Training","disabled":false,"id":""},{"text":"Morning training ended\n        2025-07-14 - Training","disabled":false,"id":""},{"text":"Weekly news roundup\n        2025-07-14 - News","disabled":false,"id":""}]
[sim_takane_6m] open today's live schedule at 2025-08-01
[sim_takane_6m] open today's live schedule at 2025-08-01
[sim_takane_6m] open today's live schedule at 2025-08-01
[sim_takane_6m] open today's live schedule at 2025-08-01
[sim_takane_6m] open today's live schedule at 2025-08-01
[sim_takane_6m] open today's live schedule at 2025-08-01
[sim_takane_6m] open today's live schedule at 2025-08-01
[sim_takane_6m] open today's live schedule at 2025-08-01
[sim_takane_6m] open today's live schedule at 2025-08-01
[sim_takane_6m] open today's live schedule at 2025-08-01
[sim_takane_6m] open today's live schedule at 2025-08-01
[sim_takane_6m] open today's live schedule at 2025-08-01
[sim_takane_6m] open today's live schedule at 2025-08-01
[sim_takane_6m] open today's live schedule at 2025-08-01
[sim_takane_6m] open today's live schedule at 2025-08-01
[sim_takane_6m] open today's live schedule at 2025-08-01
[sim_takane_6m] open today's live schedule at 2025-08-01
[sim_takane_6m] open today's live schedule at 2025-08-01
[sim_takane_6m] open today's live schedule at 2025-08-01
[sim_takane_6m] step=4550 iso=2025-08-01 display=Friday, August 1, 2025 19:20 stale=4499
[sim_takane_6m] open today's live schedule at 2025-08-01
[sim_takane_6m] stale buttons Friday, August 1, 2025 19:20 :: [{"text":"Main menu","disabled":false,"id":"btn-main-menu"},{"text":"Save game","disabled":false,"id":"btn-save"},{"text":"Load game","disabled":false,"id":"btn-load"},{"text":"New game","disabled":false,"id":"btn-new"},{"text":"Clear slot","disabled":false,"id":"btn-clear"},{"text":"‹","disabled":false,"id":""},{"text":"›","disabled":true,"id":""},{"text":"Friday, August 1, 2025 19:20","disabled":false,"id":"btn-goto-schedule"},{"text":"Next","disabled":false,"id":"btn-next-day"},{"text":"Inbox","disabled":false,"id":""},{"text":"Idols","disabled":false,"id":""},{"text":"Groups","disabled":false,"id":""},{"text":"Training","disabled":false,"id":""},{"text":"Schedule","disabled":false,"id":""},{"text":"Lives","disabled":false,"id":""},{"text":"Songs","disabled":false,"id":""},{"text":"Making","disabled":false,"id":""},{"text":"Media","disabled":false,"id":""},{"text":"Scout","disabled":false,"id":""},{"text":"Finances","disabled":false,"id":""},{"text":"Mark all read","disabled":true,"id":"btn-inbox-mark-all"},{"text":"* Today's live schedule\n        2025-08-01 - Assistant","disabled":false,"id":""},{"text":"Morning training ended\n        2025-07-31 - Training","disabled":false,"id":""},{"text":"Morning training ended\n        2025-07-30 - Training","disabled":false,"id":""},{"text":"Morning training ended\n        2025-07-29 - Training","disabled":false,"id":""},{"text":"Afternoon training ended\n        2025-07-28 - Training","disabled":false,"id":""},{"text":"Morning training ended\n        2025-07-28 - Training","disabled":false,"id":""},{"text":"Weekly news roundup\n        2025-07-28 - News","disabled":false,"id":""},{"text":"Morning training ended\n        2025-07-25 - Training","disabled":false,"id":""},{"text":"Morning training ended\n        2025-07-24 - Training","disabled":false,"id":""},{"text":"Morning training ended\n        2025-07-23 - Training","disabled":false,"id":""},{"text":"Morning training ended\n        2025-07-22 - Training","disabled":false,"id":""},{"text":"Morning training ended\n        2025-07-21 - Training","disabled":false,"id":""},{"text":"Weekly news roundup\n        2025-07-21 - News","disabled":false,"id":""},{"text":"Morning training ended\n        2025-07-18 - Training","disabled":false,"id":""},{"text":"Morning training ended\n        2025-07-17 - Training","disabled":false,"id":""},{"text":"Morning training ended\n        2025-07-16 - Training","disabled":false,"id":""},{"text":"Morning training ended\n        2025-07-15 - Training","disabled":false,"id":""},{"text":"Morning training ended\n        2025-07-14 - Training","disabled":false,"id":""},{"text":"Weekly news roundup\n        2025-07-14 - News","disabled":false,"id":""}]
[sim_takane_6m] open today's live schedule at 2025-08-01
[sim_takane_6m] open today's live schedule at 2025-08-01
[sim_takane_6m] open today's live schedule at 2025-08-01
[sim_takane_6m] open today's live schedule at 2025-08-01
[sim_takane_6m] open today's live schedule at 2025-08-01
[sim_takane_6m] open today's live schedule at 2025-08-01
[sim_takane_6m] open today's live schedule at 2025-08-01
[sim_takane_6m] open today's live schedule at 2025-08-01
[sim_takane_6m] open today's live schedule at 2025-08-01
[sim_takane_6m] open today's live schedule at 2025-08-01
[sim_takane_6m] open today's live schedule at 2025-08-01
[sim_takane_6m] open today's live schedule at 2025-08-01
[sim_takane_6m] open today's live schedule at 2025-08-01
[sim_takane_6m] open today's live schedule at 2025-08-01
[sim_takane_6m] open today's live schedule at 2025-08-01
[sim_takane_6m] open today's live schedule at 2025-08-01
[sim_takane_6m] open today's live schedule at 2025-08-01
[sim_takane_6m] open today's live schedule at 2025-08-01
[sim_takane_6m] open today's live schedule at 2025-08-01
[sim_takane_6m] open today's live schedule at 2025-08-01
[sim_takane_6m] stale buttons Friday, August 1, 2025 19:20 :: [{"text":"Main menu","disabled":false,"id":"btn-main-menu"},{"text":"Save game","disabled":false,"id":"btn-save"},{"text":"Load game","disabled":false,"id":"btn-load"},{"text":"New game","disabled":false,"id":"btn-new"},{"text":"Clear slot","disabled":false,"id":"btn-clear"},{"text":"‹","disabled":false,"id":""},{"text":"›","disabled":true,"id":""},{"text":"Friday, August 1, 2025 19:20","disabled":false,"id":"btn-goto-schedule"},{"text":"Next","disabled":false,"id":"btn-next-day"},{"text":"Inbox","disabled":false,"id":""},{"text":"Idols","disabled":false,"id":""},{"text":"Groups","disabled":false,"id":""},{"text":"Training","disabled":false,"id":""},{"text":"Schedule","disabled":false,"id":""},{"text":"Lives","disabled":false,"id":""},{"text":"Songs","disabled":false,"id":""},{"text":"Making","disabled":false,"id":""},{"text":"Media","disabled":false,"id":""},{"text":"Scout","disabled":false,"id":""},{"text":"Finances","disabled":false,"id":""},{"text":"Mark all read","disabled":true,"id":"btn-inbox-mark-all"},{"text":"* Today's live schedule\n        2025-08-01 - Assistant","disabled":false,"id":""},{"text":"Morning training ended\n        2025-07-31 - Training","disabled":false,"id":""},{"text":"Morning training ended\n        2025-07-30 - Training","disabled":false,"id":""},{"text":"Morning training ended\n        2025-07-29 - Training","disabled":false,"id":""},{"text":"Afternoon training ended\n        2025-07-28 - Training","disabled":false,"id":""},{"text":"Morning training ended\n        2025-07-28 - Training","disabled":false,"id":""},{"text":"Weekly news roundup\n        2025-07-28 - News","disabled":false,"id":""},{"text":"Morning training ended\n        2025-07-25 - Training","disabled":false,"id":""},{"text":"Morning training ended\n        2025-07-24 - Training","disabled":false,"id":""},{"text":"Morning training ended\n        2025-07-23 - Training","disabled":false,"id":""},{"text":"Morning training ended\n        2025-07-22 - Training","disabled":false,"id":""},{"text":"Morning training ended\n        2025-07-21 - Training","disabled":false,"id":""},{"text":"Weekly news roundup\n        2025-07-21 - News","disabled":false,"id":""},{"text":"Morning training ended\n        2025-07-18 - Training","disabled":false,"id":""},{"text":"Morning training ended\n        2025-07-17 - Training","disabled":false,"id":""},{"text":"Morning training ended\n        2025-07-16 - Training","disabled":false,"id":""},{"text":"Morning training ended\n        2025-07-15 - Training","disabled":false,"id":""},{"text":"Morning training ended\n        2025-07-14 - Training","disabled":false,"id":""},{"text":"Weekly news roundup\n        2025-07-14 - News","disabled":false,"id":""}]
[sim_takane_6m] open today's live schedule at 2025-08-01
[sim_takane_6m] open today's live schedule at 2025-08-01
[sim_takane_6m] open today's live schedule at 2025-08-01
[sim_takane_6m] open today's live schedule at 2025-08-01
[sim_takane_6m] step=4575 iso=2025-08-01 display=Friday, August 1, 2025 19:20 stale=4524
[sim_takane_6m] open today's live schedule at 2025-08-01
[sim_takane_6m] open today's live schedule at 2025-08-01
[sim_takane_6m] open today's live schedule at 2025-08-01
[sim_takane_6m] open today's live schedule at 2025-08-01
[sim_takane_6m] open today's live schedule at 2025-08-01
[sim_takane_6m] open today's live schedule at 2025-08-01
[sim_takane_6m] open today's live schedule at 2025-08-01
[sim_takane_6m] open today's live schedule at 2025-08-01
[sim_takane_6m] open today's live schedule at 2025-08-01
[sim_takane_6m] open today's live schedule at 2025-08-01
[sim_takane_6m] open today's live schedule at 2025-08-01
[sim_takane_6m] open today's live schedule at 2025-08-01
[sim_takane_6m] open today's live schedule at 2025-08-01
[sim_takane_6m] open today's live schedule at 2025-08-01
[sim_takane_6m] open today's live schedule at 2025-08-01
[sim_takane_6m] open today's live schedule at 2025-08-01
[sim_takane_6m] stale buttons Friday, August 1, 2025 19:20 :: [{"text":"Main menu","disabled":false,"id":"btn-main-menu"},{"text":"Save game","disabled":false,"id":"btn-save"},{"text":"Load game","disabled":false,"id":"btn-load"},{"text":"New game","disabled":false,"id":"btn-new"},{"text":"Clear slot","disabled":false,"id":"btn-clear"},{"text":"‹","disabled":false,"id":""},{"text":"›","disabled":true,"id":""},{"text":"Friday, August 1, 2025 19:20","disabled":false,"id":"btn-goto-schedule"},{"text":"Next","disabled":false,"id":"btn-next-day"},{"text":"Inbox","disabled":false,"id":""},{"text":"Idols","disabled":false,"id":""},{"text":"Groups","disabled":false,"id":""},{"text":"Training","disabled":false,"id":""},{"text":"Schedule","disabled":false,"id":""},{"text":"Lives","disabled":false,"id":""},{"text":"Songs","disabled":false,"id":""},{"text":"Making","disabled":false,"id":""},{"text":"Media","disabled":false,"id":""},{"text":"Scout","disabled":false,"id":""},{"text":"Finances","disabled":false,"id":""},{"text":"Mark all read","disabled":true,"id":"btn-inbox-mark-all"},{"text":"* Today's live schedule\n        2025-08-01 - Assistant","disabled":false,"id":""},{"text":"Morning training ended\n        2025-07-31 - Training","disabled":false,"id":""},{"text":"Morning training ended\n        2025-07-30 - Training","disabled":false,"id":""},{"text":"Morning training ended\n        2025-07-29 - Training","disabled":false,"id":""},{"text":"Afternoon training ended\n        2025-07-28 - Training","disabled":false,"id":""},{"text":"Morning training ended\n        2025-07-28 - Training","disabled":false,"id":""},{"text":"Weekly news roundup\n        2025-07-28 - News","disabled":false,"id":""},{"text":"Morning training ended\n        2025-07-25 - Training","disabled":false,"id":""},{"text":"Morning training ended\n        2025-07-24 - Training","disabled":false,"id":""},{"text":"Morning training ended\n        2025-07-23 - Training","disabled":false,"id":""},{"text":"Morning training ended\n        2025-07-22 - Training","disabled":false,"id":""},{"text":"Morning training ended\n        2025-07-21 - Training","disabled":false,"id":""},{"text":"Weekly news roundup\n        2025-07-21 - News","disabled":false,"id":""},{"text":"Morning training ended\n        2025-07-18 - Training","disabled":false,"id":""},{"text":"Morning training ended\n        2025-07-17 - Training","disabled":false,"id":""},{"text":"Morning training ended\n        2025-07-16 - Training","disabled":false,"id":""},{"text":"Morning training ended\n        2025-07-15 - Training","disabled":false,"id":""},{"text":"Morning training ended\n        2025-07-14 - Training","disabled":false,"id":""},{"text":"Weekly news roundup\n        2025-07-14 - News","disabled":false,"id":""}]
[sim_takane_6m] open today's live schedule at 2025-08-01
[sim_takane_6m] open today's live schedule at 2025-08-01
[sim_takane_6m] open today's live schedule at 2025-08-01
[sim_takane_6m] open today's live schedule at 2025-08-01
[sim_takane_6m] open today's live schedule at 2025-08-01
[sim_takane_6m] open today's live schedule at 2025-08-01
[sim_takane_6m] open today's live schedule at 2025-08-01
[sim_takane_6m] open today's live schedule at 2025-08-01
[sim_takane_6m] open today's live schedule at 2025-08-01
[sim_takane_6m] step=4600 iso=2025-08-01 display=Friday, August 1, 2025 19:20 stale=4549
[sim_takane_6m] open today's live schedule at 2025-08-01
[sim_takane_6m] open today's live schedule at 2025-08-01
[sim_takane_6m] open today's live schedule at 2025-08-01
[sim_takane_6m] open today's live schedule at 2025-08-01
[sim_takane_6m] open today's live schedule at 2025-08-01
[sim_takane_6m] open today's live schedule at 2025-08-01
[sim_takane_6m] open today's live schedule at 2025-08-01
[sim_takane_6m] open today's live schedule at 2025-08-01
[sim_takane_6m] open today's live schedule at 2025-08-01
[sim_takane_6m] open today's live schedule at 2025-08-01
[sim_takane_6m] open today's live schedule at 2025-08-01
[sim_takane_6m] stale buttons Friday, August 1, 2025 19:20 :: [{"text":"Main menu","disabled":false,"id":"btn-main-menu"},{"text":"Save game","disabled":false,"id":"btn-save"},{"text":"Load game","disabled":false,"id":"btn-load"},{"text":"New game","disabled":false,"id":"btn-new"},{"text":"Clear slot","disabled":false,"id":"btn-clear"},{"text":"‹","disabled":false,"id":""},{"text":"›","disabled":true,"id":""},{"text":"Friday, August 1, 2025 19:20","disabled":false,"id":"btn-goto-schedule"},{"text":"Next","disabled":false,"id":"btn-next-day"},{"text":"Inbox","disabled":false,"id":""},{"text":"Idols","disabled":false,"id":""},{"text":"Groups","disabled":false,"id":""},{"text":"Training","disabled":false,"id":""},{"text":"Schedule","disabled":false,"id":""},{"text":"Lives","disabled":false,"id":""},{"text":"Songs","disabled":false,"id":""},{"text":"Making","disabled":false,"id":""},{"text":"Media","disabled":false,"id":""},{"text":"Scout","disabled":false,"id":""},{"text":"Finances","disabled":false,"id":""},{"text":"Mark all read","disabled":true,"id":"btn-inbox-mark-all"},{"text":"* Today's live schedule\n        2025-08-01 - Assistant","disabled":false,"id":""},{"text":"Morning training ended\n        2025-07-31 - Training","disabled":false,"id":""},{"text":"Morning training ended\n        2025-07-30 - Training","disabled":false,"id":""},{"text":"Morning training ended\n        2025-07-29 - Training","disabled":false,"id":""},{"text":"Afternoon training ended\n        2025-07-28 - Training","disabled":false,"id":""},{"text":"Morning training ended\n        2025-07-28 - Training","disabled":false,"id":""},{"text":"Weekly news roundup\n        2025-07-28 - News","disabled":false,"id":""},{"text":"Morning training ended\n        2025-07-25 - Training","disabled":false,"id":""},{"text":"Morning training ended\n        2025-07-24 - Training","disabled":false,"id":""},{"text":"Morning training ended\n        2025-07-23 - Training","disabled":false,"id":""},{"text":"Morning training ended\n        2025-07-22 - Training","disabled":false,"id":""},{"text":"Morning training ended\n        2025-07-21 - Training","disabled":false,"id":""},{"text":"Weekly news roundup\n        2025-07-21 - News","disabled":false,"id":""},{"text":"Morning training ended\n        2025-07-18 - Training","disabled":false,"id":""},{"text":"Morning training ended\n        2025-07-17 - Training","disabled":false,"id":""},{"text":"Morning training ended\n        2025-07-16 - Training","disabled":false,"id":""},{"text":"Morning training ended\n        2025-07-15 - Training","disabled":false,"id":""},{"text":"Morning training ended\n        2025-07-14 - Training","disabled":false,"id":""},{"text":"Weekly news roundup\n        2025-07-14 - News","disabled":false,"id":""}]
[sim_takane_6m] open today's live schedule at 2025-08-01
[sim_takane_6m] open today's live schedule at 2025-08-01
[sim_takane_6m] open today's live schedule at 2025-08-01
[sim_takane_6m] open today's live schedule at 2025-08-01
[sim_takane_6m] open today's live schedule at 2025-08-01
[sim_takane_6m] open today's live schedule at 2025-08-01
[sim_takane_6m] open today's live schedule at 2025-08-01
[sim_takane_6m] open today's live schedule at 2025-08-01
[sim_takane_6m] open today's live schedule at 2025-08-01
[sim_takane_6m] open today's live schedule at 2025-08-01
[sim_takane_6m] open today's live schedule at 2025-08-01
[sim_takane_6m] open today's live schedule at 2025-08-01
[sim_takane_6m] open today's live schedule at 2025-08-01
[sim_takane_6m] open today's live schedule at 2025-08-01
[sim_takane_6m] step=4625 iso=2025-08-01 display=Friday, August 1, 2025 19:20 stale=4574
[sim_takane_6m] open today's live schedule at 2025-08-01
[sim_takane_6m] open today's live schedule at 2025-08-01
[sim_takane_6m] open today's live schedule at 2025-08-01
[sim_takane_6m] open today's live schedule at 2025-08-01
[sim_takane_6m] open today's live schedule at 2025-08-01
[sim_takane_6m] open today's live schedule at 2025-08-01
[sim_takane_6m] stale buttons Friday, August 1, 2025 19:20 :: [{"text":"Main menu","disabled":false,"id":"btn-main-menu"},{"text":"Save game","disabled":false,"id":"btn-save"},{"text":"Load game","disabled":false,"id":"btn-load"},{"text":"New game","disabled":false,"id":"btn-new"},{"text":"Clear slot","disabled":false,"id":"btn-clear"},{"text":"‹","disabled":false,"id":""},{"text":"›","disabled":true,"id":""},{"text":"Friday, August 1, 2025 19:20","disabled":false,"id":"btn-goto-schedule"},{"text":"Next","disabled":false,"id":"btn-next-day"},{"text":"Inbox","disabled":false,"id":""},{"text":"Idols","disabled":false,"id":""},{"text":"Groups","disabled":false,"id":""},{"text":"Training","disabled":false,"id":""},{"text":"Schedule","disabled":false,"id":""},{"text":"Lives","disabled":false,"id":""},{"text":"Songs","disabled":false,"id":""},{"text":"Making","disabled":false,"id":""},{"text":"Media","disabled":false,"id":""},{"text":"Scout","disabled":false,"id":""},{"text":"Finances","disabled":false,"id":""},{"text":"Mark all read","disabled":true,"id":"btn-inbox-mark-all"},{"text":"* Today's live schedule\n        2025-08-01 - Assistant","disabled":false,"id":""},{"text":"Morning training ended\n        2025-07-31 - Training","disabled":false,"id":""},{"text":"Morning training ended\n        2025-07-30 - Training","disabled":false,"id":""},{"text":"Morning training ended\n        2025-07-29 - Training","disabled":false,"id":""},{"text":"Afternoon training ended\n        2025-07-28 - Training","disabled":false,"id":""},{"text":"Morning training ended\n        2025-07-28 - Training","disabled":false,"id":""},{"text":"Weekly news roundup\n        2025-07-28 - News","disabled":false,"id":""},{"text":"Morning training ended\n        2025-07-25 - Training","disabled":false,"id":""},{"text":"Morning training ended\n        2025-07-24 - Training","disabled":false,"id":""},{"text":"Morning training ended\n        2025-07-23 - Training","disabled":false,"id":""},{"text":"Morning training ended\n        2025-07-22 - Training","disabled":false,"id":""},{"text":"Morning training ended\n        2025-07-21 - Training","disabled":false,"id":""},{"text":"Weekly news roundup\n        2025-07-21 - News","disabled":false,"id":""},{"text":"Morning training ended\n        2025-07-18 - Training","disabled":false,"id":""},{"text":"Morning training ended\n        2025-07-17 - Training","disabled":false,"id":""},{"text":"Morning training ended\n        2025-07-16 - Training","disabled":false,"id":""},{"text":"Morning training ended\n        2025-07-15 - Training","disabled":false,"id":""},{"text":"Morning training ended\n        2025-07-14 - Training","disabled":false,"id":""},{"text":"Weekly news roundup\n        2025-07-14 - News","disabled":false,"id":""}]
[sim_takane_6m] open today's live schedule at 2025-08-01
[sim_takane_6m] open today's live schedule at 2025-08-01
[sim_takane_6m] open today's live schedule at 2025-08-01
[sim_takane_6m] open today's live schedule at 2025-08-01
[sim_takane_6m] open today's live schedule at 2025-08-01
[sim_takane_6m] open today's live schedule at 2025-08-01
[sim_takane_6m] open today's live schedule at 2025-08-01
[sim_takane_6m] open today's live schedule at 2025-08-01
[sim_takane_6m] open today's live schedule at 2025-08-01
[sim_takane_6m] open today's live schedule at 2025-08-01
[sim_takane_6m] open today's live schedule at 2025-08-01
[sim_takane_6m] open today's live schedule at 2025-08-01
[sim_takane_6m] open today's live schedule at 2025-08-01
[sim_takane_6m] open today's live schedule at 2025-08-01
[sim_takane_6m] open today's live schedule at 2025-08-01
[sim_takane_6m] open today's live schedule at 2025-08-01
[sim_takane_6m] open today's live schedule at 2025-08-01
[sim_takane_6m] open today's live schedule at 2025-08-01
[sim_takane_6m] open today's live schedule at 2025-08-01
[sim_takane_6m] step=4650 iso=2025-08-01 display=Friday, August 1, 2025 19:20 stale=4599
[sim_takane_6m] open today's live schedule at 2025-08-01
[sim_takane_6m] stale buttons Friday, August 1, 2025 19:20 :: [{"text":"Main menu","disabled":false,"id":"btn-main-menu"},{"text":"Save game","disabled":false,"id":"btn-save"},{"text":"Load game","disabled":false,"id":"btn-load"},{"text":"New game","disabled":false,"id":"btn-new"},{"text":"Clear slot","disabled":false,"id":"btn-clear"},{"text":"‹","disabled":false,"id":""},{"text":"›","disabled":true,"id":""},{"text":"Friday, August 1, 2025 19:20","disabled":false,"id":"btn-goto-schedule"},{"text":"Next","disabled":false,"id":"btn-next-day"},{"text":"Inbox","disabled":false,"id":""},{"text":"Idols","disabled":false,"id":""},{"text":"Groups","disabled":false,"id":""},{"text":"Training","disabled":false,"id":""},{"text":"Schedule","disabled":false,"id":""},{"text":"Lives","disabled":false,"id":""},{"text":"Songs","disabled":false,"id":""},{"text":"Making","disabled":false,"id":""},{"text":"Media","disabled":false,"id":""},{"text":"Scout","disabled":false,"id":""},{"text":"Finances","disabled":false,"id":""},{"text":"Mark all read","disabled":true,"id":"btn-inbox-mark-all"},{"text":"* Today's live schedule\n        2025-08-01 - Assistant","disabled":false,"id":""},{"text":"Morning training ended\n        2025-07-31 - Training","disabled":false,"id":""},{"text":"Morning training ended\n        2025-07-30 - Training","disabled":false,"id":""},{"text":"Morning training ended\n        2025-07-29 - Training","disabled":false,"id":""},{"text":"Afternoon training ended\n        2025-07-28 - Training","disabled":false,"id":""},{"text":"Morning training ended\n        2025-07-28 - Training","disabled":false,"id":""},{"text":"Weekly news roundup\n        2025-07-28 - News","disabled":false,"id":""},{"text":"Morning training ended\n        2025-07-25 - Training","disabled":false,"id":""},{"text":"Morning training ended\n        2025-07-24 - Training","disabled":false,"id":""},{"text":"Morning training ended\n        2025-07-23 - Training","disabled":false,"id":""},{"text":"Morning training ended\n        2025-07-22 - Training","disabled":false,"id":""},{"text":"Morning training ended\n        2025-07-21 - Training","disabled":false,"id":""},{"text":"Weekly news roundup\n        2025-07-21 - News","disabled":false,"id":""},{"text":"Morning training ended\n        2025-07-18 - Training","disabled":false,"id":""},{"text":"Morning training ended\n        2025-07-17 - Training","disabled":false,"id":""},{"text":"Morning training ended\n        2025-07-16 - Training","disabled":false,"id":""},{"text":"Morning training ended\n        2025-07-15 - Training","disabled":false,"id":""},{"text":"Morning training ended\n        2025-07-14 - Training","disabled":false,"id":""},{"text":"Weekly news roundup\n        2025-07-14 - News","disabled":false,"id":""}]
[sim_takane_6m] open today's live schedule at 2025-08-01
[sim_takane_6m] open today's live schedule at 2025-08-01
[sim_takane_6m] open today's live schedule at 2025-08-01
[sim_takane_6m] open today's live schedule at 2025-08-01
[sim_takane_6m] open today's live schedule at 2025-08-01
[sim_takane_6m] open today's live schedule at 2025-08-01
[sim_takane_6m] open today's live schedule at 2025-08-01
[sim_takane_6m] open today's live schedule at 2025-08-01
[sim_takane_6m] open today's live schedule at 2025-08-01
[sim_takane_6m] open today's live schedule at 2025-08-01
[sim_takane_6m] open today's live schedule at 2025-08-01
[sim_takane_6m] open today's live schedule at 2025-08-01
[sim_takane_6m] open today's live schedule at 2025-08-01
[sim_takane_6m] open today's live schedule at 2025-08-01
[sim_takane_6m] open today's live schedule at 2025-08-01
[sim_takane_6m] open today's live schedule at 2025-08-01
[sim_takane_6m] open today's live schedule at 2025-08-01
[sim_takane_6m] open today's live schedule at 2025-08-01
[sim_takane_6m] open today's live schedule at 2025-08-01
[sim_takane_6m] open today's live schedule at 2025-08-01
[sim_takane_6m] stale buttons Friday, August 1, 2025 19:20 :: [{"text":"Main menu","disabled":false,"id":"btn-main-menu"},{"text":"Save game","disabled":false,"id":"btn-save"},{"text":"Load game","disabled":false,"id":"btn-load"},{"text":"New game","disabled":false,"id":"btn-new"},{"text":"Clear slot","disabled":false,"id":"btn-clear"},{"text":"‹","disabled":false,"id":""},{"text":"›","disabled":true,"id":""},{"text":"Friday, August 1, 2025 19:20","disabled":false,"id":"btn-goto-schedule"},{"text":"Next","disabled":false,"id":"btn-next-day"},{"text":"Inbox","disabled":false,"id":""},{"text":"Idols","disabled":false,"id":""},{"text":"Groups","disabled":false,"id":""},{"text":"Training","disabled":false,"id":""},{"text":"Schedule","disabled":false,"id":""},{"text":"Lives","disabled":false,"id":""},{"text":"Songs","disabled":false,"id":""},{"text":"Making","disabled":false,"id":""},{"text":"Media","disabled":false,"id":""},{"text":"Scout","disabled":false,"id":""},{"text":"Finances","disabled":false,"id":""},{"text":"Mark all read","disabled":true,"id":"btn-inbox-mark-all"},{"text":"* Today's live schedule\n        2025-08-01 - Assistant","disabled":false,"id":""},{"text":"Morning training ended\n        2025-07-31 - Training","disabled":false,"id":""},{"text":"Morning training ended\n        2025-07-30 - Training","disabled":false,"id":""},{"text":"Morning training ended\n        2025-07-29 - Training","disabled":false,"id":""},{"text":"Afternoon training ended\n        2025-07-28 - Training","disabled":false,"id":""},{"text":"Morning training ended\n        2025-07-28 - Training","disabled":false,"id":""},{"text":"Weekly news roundup\n        2025-07-28 - News","disabled":false,"id":""},{"text":"Morning training ended\n        2025-07-25 - Training","disabled":false,"id":""},{"text":"Morning training ended\n        2025-07-24 - Training","disabled":false,"id":""},{"text":"Morning training ended\n        2025-07-23 - Training","disabled":false,"id":""},{"text":"Morning training ended\n        2025-07-22 - Training","disabled":false,"id":""},{"text":"Morning training ended\n        2025-07-21 - Training","disabled":false,"id":""},{"text":"Weekly news roundup\n        2025-07-21 - News","disabled":false,"id":""},{"text":"Morning training ended\n        2025-07-18 - Training","disabled":false,"id":""},{"text":"Morning training ended\n        2025-07-17 - Training","disabled":false,"id":""},{"text":"Morning training ended\n        2025-07-16 - Training","disabled":false,"id":""},{"text":"Morning training ended\n        2025-07-15 - Training","disabled":false,"id":""},{"text":"Morning training ended\n        2025-07-14 - Training","disabled":false,"id":""},{"text":"Weekly news roundup\n        2025-07-14 - News","disabled":false,"id":""}]
[sim_takane_6m] open today's live schedule at 2025-08-01
[sim_takane_6m] open today's live schedule at 2025-08-01
[sim_takane_6m] open today's live schedule at 2025-08-01
[sim_takane_6m] open today's live schedule at 2025-08-01
[sim_takane_6m] step=4675 iso=2025-08-01 display=Friday, August 1, 2025 19:20 stale=4624
[sim_takane_6m] open today's live schedule at 2025-08-01
[sim_takane_6m] open today's live schedule at 2025-08-01
[sim_takane_6m] open today's live schedule at 2025-08-01
[sim_takane_6m] open today's live schedule at 2025-08-01
[sim_takane_6m] open today's live schedule at 2025-08-01
[sim_takane_6m] open today's live schedule at 2025-08-01
[sim_takane_6m] open today's live schedule at 2025-08-01
[sim_takane_6m] open today's live schedule at 2025-08-01
[sim_takane_6m] open today's live schedule at 2025-08-01
[sim_takane_6m] open today's live schedule at 2025-08-01
[sim_takane_6m] open today's live schedule at 2025-08-01
[sim_takane_6m] open today's live schedule at 2025-08-01
[sim_takane_6m] open today's live schedule at 2025-08-01
[sim_takane_6m] open today's live schedule at 2025-08-01
[sim_takane_6m] open today's live schedule at 2025-08-01
[sim_takane_6m] open today's live schedule at 2025-08-01
[sim_takane_6m] stale buttons Friday, August 1, 2025 19:20 :: [{"text":"Main menu","disabled":false,"id":"btn-main-menu"},{"text":"Save game","disabled":false,"id":"btn-save"},{"text":"Load game","disabled":false,"id":"btn-load"},{"text":"New game","disabled":false,"id":"btn-new"},{"text":"Clear slot","disabled":false,"id":"btn-clear"},{"text":"‹","disabled":false,"id":""},{"text":"›","disabled":true,"id":""},{"text":"Friday, August 1, 2025 19:20","disabled":false,"id":"btn-goto-schedule"},{"text":"Next","disabled":false,"id":"btn-next-day"},{"text":"Inbox","disabled":false,"id":""},{"text":"Idols","disabled":false,"id":""},{"text":"Groups","disabled":false,"id":""},{"text":"Training","disabled":false,"id":""},{"text":"Schedule","disabled":false,"id":""},{"text":"Lives","disabled":false,"id":""},{"text":"Songs","disabled":false,"id":""},{"text":"Making","disabled":false,"id":""},{"text":"Media","disabled":false,"id":""},{"text":"Scout","disabled":false,"id":""},{"text":"Finances","disabled":false,"id":""},{"text":"Mark all read","disabled":true,"id":"btn-inbox-mark-all"},{"text":"* Today's live schedule\n        2025-08-01 - Assistant","disabled":false,"id":""},{"text":"Morning training ended\n        2025-07-31 - Training","disabled":false,"id":""},{"text":"Morning training ended\n        2025-07-30 - Training","disabled":false,"id":""},{"text":"Morning training ended\n        2025-07-29 - Training","disabled":false,"id":""},{"text":"Afternoon training ended\n        2025-07-28 - Training","disabled":false,"id":""},{"text":"Morning training ended\n        2025-07-28 - Training","disabled":false,"id":""},{"text":"Weekly news roundup\n        2025-07-28 - News","disabled":false,"id":""},{"text":"Morning training ended\n        2025-07-25 - Training","disabled":false,"id":""},{"text":"Morning training ended\n        2025-07-24 - Training","disabled":false,"id":""},{"text":"Morning training ended\n        2025-07-23 - Training","disabled":false,"id":""},{"text":"Morning training ended\n        2025-07-22 - Training","disabled":false,"id":""},{"text":"Morning training ended\n        2025-07-21 - Training","disabled":false,"id":""},{"text":"Weekly news roundup\n        2025-07-21 - News","disabled":false,"id":""},{"text":"Morning training ended\n        2025-07-18 - Training","disabled":false,"id":""},{"text":"Morning training ended\n        2025-07-17 - Training","disabled":false,"id":""},{"text":"Morning training ended\n        2025-07-16 - Training","disabled":false,"id":""},{"text":"Morning training ended\n        2025-07-15 - Training","disabled":false,"id":""},{"text":"Morning training ended\n        2025-07-14 - Training","disabled":false,"id":""},{"text":"Weekly news roundup\n        2025-07-14 - News","disabled":false,"id":""}]
[sim_takane_6m] open today's live schedule at 2025-08-01
[sim_takane_6m] open today's live schedule at 2025-08-01
[sim_takane_6m] open today's live schedule at 2025-08-01
[sim_takane_6m] open today's live schedule at 2025-08-01
[sim_takane_6m] open today's live schedule at 2025-08-01
[sim_takane_6m] open today's live schedule at 2025-08-01
[sim_takane_6m] open today's live schedule at 2025-08-01
[sim_takane_6m] open today's live schedule at 2025-08-01
[sim_takane_6m] open today's live schedule at 2025-08-01
[sim_takane_6m] step=4700 iso=2025-08-01 display=Friday, August 1, 2025 19:20 stale=4649
[sim_takane_6m] open today's live schedule at 2025-08-01
[sim_takane_6m] open today's live schedule at 2025-08-01
[sim_takane_6m] open today's live schedule at 2025-08-01
[sim_takane_6m] open today's live schedule at 2025-08-01
[sim_takane_6m] open today's live schedule at 2025-08-01
[sim_takane_6m] open today's live schedule at 2025-08-01
[sim_takane_6m] open today's live schedule at 2025-08-01
[sim_takane_6m] open today's live schedule at 2025-08-01
[sim_takane_6m] open today's live schedule at 2025-08-01
[sim_takane_6m] open today's live schedule at 2025-08-01
[sim_takane_6m] open today's live schedule at 2025-08-01
[sim_takane_6m] stale buttons Friday, August 1, 2025 19:20 :: [{"text":"Main menu","disabled":false,"id":"btn-main-menu"},{"text":"Save game","disabled":false,"id":"btn-save"},{"text":"Load game","disabled":false,"id":"btn-load"},{"text":"New game","disabled":false,"id":"btn-new"},{"text":"Clear slot","disabled":false,"id":"btn-clear"},{"text":"‹","disabled":false,"id":""},{"text":"›","disabled":true,"id":""},{"text":"Friday, August 1, 2025 19:20","disabled":false,"id":"btn-goto-schedule"},{"text":"Next","disabled":false,"id":"btn-next-day"},{"text":"Inbox","disabled":false,"id":""},{"text":"Idols","disabled":false,"id":""},{"text":"Groups","disabled":false,"id":""},{"text":"Training","disabled":false,"id":""},{"text":"Schedule","disabled":false,"id":""},{"text":"Lives","disabled":false,"id":""},{"text":"Songs","disabled":false,"id":""},{"text":"Making","disabled":false,"id":""},{"text":"Media","disabled":false,"id":""},{"text":"Scout","disabled":false,"id":""},{"text":"Finances","disabled":false,"id":""},{"text":"Mark all read","disabled":true,"id":"btn-inbox-mark-all"},{"text":"* Today's live schedule\n        2025-08-01 - Assistant","disabled":false,"id":""},{"text":"Morning training ended\n        2025-07-31 - Training","disabled":false,"id":""},{"text":"Morning training ended\n        2025-07-30 - Training","disabled":false,"id":""},{"text":"Morning training ended\n        2025-07-29 - Training","disabled":false,"id":""},{"text":"Afternoon training ended\n        2025-07-28 - Training","disabled":false,"id":""},{"text":"Morning training ended\n        2025-07-28 - Training","disabled":false,"id":""},{"text":"Weekly news roundup\n        2025-07-28 - News","disabled":false,"id":""},{"text":"Morning training ended\n        2025-07-25 - Training","disabled":false,"id":""},{"text":"Morning training ended\n        2025-07-24 - Training","disabled":false,"id":""},{"text":"Morning training ended\n        2025-07-23 - Training","disabled":false,"id":""},{"text":"Morning training ended\n        2025-07-22 - Training","disabled":false,"id":""},{"text":"Morning training ended\n        2025-07-21 - Training","disabled":false,"id":""},{"text":"Weekly news roundup\n        2025-07-21 - News","disabled":false,"id":""},{"text":"Morning training ended\n        2025-07-18 - Training","disabled":false,"id":""},{"text":"Morning training ended\n        2025-07-17 - Training","disabled":false,"id":""},{"text":"Morning training ended\n        2025-07-16 - Training","disabled":false,"id":""},{"text":"Morning training ended\n        2025-07-15 - Training","disabled":false,"id":""},{"text":"Morning training ended\n        2025-07-14 - Training","disabled":false,"id":""},{"text":"Weekly news roundup\n        2025-07-14 - News","disabled":false,"id":""}]
[sim_takane_6m] open today's live schedule at 2025-08-01
[sim_takane_6m] open today's live schedule at 2025-08-01
[sim_takane_6m] open today's live schedule at 2025-08-01
[sim_takane_6m] open today's live schedule at 2025-08-01
[sim_takane_6m] open today's live schedule at 2025-08-01
[sim_takane_6m] open today's live schedule at 2025-08-01
[sim_takane_6m] open today's live schedule at 2025-08-01
[sim_takane_6m] open today's live schedule at 2025-08-01
[sim_takane_6m] open today's live schedule at 2025-08-01
[sim_takane_6m] open today's live schedule at 2025-08-01
[sim_takane_6m] open today's live schedule at 2025-08-01
[sim_takane_6m] open today's live schedule at 2025-08-01
[sim_takane_6m] open today's live schedule at 2025-08-01
[sim_takane_6m] open today's live schedule at 2025-08-01
[sim_takane_6m] step=4725 iso=2025-08-01 display=Friday, August 1, 2025 19:20 stale=4674
[sim_takane_6m] open today's live schedule at 2025-08-01
[sim_takane_6m] open today's live schedule at 2025-08-01
[sim_takane_6m] open today's live schedule at 2025-08-01
[sim_takane_6m] open today's live schedule at 2025-08-01
[sim_takane_6m] open today's live schedule at 2025-08-01
[sim_takane_6m] open today's live schedule at 2025-08-01
[sim_takane_6m] stale buttons Friday, August 1, 2025 19:20 :: [{"text":"Main menu","disabled":false,"id":"btn-main-menu"},{"text":"Save game","disabled":false,"id":"btn-save"},{"text":"Load game","disabled":false,"id":"btn-load"},{"text":"New game","disabled":false,"id":"btn-new"},{"text":"Clear slot","disabled":false,"id":"btn-clear"},{"text":"‹","disabled":false,"id":""},{"text":"›","disabled":true,"id":""},{"text":"Friday, August 1, 2025 19:20","disabled":false,"id":"btn-goto-schedule"},{"text":"Next","disabled":false,"id":"btn-next-day"},{"text":"Inbox","disabled":false,"id":""},{"text":"Idols","disabled":false,"id":""},{"text":"Groups","disabled":false,"id":""},{"text":"Training","disabled":false,"id":""},{"text":"Schedule","disabled":false,"id":""},{"text":"Lives","disabled":false,"id":""},{"text":"Songs","disabled":false,"id":""},{"text":"Making","disabled":false,"id":""},{"text":"Media","disabled":false,"id":""},{"text":"Scout","disabled":false,"id":""},{"text":"Finances","disabled":false,"id":""},{"text":"Mark all read","disabled":true,"id":"btn-inbox-mark-all"},{"text":"* Today's live schedule\n        2025-08-01 - Assistant","disabled":false,"id":""},{"text":"Morning training ended\n        2025-07-31 - Training","disabled":false,"id":""},{"text":"Morning training ended\n        2025-07-30 - Training","disabled":false,"id":""},{"text":"Morning training ended\n        2025-07-29 - Training","disabled":false,"id":""},{"text":"Afternoon training ended\n        2025-07-28 - Training","disabled":false,"id":""},{"text":"Morning training ended\n        2025-07-28 - Training","disabled":false,"id":""},{"text":"Weekly news roundup\n        2025-07-28 - News","disabled":false,"id":""},{"text":"Morning training ended\n        2025-07-25 - Training","disabled":false,"id":""},{"text":"Morning training ended\n        2025-07-24 - Training","disabled":false,"id":""},{"text":"Morning training ended\n        2025-07-23 - Training","disabled":false,"id":""},{"text":"Morning training ended\n        2025-07-22 - Training","disabled":false,"id":""},{"text":"Morning training ended\n        2025-07-21 - Training","disabled":false,"id":""},{"text":"Weekly news roundup\n        2025-07-21 - News","disabled":false,"id":""},{"text":"Morning training ended\n        2025-07-18 - Training","disabled":false,"id":""},{"text":"Morning training ended\n        2025-07-17 - Training","disabled":false,"id":""},{"text":"Morning training ended\n        2025-07-16 - Training","disabled":false,"id":""},{"text":"Morning training ended\n        2025-07-15 - Training","disabled":false,"id":""},{"text":"Morning training ended\n        2025-07-14 - Training","disabled":false,"id":""},{"text":"Weekly news roundup\n        2025-07-14 - News","disabled":false,"id":""}]
[sim_takane_6m] open today's live schedule at 2025-08-01
[sim_takane_6m] open today's live schedule at 2025-08-01
[sim_takane_6m] open today's live schedule at 2025-08-01
[sim_takane_6m] open today's live schedule at 2025-08-01
[sim_takane_6m] open today's live schedule at 2025-08-01
[sim_takane_6m] open today's live schedule at 2025-08-01
[sim_takane_6m] open today's live schedule at 2025-08-01
[sim_takane_6m] open today's live schedule at 2025-08-01
[sim_takane_6m] open today's live schedule at 2025-08-01
[sim_takane_6m] open today's live schedule at 2025-08-01
[sim_takane_6m] open today's live schedule at 2025-08-01
[sim_takane_6m] open today's live schedule at 2025-08-01
[sim_takane_6m] open today's live schedule at 2025-08-01
[sim_takane_6m] open today's live schedule at 2025-08-01
[sim_takane_6m] open today's live schedule at 2025-08-01
[sim_takane_6m] open today's live schedule at 2025-08-01
[sim_takane_6m] open today's live schedule at 2025-08-01
[sim_takane_6m] open today's live schedule at 2025-08-01
[sim_takane_6m] open today's live schedule at 2025-08-01
[sim_takane_6m] step=4750 iso=2025-08-01 display=Friday, August 1, 2025 19:20 stale=4699
[sim_takane_6m] open today's live schedule at 2025-08-01
[sim_takane_6m] stale buttons Friday, August 1, 2025 19:20 :: [{"text":"Main menu","disabled":false,"id":"btn-main-menu"},{"text":"Save game","disabled":false,"id":"btn-save"},{"text":"Load game","disabled":false,"id":"btn-load"},{"text":"New game","disabled":false,"id":"btn-new"},{"text":"Clear slot","disabled":false,"id":"btn-clear"},{"text":"‹","disabled":false,"id":""},{"text":"›","disabled":true,"id":""},{"text":"Friday, August 1, 2025 19:20","disabled":false,"id":"btn-goto-schedule"},{"text":"Next","disabled":false,"id":"btn-next-day"},{"text":"Inbox","disabled":false,"id":""},{"text":"Idols","disabled":false,"id":""},{"text":"Groups","disabled":false,"id":""},{"text":"Training","disabled":false,"id":""},{"text":"Schedule","disabled":false,"id":""},{"text":"Lives","disabled":false,"id":""},{"text":"Songs","disabled":false,"id":""},{"text":"Making","disabled":false,"id":""},{"text":"Media","disabled":false,"id":""},{"text":"Scout","disabled":false,"id":""},{"text":"Finances","disabled":false,"id":""},{"text":"Mark all read","disabled":true,"id":"btn-inbox-mark-all"},{"text":"* Today's live schedule\n        2025-08-01 - Assistant","disabled":false,"id":""},{"text":"Morning training ended\n        2025-07-31 - Training","disabled":false,"id":""},{"text":"Morning training ended\n        2025-07-30 - Training","disabled":false,"id":""},{"text":"Morning training ended\n        2025-07-29 - Training","disabled":false,"id":""},{"text":"Afternoon training ended\n        2025-07-28 - Training","disabled":false,"id":""},{"text":"Morning training ended\n        2025-07-28 - Training","disabled":false,"id":""},{"text":"Weekly news roundup\n        2025-07-28 - News","disabled":false,"id":""},{"text":"Morning training ended\n        2025-07-25 - Training","disabled":false,"id":""},{"text":"Morning training ended\n        2025-07-24 - Training","disabled":false,"id":""},{"text":"Morning training ended\n        2025-07-23 - Training","disabled":false,"id":""},{"text":"Morning training ended\n        2025-07-22 - Training","disabled":false,"id":""},{"text":"Morning training ended\n        2025-07-21 - Training","disabled":false,"id":""},{"text":"Weekly news roundup\n        2025-07-21 - News","disabled":false,"id":""},{"text":"Morning training ended\n        2025-07-18 - Training","disabled":false,"id":""},{"text":"Morning training ended\n        2025-07-17 - Training","disabled":false,"id":""},{"text":"Morning training ended\n        2025-07-16 - Training","disabled":false,"id":""},{"text":"Morning training ended\n        2025-07-15 - Training","disabled":false,"id":""},{"text":"Morning training ended\n        2025-07-14 - Training","disabled":false,"id":""},{"text":"Weekly news roundup\n        2025-07-14 - News","disabled":false,"id":""}]
[sim_takane_6m] open today's live schedule at 2025-08-01
[sim_takane_6m] open today's live schedule at 2025-08-01
[sim_takane_6m] open today's live schedule at 2025-08-01
[sim_takane_6m] open today's live schedule at 2025-08-01
[sim_takane_6m] open today's live schedule at 2025-08-01
[sim_takane_6m] open today's live schedule at 2025-08-01
[sim_takane_6m] open today's live schedule at 2025-08-01
[sim_takane_6m] open today's live schedule at 2025-08-01
[sim_takane_6m] open today's live schedule at 2025-08-01
[sim_takane_6m] open today's live schedule at 2025-08-01
[sim_takane_6m] open today's live schedule at 2025-08-01
[sim_takane_6m] open today's live schedule at 2025-08-01
[sim_takane_6m] open today's live schedule at 2025-08-01
[sim_takane_6m] open today's live schedule at 2025-08-01
[sim_takane_6m] open today's live schedule at 2025-08-01
[sim_takane_6m] open today's live schedule at 2025-08-01
[sim_takane_6m] open today's live schedule at 2025-08-01
[sim_takane_6m] open today's live schedule at 2025-08-01
[sim_takane_6m] open today's live schedule at 2025-08-01
[sim_takane_6m] open today's live schedule at 2025-08-01
[sim_takane_6m] stale buttons Friday, August 1, 2025 19:20 :: [{"text":"Main menu","disabled":false,"id":"btn-main-menu"},{"text":"Save game","disabled":false,"id":"btn-save"},{"text":"Load game","disabled":false,"id":"btn-load"},{"text":"New game","disabled":false,"id":"btn-new"},{"text":"Clear slot","disabled":false,"id":"btn-clear"},{"text":"‹","disabled":false,"id":""},{"text":"›","disabled":true,"id":""},{"text":"Friday, August 1, 2025 19:20","disabled":false,"id":"btn-goto-schedule"},{"text":"Next","disabled":false,"id":"btn-next-day"},{"text":"Inbox","disabled":false,"id":""},{"text":"Idols","disabled":false,"id":""},{"text":"Groups","disabled":false,"id":""},{"text":"Training","disabled":false,"id":""},{"text":"Schedule","disabled":false,"id":""},{"text":"Lives","disabled":false,"id":""},{"text":"Songs","disabled":false,"id":""},{"text":"Making","disabled":false,"id":""},{"text":"Media","disabled":false,"id":""},{"text":"Scout","disabled":false,"id":""},{"text":"Finances","disabled":false,"id":""},{"text":"Mark all read","disabled":true,"id":"btn-inbox-mark-all"},{"text":"* Today's live schedule\n        2025-08-01 - Assistant","disabled":false,"id":""},{"text":"Morning training ended\n        2025-07-31 - Training","disabled":false,"id":""},{"text":"Morning training ended\n        2025-07-30 - Training","disabled":false,"id":""},{"text":"Morning training ended\n        2025-07-29 - Training","disabled":false,"id":""},{"text":"Afternoon training ended\n        2025-07-28 - Training","disabled":false,"id":""},{"text":"Morning training ended\n        2025-07-28 - Training","disabled":false,"id":""},{"text":"Weekly news roundup\n        2025-07-28 - News","disabled":false,"id":""},{"text":"Morning training ended\n        2025-07-25 - Training","disabled":false,"id":""},{"text":"Morning training ended\n        2025-07-24 - Training","disabled":false,"id":""},{"text":"Morning training ended\n        2025-07-23 - Training","disabled":false,"id":""},{"text":"Morning training ended\n        2025-07-22 - Training","disabled":false,"id":""},{"text":"Morning training ended\n        2025-07-21 - Training","disabled":false,"id":""},{"text":"Weekly news roundup\n        2025-07-21 - News","disabled":false,"id":""},{"text":"Morning training ended\n        2025-07-18 - Training","disabled":false,"id":""},{"text":"Morning training ended\n        2025-07-17 - Training","disabled":false,"id":""},{"text":"Morning training ended\n        2025-07-16 - Training","disabled":false,"id":""},{"text":"Morning training ended\n        2025-07-15 - Training","disabled":false,"id":""},{"text":"Morning training ended\n        2025-07-14 - Training","disabled":false,"id":""},{"text":"Weekly news roundup\n        2025-07-14 - News","disabled":false,"id":""}]
[sim_takane_6m] open today's live schedule at 2025-08-01
[sim_takane_6m] open today's live schedule at 2025-08-01
[sim_takane_6m] open today's live schedule at 2025-08-01
[sim_takane_6m] open today's live schedule at 2025-08-01
[sim_takane_6m] step=4775 iso=2025-08-01 display=Friday, August 1, 2025 19:20 stale=4724
[sim_takane_6m] open today's live schedule at 2025-08-01
[sim_takane_6m] open today's live schedule at 2025-08-01
[sim_takane_6m] open today's live schedule at 2025-08-01
[sim_takane_6m] open today's live schedule at 2025-08-01
[sim_takane_6m] open today's live schedule at 2025-08-01
[sim_takane_6m] open today's live schedule at 2025-08-01
[sim_takane_6m] open today's live schedule at 2025-08-01
[sim_takane_6m] open today's live schedule at 2025-08-01
[sim_takane_6m] open today's live schedule at 2025-08-01
[sim_takane_6m] open today's live schedule at 2025-08-01
[sim_takane_6m] open today's live schedule at 2025-08-01
[sim_takane_6m] open today's live schedule at 2025-08-01
[sim_takane_6m] open today's live schedule at 2025-08-01
[sim_takane_6m] open today's live schedule at 2025-08-01
[sim_takane_6m] open today's live schedule at 2025-08-01
[sim_takane_6m] open today's live schedule at 2025-08-01
[sim_takane_6m] stale buttons Friday, August 1, 2025 19:20 :: [{"text":"Main menu","disabled":false,"id":"btn-main-menu"},{"text":"Save game","disabled":false,"id":"btn-save"},{"text":"Load game","disabled":false,"id":"btn-load"},{"text":"New game","disabled":false,"id":"btn-new"},{"text":"Clear slot","disabled":false,"id":"btn-clear"},{"text":"‹","disabled":false,"id":""},{"text":"›","disabled":true,"id":""},{"text":"Friday, August 1, 2025 19:20","disabled":false,"id":"btn-goto-schedule"},{"text":"Next","disabled":false,"id":"btn-next-day"},{"text":"Inbox","disabled":false,"id":""},{"text":"Idols","disabled":false,"id":""},{"text":"Groups","disabled":false,"id":""},{"text":"Training","disabled":false,"id":""},{"text":"Schedule","disabled":false,"id":""},{"text":"Lives","disabled":false,"id":""},{"text":"Songs","disabled":false,"id":""},{"text":"Making","disabled":false,"id":""},{"text":"Media","disabled":false,"id":""},{"text":"Scout","disabled":false,"id":""},{"text":"Finances","disabled":false,"id":""},{"text":"Mark all read","disabled":true,"id":"btn-inbox-mark-all"},{"text":"* Today's live schedule\n        2025-08-01 - Assistant","disabled":false,"id":""},{"text":"Morning training ended\n        2025-07-31 - Training","disabled":false,"id":""},{"text":"Morning training ended\n        2025-07-30 - Training","disabled":false,"id":""},{"text":"Morning training ended\n        2025-07-29 - Training","disabled":false,"id":""},{"text":"Afternoon training ended\n        2025-07-28 - Training","disabled":false,"id":""},{"text":"Morning training ended\n        2025-07-28 - Training","disabled":false,"id":""},{"text":"Weekly news roundup\n        2025-07-28 - News","disabled":false,"id":""},{"text":"Morning training ended\n        2025-07-25 - Training","disabled":false,"id":""},{"text":"Morning training ended\n        2025-07-24 - Training","disabled":false,"id":""},{"text":"Morning training ended\n        2025-07-23 - Training","disabled":false,"id":""},{"text":"Morning training ended\n        2025-07-22 - Training","disabled":false,"id":""},{"text":"Morning training ended\n        2025-07-21 - Training","disabled":false,"id":""},{"text":"Weekly news roundup\n        2025-07-21 - News","disabled":false,"id":""},{"text":"Morning training ended\n        2025-07-18 - Training","disabled":false,"id":""},{"text":"Morning training ended\n        2025-07-17 - Training","disabled":false,"id":""},{"text":"Morning training ended\n        2025-07-16 - Training","disabled":false,"id":""},{"text":"Morning training ended\n        2025-07-15 - Training","disabled":false,"id":""},{"text":"Morning training ended\n        2025-07-14 - Training","disabled":false,"id":""},{"text":"Weekly news roundup\n        2025-07-14 - News","disabled":false,"id":""}]
[sim_takane_6m] open today's live schedule at 2025-08-01
[sim_takane_6m] open today's live schedule at 2025-08-01
[sim_takane_6m] open today's live schedule at 2025-08-01
[sim_takane_6m] open today's live schedule at 2025-08-01
[sim_takane_6m] open today's live schedule at 2025-08-01
[sim_takane_6m] open today's live schedule at 2025-08-01
[sim_takane_6m] open today's live schedule at 2025-08-01
[sim_takane_6m] open today's live schedule at 2025-08-01
[sim_takane_6m] open today's live schedule at 2025-08-01
[sim_takane_6m] step=4800 iso=2025-08-01 display=Friday, August 1, 2025 19:20 stale=4749
[sim_takane_6m] open today's live schedule at 2025-08-01
[sim_takane_6m] open today's live schedule at 2025-08-01
[sim_takane_6m] open today's live schedule at 2025-08-01
[sim_takane_6m] open today's live schedule at 2025-08-01
[sim_takane_6m] open today's live schedule at 2025-08-01
[sim_takane_6m] open today's live schedule at 2025-08-01
[sim_takane_6m] open today's live schedule at 2025-08-01
[sim_takane_6m] open today's live schedule at 2025-08-01
[sim_takane_6m] open today's live schedule at 2025-08-01
[sim_takane_6m] open today's live schedule at 2025-08-01
[sim_takane_6m] open today's live schedule at 2025-08-01
[sim_takane_6m] stale buttons Friday, August 1, 2025 19:20 :: [{"text":"Main menu","disabled":false,"id":"btn-main-menu"},{"text":"Save game","disabled":false,"id":"btn-save"},{"text":"Load game","disabled":false,"id":"btn-load"},{"text":"New game","disabled":false,"id":"btn-new"},{"text":"Clear slot","disabled":false,"id":"btn-clear"},{"text":"‹","disabled":false,"id":""},{"text":"›","disabled":true,"id":""},{"text":"Friday, August 1, 2025 19:20","disabled":false,"id":"btn-goto-schedule"},{"text":"Next","disabled":false,"id":"btn-next-day"},{"text":"Inbox","disabled":false,"id":""},{"text":"Idols","disabled":false,"id":""},{"text":"Groups","disabled":false,"id":""},{"text":"Training","disabled":false,"id":""},{"text":"Schedule","disabled":false,"id":""},{"text":"Lives","disabled":false,"id":""},{"text":"Songs","disabled":false,"id":""},{"text":"Making","disabled":false,"id":""},{"text":"Media","disabled":false,"id":""},{"text":"Scout","disabled":false,"id":""},{"text":"Finances","disabled":false,"id":""},{"text":"Mark all read","disabled":true,"id":"btn-inbox-mark-all"},{"text":"* Today's live schedule\n        2025-08-01 - Assistant","disabled":false,"id":""},{"text":"Morning training ended\n        2025-07-31 - Training","disabled":false,"id":""},{"text":"Morning training ended\n        2025-07-30 - Training","disabled":false,"id":""},{"text":"Morning training ended\n        2025-07-29 - Training","disabled":false,"id":""},{"text":"Afternoon training ended\n        2025-07-28 - Training","disabled":false,"id":""},{"text":"Morning training ended\n        2025-07-28 - Training","disabled":false,"id":""},{"text":"Weekly news roundup\n        2025-07-28 - News","disabled":false,"id":""},{"text":"Morning training ended\n        2025-07-25 - Training","disabled":false,"id":""},{"text":"Morning training ended\n        2025-07-24 - Training","disabled":false,"id":""},{"text":"Morning training ended\n        2025-07-23 - Training","disabled":false,"id":""},{"text":"Morning training ended\n        2025-07-22 - Training","disabled":false,"id":""},{"text":"Morning training ended\n        2025-07-21 - Training","disabled":false,"id":""},{"text":"Weekly news roundup\n        2025-07-21 - News","disabled":false,"id":""},{"text":"Morning training ended\n        2025-07-18 - Training","disabled":false,"id":""},{"text":"Morning training ended\n        2025-07-17 - Training","disabled":false,"id":""},{"text":"Morning training ended\n        2025-07-16 - Training","disabled":false,"id":""},{"text":"Morning training ended\n        2025-07-15 - Training","disabled":false,"id":""},{"text":"Morning training ended\n        2025-07-14 - Training","disabled":false,"id":""},{"text":"Weekly news roundup\n        2025-07-14 - News","disabled":false,"id":""}]
[sim_takane_6m] open today's live schedule at 2025-08-01
[sim_takane_6m] open today's live schedule at 2025-08-01
[sim_takane_6m] open today's live schedule at 2025-08-01
[sim_takane_6m] open today's live schedule at 2025-08-01
[sim_takane_6m] open today's live schedule at 2025-08-01
[sim_takane_6m] open today's live schedule at 2025-08-01
[sim_takane_6m] open today's live schedule at 2025-08-01
[sim_takane_6m] open today's live schedule at 2025-08-01
[sim_takane_6m] open today's live schedule at 2025-08-01
[sim_takane_6m] open today's live schedule at 2025-08-01
[sim_takane_6m] open today's live schedule at 2025-08-01
[sim_takane_6m] open today's live schedule at 2025-08-01
[sim_takane_6m] open today's live schedule at 2025-08-01
[sim_takane_6m] open today's live schedule at 2025-08-01
[sim_takane_6m] step=4825 iso=2025-08-01 display=Friday, August 1, 2025 19:20 stale=4774
[sim_takane_6m] open today's live schedule at 2025-08-01
[sim_takane_6m] open today's live schedule at 2025-08-01
[sim_takane_6m] open today's live schedule at 2025-08-01
[sim_takane_6m] open today's live schedule at 2025-08-01
[sim_takane_6m] open today's live schedule at 2025-08-01
[sim_takane_6m] open today's live schedule at 2025-08-01
[sim_takane_6m] stale buttons Friday, August 1, 2025 19:20 :: [{"text":"Main menu","disabled":false,"id":"btn-main-menu"},{"text":"Save game","disabled":false,"id":"btn-save"},{"text":"Load game","disabled":false,"id":"btn-load"},{"text":"New game","disabled":false,"id":"btn-new"},{"text":"Clear slot","disabled":false,"id":"btn-clear"},{"text":"‹","disabled":false,"id":""},{"text":"›","disabled":true,"id":""},{"text":"Friday, August 1, 2025 19:20","disabled":false,"id":"btn-goto-schedule"},{"text":"Next","disabled":false,"id":"btn-next-day"},{"text":"Inbox","disabled":false,"id":""},{"text":"Idols","disabled":false,"id":""},{"text":"Groups","disabled":false,"id":""},{"text":"Training","disabled":false,"id":""},{"text":"Schedule","disabled":false,"id":""},{"text":"Lives","disabled":false,"id":""},{"text":"Songs","disabled":false,"id":""},{"text":"Making","disabled":false,"id":""},{"text":"Media","disabled":false,"id":""},{"text":"Scout","disabled":false,"id":""},{"text":"Finances","disabled":false,"id":""},{"text":"Mark all read","disabled":true,"id":"btn-inbox-mark-all"},{"text":"* Today's live schedule\n        2025-08-01 - Assistant","disabled":false,"id":""},{"text":"Morning training ended\n        2025-07-31 - Training","disabled":false,"id":""},{"text":"Morning training ended\n        2025-07-30 - Training","disabled":false,"id":""},{"text":"Morning training ended\n        2025-07-29 - Training","disabled":false,"id":""},{"text":"Afternoon training ended\n        2025-07-28 - Training","disabled":false,"id":""},{"text":"Morning training ended\n        2025-07-28 - Training","disabled":false,"id":""},{"text":"Weekly news roundup\n        2025-07-28 - News","disabled":false,"id":""},{"text":"Morning training ended\n        2025-07-25 - Training","disabled":false,"id":""},{"text":"Morning training ended\n        2025-07-24 - Training","disabled":false,"id":""},{"text":"Morning training ended\n        2025-07-23 - Training","disabled":false,"id":""},{"text":"Morning training ended\n        2025-07-22 - Training","disabled":false,"id":""},{"text":"Morning training ended\n        2025-07-21 - Training","disabled":false,"id":""},{"text":"Weekly news roundup\n        2025-07-21 - News","disabled":false,"id":""},{"text":"Morning training ended\n        2025-07-18 - Training","disabled":false,"id":""},{"text":"Morning training ended\n        2025-07-17 - Training","disabled":false,"id":""},{"text":"Morning training ended\n        2025-07-16 - Training","disabled":false,"id":""},{"text":"Morning training ended\n        2025-07-15 - Training","disabled":false,"id":""},{"text":"Morning training ended\n        2025-07-14 - Training","disabled":false,"id":""},{"text":"Weekly news roundup\n        2025-07-14 - News","disabled":false,"id":""}]
[sim_takane_6m] open today's live schedule at 2025-08-01
[sim_takane_6m] open today's live schedule at 2025-08-01
[sim_takane_6m] open today's live schedule at 2025-08-01
[sim_takane_6m] open today's live schedule at 2025-08-01
[sim_takane_6m] open today's live schedule at 2025-08-01
[sim_takane_6m] open today's live schedule at 2025-08-01
[sim_takane_6m] open today's live schedule at 2025-08-01
[sim_takane_6m] open today's live schedule at 2025-08-01
[sim_takane_6m] open today's live schedule at 2025-08-01
[sim_takane_6m] open today's live schedule at 2025-08-01
[sim_takane_6m] open today's live schedule at 2025-08-01
[sim_takane_6m] open today's live schedule at 2025-08-01
[sim_takane_6m] open today's live schedule at 2025-08-01
[sim_takane_6m] open today's live schedule at 2025-08-01
[sim_takane_6m] open today's live schedule at 2025-08-01
[sim_takane_6m] open today's live schedule at 2025-08-01
[sim_takane_6m] open today's live schedule at 2025-08-01
[sim_takane_6m] open today's live schedule at 2025-08-01
[sim_takane_6m] open today's live schedule at 2025-08-01
[sim_takane_6m] step=4850 iso=2025-08-01 display=Friday, August 1, 2025 19:20 stale=4799
[sim_takane_6m] open today's live schedule at 2025-08-01
[sim_takane_6m] stale buttons Friday, August 1, 2025 19:20 :: [{"text":"Main menu","disabled":false,"id":"btn-main-menu"},{"text":"Save game","disabled":false,"id":"btn-save"},{"text":"Load game","disabled":false,"id":"btn-load"},{"text":"New game","disabled":false,"id":"btn-new"},{"text":"Clear slot","disabled":false,"id":"btn-clear"},{"text":"‹","disabled":false,"id":""},{"text":"›","disabled":true,"id":""},{"text":"Friday, August 1, 2025 19:20","disabled":false,"id":"btn-goto-schedule"},{"text":"Next","disabled":false,"id":"btn-next-day"},{"text":"Inbox","disabled":false,"id":""},{"text":"Idols","disabled":false,"id":""},{"text":"Groups","disabled":false,"id":""},{"text":"Training","disabled":false,"id":""},{"text":"Schedule","disabled":false,"id":""},{"text":"Lives","disabled":false,"id":""},{"text":"Songs","disabled":false,"id":""},{"text":"Making","disabled":false,"id":""},{"text":"Media","disabled":false,"id":""},{"text":"Scout","disabled":false,"id":""},{"text":"Finances","disabled":false,"id":""},{"text":"Mark all read","disabled":true,"id":"btn-inbox-mark-all"},{"text":"* Today's live schedule\n        2025-08-01 - Assistant","disabled":false,"id":""},{"text":"Morning training ended\n        2025-07-31 - Training","disabled":false,"id":""},{"text":"Morning training ended\n        2025-07-30 - Training","disabled":false,"id":""},{"text":"Morning training ended\n        2025-07-29 - Training","disabled":false,"id":""},{"text":"Afternoon training ended\n        2025-07-28 - Training","disabled":false,"id":""},{"text":"Morning training ended\n        2025-07-28 - Training","disabled":false,"id":""},{"text":"Weekly news roundup\n        2025-07-28 - News","disabled":false,"id":""},{"text":"Morning training ended\n        2025-07-25 - Training","disabled":false,"id":""},{"text":"Morning training ended\n        2025-07-24 - Training","disabled":false,"id":""},{"text":"Morning training ended\n        2025-07-23 - Training","disabled":false,"id":""},{"text":"Morning training ended\n        2025-07-22 - Training","disabled":false,"id":""},{"text":"Morning training ended\n        2025-07-21 - Training","disabled":false,"id":""},{"text":"Weekly news roundup\n        2025-07-21 - News","disabled":false,"id":""},{"text":"Morning training ended\n        2025-07-18 - Training","disabled":false,"id":""},{"text":"Morning training ended\n        2025-07-17 - Training","disabled":false,"id":""},{"text":"Morning training ended\n        2025-07-16 - Training","disabled":false,"id":""},{"text":"Morning training ended\n        2025-07-15 - Training","disabled":false,"id":""},{"text":"Morning training ended\n        2025-07-14 - Training","disabled":false,"id":""},{"text":"Weekly news roundup\n        2025-07-14 - News","disabled":false,"id":""}]
[sim_takane_6m] open today's live schedule at 2025-08-01
[sim_takane_6m] open today's live schedule at 2025-08-01
[sim_takane_6m] open today's live schedule at 2025-08-01
[sim_takane_6m] open today's live schedule at 2025-08-01
[sim_takane_6m] open today's live schedule at 2025-08-01
[sim_takane_6m] open today's live schedule at 2025-08-01
[sim_takane_6m] open today's live schedule at 2025-08-01
[sim_takane_6m] open today's live schedule at 2025-08-01
[sim_takane_6m] open today's live schedule at 2025-08-01
[sim_takane_6m] open today's live schedule at 2025-08-01
[sim_takane_6m] open today's live schedule at 2025-08-01
[sim_takane_6m] open today's live schedule at 2025-08-01
[sim_takane_6m] open today's live schedule at 2025-08-01
[sim_takane_6m] open today's live schedule at 2025-08-01
[sim_takane_6m] open today's live schedule at 2025-08-01
[sim_takane_6m] open today's live schedule at 2025-08-01
[sim_takane_6m] open today's live schedule at 2025-08-01
[sim_takane_6m] open today's live schedule at 2025-08-01
[sim_takane_6m] open today's live schedule at 2025-08-01
[sim_takane_6m] open today's live schedule at 2025-08-01
[sim_takane_6m] stale buttons Friday, August 1, 2025 19:20 :: [{"text":"Main menu","disabled":false,"id":"btn-main-menu"},{"text":"Save game","disabled":false,"id":"btn-save"},{"text":"Load game","disabled":false,"id":"btn-load"},{"text":"New game","disabled":false,"id":"btn-new"},{"text":"Clear slot","disabled":false,"id":"btn-clear"},{"text":"‹","disabled":false,"id":""},{"text":"›","disabled":true,"id":""},{"text":"Friday, August 1, 2025 19:20","disabled":false,"id":"btn-goto-schedule"},{"text":"Next","disabled":false,"id":"btn-next-day"},{"text":"Inbox","disabled":false,"id":""},{"text":"Idols","disabled":false,"id":""},{"text":"Groups","disabled":false,"id":""},{"text":"Training","disabled":false,"id":""},{"text":"Schedule","disabled":false,"id":""},{"text":"Lives","disabled":false,"id":""},{"text":"Songs","disabled":false,"id":""},{"text":"Making","disabled":false,"id":""},{"text":"Media","disabled":false,"id":""},{"text":"Scout","disabled":false,"id":""},{"text":"Finances","disabled":false,"id":""},{"text":"Mark all read","disabled":true,"id":"btn-inbox-mark-all"},{"text":"* Today's live schedule\n        2025-08-01 - Assistant","disabled":false,"id":""},{"text":"Morning training ended\n        2025-07-31 - Training","disabled":false,"id":""},{"text":"Morning training ended\n        2025-07-30 - Training","disabled":false,"id":""},{"text":"Morning training ended\n        2025-07-29 - Training","disabled":false,"id":""},{"text":"Afternoon training ended\n        2025-07-28 - Training","disabled":false,"id":""},{"text":"Morning training ended\n        2025-07-28 - Training","disabled":false,"id":""},{"text":"Weekly news roundup\n        2025-07-28 - News","disabled":false,"id":""},{"text":"Morning training ended\n        2025-07-25 - Training","disabled":false,"id":""},{"text":"Morning training ended\n        2025-07-24 - Training","disabled":false,"id":""},{"text":"Morning training ended\n        2025-07-23 - Training","disabled":false,"id":""},{"text":"Morning training ended\n        2025-07-22 - Training","disabled":false,"id":""},{"text":"Morning training ended\n        2025-07-21 - Training","disabled":false,"id":""},{"text":"Weekly news roundup\n        2025-07-21 - News","disabled":false,"id":""},{"text":"Morning training ended\n        2025-07-18 - Training","disabled":false,"id":""},{"text":"Morning training ended\n        2025-07-17 - Training","disabled":false,"id":""},{"text":"Morning training ended\n        2025-07-16 - Training","disabled":false,"id":""},{"text":"Morning training ended\n        2025-07-15 - Training","disabled":false,"id":""},{"text":"Morning training ended\n        2025-07-14 - Training","disabled":false,"id":""},{"text":"Weekly news roundup\n        2025-07-14 - News","disabled":false,"id":""}]
[sim_takane_6m] open today's live schedule at 2025-08-01
[sim_takane_6m] open today's live schedule at 2025-08-01
[sim_takane_6m] open today's live schedule at 2025-08-01
[sim_takane_6m] open today's live schedule at 2025-08-01
[sim_takane_6m] step=4875 iso=2025-08-01 display=Friday, August 1, 2025 19:20 stale=4824
[sim_takane_6m] open today's live schedule at 2025-08-01
[sim_takane_6m] open today's live schedule at 2025-08-01
[sim_takane_6m] open today's live schedule at 2025-08-01
[sim_takane_6m] open today's live schedule at 2025-08-01
[sim_takane_6m] open today's live schedule at 2025-08-01
[sim_takane_6m] open today's live schedule at 2025-08-01
[sim_takane_6m] open today's live schedule at 2025-08-01
[sim_takane_6m] open today's live schedule at 2025-08-01
[sim_takane_6m] open today's live schedule at 2025-08-01
[sim_takane_6m] open today's live schedule at 2025-08-01
[sim_takane_6m] open today's live schedule at 2025-08-01
[sim_takane_6m] open today's live schedule at 2025-08-01
[sim_takane_6m] open today's live schedule at 2025-08-01
[sim_takane_6m] open today's live schedule at 2025-08-01
[sim_takane_6m] open today's live schedule at 2025-08-01
[sim_takane_6m] open today's live schedule at 2025-08-01
[sim_takane_6m] stale buttons Friday, August 1, 2025 19:20 :: [{"text":"Main menu","disabled":false,"id":"btn-main-menu"},{"text":"Save game","disabled":false,"id":"btn-save"},{"text":"Load game","disabled":false,"id":"btn-load"},{"text":"New game","disabled":false,"id":"btn-new"},{"text":"Clear slot","disabled":false,"id":"btn-clear"},{"text":"‹","disabled":false,"id":""},{"text":"›","disabled":true,"id":""},{"text":"Friday, August 1, 2025 19:20","disabled":false,"id":"btn-goto-schedule"},{"text":"Next","disabled":false,"id":"btn-next-day"},{"text":"Inbox","disabled":false,"id":""},{"text":"Idols","disabled":false,"id":""},{"text":"Groups","disabled":false,"id":""},{"text":"Training","disabled":false,"id":""},{"text":"Schedule","disabled":false,"id":""},{"text":"Lives","disabled":false,"id":""},{"text":"Songs","disabled":false,"id":""},{"text":"Making","disabled":false,"id":""},{"text":"Media","disabled":false,"id":""},{"text":"Scout","disabled":false,"id":""},{"text":"Finances","disabled":false,"id":""},{"text":"Mark all read","disabled":true,"id":"btn-inbox-mark-all"},{"text":"* Today's live schedule\n        2025-08-01 - Assistant","disabled":false,"id":""},{"text":"Morning training ended\n        2025-07-31 - Training","disabled":false,"id":""},{"text":"Morning training ended\n        2025-07-30 - Training","disabled":false,"id":""},{"text":"Morning training ended\n        2025-07-29 - Training","disabled":false,"id":""},{"text":"Afternoon training ended\n        2025-07-28 - Training","disabled":false,"id":""},{"text":"Morning training ended\n        2025-07-28 - Training","disabled":false,"id":""},{"text":"Weekly news roundup\n        2025-07-28 - News","disabled":false,"id":""},{"text":"Morning training ended\n        2025-07-25 - Training","disabled":false,"id":""},{"text":"Morning training ended\n        2025-07-24 - Training","disabled":false,"id":""},{"text":"Morning training ended\n        2025-07-23 - Training","disabled":false,"id":""},{"text":"Morning training ended\n        2025-07-22 - Training","disabled":false,"id":""},{"text":"Morning training ended\n        2025-07-21 - Training","disabled":false,"id":""},{"text":"Weekly news roundup\n        2025-07-21 - News","disabled":false,"id":""},{"text":"Morning training ended\n        2025-07-18 - Training","disabled":false,"id":""},{"text":"Morning training ended\n        2025-07-17 - Training","disabled":false,"id":""},{"text":"Morning training ended\n        2025-07-16 - Training","disabled":false,"id":""},{"text":"Morning training ended\n        2025-07-15 - Training","disabled":false,"id":""},{"text":"Morning training ended\n        2025-07-14 - Training","disabled":false,"id":""},{"text":"Weekly news roundup\n        2025-07-14 - News","disabled":false,"id":""}]
[sim_takane_6m] open today's live schedule at 2025-08-01
[sim_takane_6m] open today's live schedule at 2025-08-01
[sim_takane_6m] open today's live schedule at 2025-08-01
[sim_takane_6m] open today's live schedule at 2025-08-01
[sim_takane_6m] open today's live schedule at 2025-08-01
[sim_takane_6m] open today's live schedule at 2025-08-01
[sim_takane_6m] open today's live schedule at 2025-08-01
[sim_takane_6m] open today's live schedule at 2025-08-01
[sim_takane_6m] open today's live schedule at 2025-08-01
[sim_takane_6m] step=4900 iso=2025-08-01 display=Friday, August 1, 2025 19:20 stale=4849
[sim_takane_6m] open today's live schedule at 2025-08-01
[sim_takane_6m] open today's live schedule at 2025-08-01
[sim_takane_6m] open today's live schedule at 2025-08-01
[sim_takane_6m] open today's live schedule at 2025-08-01
[sim_takane_6m] open today's live schedule at 2025-08-01
[sim_takane_6m] open today's live schedule at 2025-08-01
[sim_takane_6m] open today's live schedule at 2025-08-01
[sim_takane_6m] open today's live schedule at 2025-08-01
[sim_takane_6m] open today's live schedule at 2025-08-01
[sim_takane_6m] open today's live schedule at 2025-08-01
[sim_takane_6m] open today's live schedule at 2025-08-01
[sim_takane_6m] stale buttons Friday, August 1, 2025 19:20 :: [{"text":"Main menu","disabled":false,"id":"btn-main-menu"},{"text":"Save game","disabled":false,"id":"btn-save"},{"text":"Load game","disabled":false,"id":"btn-load"},{"text":"New game","disabled":false,"id":"btn-new"},{"text":"Clear slot","disabled":false,"id":"btn-clear"},{"text":"‹","disabled":false,"id":""},{"text":"›","disabled":true,"id":""},{"text":"Friday, August 1, 2025 19:20","disabled":false,"id":"btn-goto-schedule"},{"text":"Next","disabled":false,"id":"btn-next-day"},{"text":"Inbox","disabled":false,"id":""},{"text":"Idols","disabled":false,"id":""},{"text":"Groups","disabled":false,"id":""},{"text":"Training","disabled":false,"id":""},{"text":"Schedule","disabled":false,"id":""},{"text":"Lives","disabled":false,"id":""},{"text":"Songs","disabled":false,"id":""},{"text":"Making","disabled":false,"id":""},{"text":"Media","disabled":false,"id":""},{"text":"Scout","disabled":false,"id":""},{"text":"Finances","disabled":false,"id":""},{"text":"Mark all read","disabled":true,"id":"btn-inbox-mark-all"},{"text":"* Today's live schedule\n        2025-08-01 - Assistant","disabled":false,"id":""},{"text":"Morning training ended\n        2025-07-31 - Training","disabled":false,"id":""},{"text":"Morning training ended\n        2025-07-30 - Training","disabled":false,"id":""},{"text":"Morning training ended\n        2025-07-29 - Training","disabled":false,"id":""},{"text":"Afternoon training ended\n        2025-07-28 - Training","disabled":false,"id":""},{"text":"Morning training ended\n        2025-07-28 - Training","disabled":false,"id":""},{"text":"Weekly news roundup\n        2025-07-28 - News","disabled":false,"id":""},{"text":"Morning training ended\n        2025-07-25 - Training","disabled":false,"id":""},{"text":"Morning training ended\n        2025-07-24 - Training","disabled":false,"id":""},{"text":"Morning training ended\n        2025-07-23 - Training","disabled":false,"id":""},{"text":"Morning training ended\n        2025-07-22 - Training","disabled":false,"id":""},{"text":"Morning training ended\n        2025-07-21 - Training","disabled":false,"id":""},{"text":"Weekly news roundup\n        2025-07-21 - News","disabled":false,"id":""},{"text":"Morning training ended\n        2025-07-18 - Training","disabled":false,"id":""},{"text":"Morning training ended\n        2025-07-17 - Training","disabled":false,"id":""},{"text":"Morning training ended\n        2025-07-16 - Training","disabled":false,"id":""},{"text":"Morning training ended\n        2025-07-15 - Training","disabled":false,"id":""},{"text":"Morning training ended\n        2025-07-14 - Training","disabled":false,"id":""},{"text":"Weekly news roundup\n        2025-07-14 - News","disabled":false,"id":""}]
[sim_takane_6m] open today's live schedule at 2025-08-01
[sim_takane_6m] open today's live schedule at 2025-08-01
[sim_takane_6m] open today's live schedule at 2025-08-01
[sim_takane_6m] open today's live schedule at 2025-08-01
[sim_takane_6m] open today's live schedule at 2025-08-01
[sim_takane_6m] open today's live schedule at 2025-08-01
[sim_takane_6m] open today's live schedule at 2025-08-01
[sim_takane_6m] open today's live schedule at 2025-08-01
[sim_takane_6m] open today's live schedule at 2025-08-01
[sim_takane_6m] open today's live schedule at 2025-08-01
[sim_takane_6m] open today's live schedule at 2025-08-01
[sim_takane_6m] open today's live schedule at 2025-08-01
[sim_takane_6m] open today's live schedule at 2025-08-01
[sim_takane_6m] open today's live schedule at 2025-08-01
[sim_takane_6m] step=4925 iso=2025-08-01 display=Friday, August 1, 2025 19:20 stale=4874
[sim_takane_6m] open today's live schedule at 2025-08-01
[sim_takane_6m] open today's live schedule at 2025-08-01
[sim_takane_6m] open today's live schedule at 2025-08-01
[sim_takane_6m] open today's live schedule at 2025-08-01
[sim_takane_6m] open today's live schedule at 2025-08-01
[sim_takane_6m] open today's live schedule at 2025-08-01
[sim_takane_6m] stale buttons Friday, August 1, 2025 19:20 :: [{"text":"Main menu","disabled":false,"id":"btn-main-menu"},{"text":"Save game","disabled":false,"id":"btn-save"},{"text":"Load game","disabled":false,"id":"btn-load"},{"text":"New game","disabled":false,"id":"btn-new"},{"text":"Clear slot","disabled":false,"id":"btn-clear"},{"text":"‹","disabled":false,"id":""},{"text":"›","disabled":true,"id":""},{"text":"Friday, August 1, 2025 19:20","disabled":false,"id":"btn-goto-schedule"},{"text":"Next","disabled":false,"id":"btn-next-day"},{"text":"Inbox","disabled":false,"id":""},{"text":"Idols","disabled":false,"id":""},{"text":"Groups","disabled":false,"id":""},{"text":"Training","disabled":false,"id":""},{"text":"Schedule","disabled":false,"id":""},{"text":"Lives","disabled":false,"id":""},{"text":"Songs","disabled":false,"id":""},{"text":"Making","disabled":false,"id":""},{"text":"Media","disabled":false,"id":""},{"text":"Scout","disabled":false,"id":""},{"text":"Finances","disabled":false,"id":""},{"text":"Mark all read","disabled":true,"id":"btn-inbox-mark-all"},{"text":"* Today's live schedule\n        2025-08-01 - Assistant","disabled":false,"id":""},{"text":"Morning training ended\n        2025-07-31 - Training","disabled":false,"id":""},{"text":"Morning training ended\n        2025-07-30 - Training","disabled":false,"id":""},{"text":"Morning training ended\n        2025-07-29 - Training","disabled":false,"id":""},{"text":"Afternoon training ended\n        2025-07-28 - Training","disabled":false,"id":""},{"text":"Morning training ended\n        2025-07-28 - Training","disabled":false,"id":""},{"text":"Weekly news roundup\n        2025-07-28 - News","disabled":false,"id":""},{"text":"Morning training ended\n        2025-07-25 - Training","disabled":false,"id":""},{"text":"Morning training ended\n        2025-07-24 - Training","disabled":false,"id":""},{"text":"Morning training ended\n        2025-07-23 - Training","disabled":false,"id":""},{"text":"Morning training ended\n        2025-07-22 - Training","disabled":false,"id":""},{"text":"Morning training ended\n        2025-07-21 - Training","disabled":false,"id":""},{"text":"Weekly news roundup\n        2025-07-21 - News","disabled":false,"id":""},{"text":"Morning training ended\n        2025-07-18 - Training","disabled":false,"id":""},{"text":"Morning training ended\n        2025-07-17 - Training","disabled":false,"id":""},{"text":"Morning training ended\n        2025-07-16 - Training","disabled":false,"id":""},{"text":"Morning training ended\n        2025-07-15 - Training","disabled":false,"id":""},{"text":"Morning training ended\n        2025-07-14 - Training","disabled":false,"id":""},{"text":"Weekly news roundup\n        2025-07-14 - News","disabled":false,"id":""}]
[sim_takane_6m] open today's live schedule at 2025-08-01
[sim_takane_6m] open today's live schedule at 2025-08-01
[sim_takane_6m] open today's live schedule at 2025-08-01
[sim_takane_6m] open today's live schedule at 2025-08-01
[sim_takane_6m] open today's live schedule at 2025-08-01
[sim_takane_6m] open today's live schedule at 2025-08-01
[sim_takane_6m] open today's live schedule at 2025-08-01
[sim_takane_6m] open today's live schedule at 2025-08-01
[sim_takane_6m] open today's live schedule at 2025-08-01
[sim_takane_6m] open today's live schedule at 2025-08-01
[sim_takane_6m] open today's live schedule at 2025-08-01
[sim_takane_6m] open today's live schedule at 2025-08-01
[sim_takane_6m] open today's live schedule at 2025-08-01
[sim_takane_6m] open today's live schedule at 2025-08-01
[sim_takane_6m] open today's live schedule at 2025-08-01
[sim_takane_6m] open today's live schedule at 2025-08-01
[sim_takane_6m] open today's live schedule at 2025-08-01
[sim_takane_6m] open today's live schedule at 2025-08-01
[sim_takane_6m] open today's live schedule at 2025-08-01
[sim_takane_6m] step=4950 iso=2025-08-01 display=Friday, August 1, 2025 19:20 stale=4899
[sim_takane_6m] open today's live schedule at 2025-08-01
[sim_takane_6m] stale buttons Friday, August 1, 2025 19:20 :: [{"text":"Main menu","disabled":false,"id":"btn-main-menu"},{"text":"Save game","disabled":false,"id":"btn-save"},{"text":"Load game","disabled":false,"id":"btn-load"},{"text":"New game","disabled":false,"id":"btn-new"},{"text":"Clear slot","disabled":false,"id":"btn-clear"},{"text":"‹","disabled":false,"id":""},{"text":"›","disabled":true,"id":""},{"text":"Friday, August 1, 2025 19:20","disabled":false,"id":"btn-goto-schedule"},{"text":"Next","disabled":false,"id":"btn-next-day"},{"text":"Inbox","disabled":false,"id":""},{"text":"Idols","disabled":false,"id":""},{"text":"Groups","disabled":false,"id":""},{"text":"Training","disabled":false,"id":""},{"text":"Schedule","disabled":false,"id":""},{"text":"Lives","disabled":false,"id":""},{"text":"Songs","disabled":false,"id":""},{"text":"Making","disabled":false,"id":""},{"text":"Media","disabled":false,"id":""},{"text":"Scout","disabled":false,"id":""},{"text":"Finances","disabled":false,"id":""},{"text":"Mark all read","disabled":true,"id":"btn-inbox-mark-all"},{"text":"* Today's live schedule\n        2025-08-01 - Assistant","disabled":false,"id":""},{"text":"Morning training ended\n        2025-07-31 - Training","disabled":false,"id":""},{"text":"Morning training ended\n        2025-07-30 - Training","disabled":false,"id":""},{"text":"Morning training ended\n        2025-07-29 - Training","disabled":false,"id":""},{"text":"Afternoon training ended\n        2025-07-28 - Training","disabled":false,"id":""},{"text":"Morning training ended\n        2025-07-28 - Training","disabled":false,"id":""},{"text":"Weekly news roundup\n        2025-07-28 - News","disabled":false,"id":""},{"text":"Morning training ended\n        2025-07-25 - Training","disabled":false,"id":""},{"text":"Morning training ended\n        2025-07-24 - Training","disabled":false,"id":""},{"text":"Morning training ended\n        2025-07-23 - Training","disabled":false,"id":""},{"text":"Morning training ended\n        2025-07-22 - Training","disabled":false,"id":""},{"text":"Morning training ended\n        2025-07-21 - Training","disabled":false,"id":""},{"text":"Weekly news roundup\n        2025-07-21 - News","disabled":false,"id":""},{"text":"Morning training ended\n        2025-07-18 - Training","disabled":false,"id":""},{"text":"Morning training ended\n        2025-07-17 - Training","disabled":false,"id":""},{"text":"Morning training ended\n        2025-07-16 - Training","disabled":false,"id":""},{"text":"Morning training ended\n        2025-07-15 - Training","disabled":false,"id":""},{"text":"Morning training ended\n        2025-07-14 - Training","disabled":false,"id":""},{"text":"Weekly news roundup\n        2025-07-14 - News","disabled":false,"id":""}]
[sim_takane_6m] open today's live schedule at 2025-08-01
[sim_takane_6m] open today's live schedule at 2025-08-01
[sim_takane_6m] open today's live schedule at 2025-08-01
[sim_takane_6m] open today's live schedule at 2025-08-01
[sim_takane_6m] open today's live schedule at 2025-08-01
[sim_takane_6m] open today's live schedule at 2025-08-01
[sim_takane_6m] open today's live schedule at 2025-08-01
[sim_takane_6m] open today's live schedule at 2025-08-01
[sim_takane_6m] open today's live schedule at 2025-08-01
[sim_takane_6m] open today's live schedule at 2025-08-01
[sim_takane_6m] open today's live schedule at 2025-08-01
[sim_takane_6m] open today's live schedule at 2025-08-01
[sim_takane_6m] open today's live schedule at 2025-08-01
[sim_takane_6m] open today's live schedule at 2025-08-01
[sim_takane_6m] open today's live schedule at 2025-08-01
[sim_takane_6m] open today's live schedule at 2025-08-01
[sim_takane_6m] open today's live schedule at 2025-08-01
[sim_takane_6m] open today's live schedule at 2025-08-01
[sim_takane_6m] open today's live schedule at 2025-08-01
[sim_takane_6m] open today's live schedule at 2025-08-01
[sim_takane_6m] stale buttons Friday, August 1, 2025 19:20 :: [{"text":"Main menu","disabled":false,"id":"btn-main-menu"},{"text":"Save game","disabled":false,"id":"btn-save"},{"text":"Load game","disabled":false,"id":"btn-load"},{"text":"New game","disabled":false,"id":"btn-new"},{"text":"Clear slot","disabled":false,"id":"btn-clear"},{"text":"‹","disabled":false,"id":""},{"text":"›","disabled":true,"id":""},{"text":"Friday, August 1, 2025 19:20","disabled":false,"id":"btn-goto-schedule"},{"text":"Next","disabled":false,"id":"btn-next-day"},{"text":"Inbox","disabled":false,"id":""},{"text":"Idols","disabled":false,"id":""},{"text":"Groups","disabled":false,"id":""},{"text":"Training","disabled":false,"id":""},{"text":"Schedule","disabled":false,"id":""},{"text":"Lives","disabled":false,"id":""},{"text":"Songs","disabled":false,"id":""},{"text":"Making","disabled":false,"id":""},{"text":"Media","disabled":false,"id":""},{"text":"Scout","disabled":false,"id":""},{"text":"Finances","disabled":false,"id":""},{"text":"Mark all read","disabled":true,"id":"btn-inbox-mark-all"},{"text":"* Today's live schedule\n        2025-08-01 - Assistant","disabled":false,"id":""},{"text":"Morning training ended\n        2025-07-31 - Training","disabled":false,"id":""},{"text":"Morning training ended\n        2025-07-30 - Training","disabled":false,"id":""},{"text":"Morning training ended\n        2025-07-29 - Training","disabled":false,"id":""},{"text":"Afternoon training ended\n        2025-07-28 - Training","disabled":false,"id":""},{"text":"Morning training ended\n        2025-07-28 - Training","disabled":false,"id":""},{"text":"Weekly news roundup\n        2025-07-28 - News","disabled":false,"id":""},{"text":"Morning training ended\n        2025-07-25 - Training","disabled":false,"id":""},{"text":"Morning training ended\n        2025-07-24 - Training","disabled":false,"id":""},{"text":"Morning training ended\n        2025-07-23 - Training","disabled":false,"id":""},{"text":"Morning training ended\n        2025-07-22 - Training","disabled":false,"id":""},{"text":"Morning training ended\n        2025-07-21 - Training","disabled":false,"id":""},{"text":"Weekly news roundup\n        2025-07-21 - News","disabled":false,"id":""},{"text":"Morning training ended\n        2025-07-18 - Training","disabled":false,"id":""},{"text":"Morning training ended\n        2025-07-17 - Training","disabled":false,"id":""},{"text":"Morning training ended\n        2025-07-16 - Training","disabled":false,"id":""},{"text":"Morning training ended\n        2025-07-15 - Training","disabled":false,"id":""},{"text":"Morning training ended\n        2025-07-14 - Training","disabled":false,"id":""},{"text":"Weekly news roundup\n        2025-07-14 - News","disabled":false,"id":""}]
[sim_takane_6m] open today's live schedule at 2025-08-01
[sim_takane_6m] open today's live schedule at 2025-08-01
[sim_takane_6m] open today's live schedule at 2025-08-01
[sim_takane_6m] open today's live schedule at 2025-08-01
[sim_takane_6m] step=4975 iso=2025-08-01 display=Friday, August 1, 2025 19:20 stale=4924
[sim_takane_6m] open today's live schedule at 2025-08-01
[sim_takane_6m] open today's live schedule at 2025-08-01
[sim_takane_6m] open today's live schedule at 2025-08-01
[sim_takane_6m] open today's live schedule at 2025-08-01
[sim_takane_6m] open today's live schedule at 2025-08-01
[sim_takane_6m] open today's live schedule at 2025-08-01
[sim_takane_6m] open today's live schedule at 2025-08-01
[sim_takane_6m] open today's live schedule at 2025-08-01
[sim_takane_6m] open today's live schedule at 2025-08-01
[sim_takane_6m] open today's live schedule at 2025-08-01
[sim_takane_6m] open today's live schedule at 2025-08-01
[sim_takane_6m] open today's live schedule at 2025-08-01
[sim_takane_6m] open today's live schedule at 2025-08-01
[sim_takane_6m] open today's live schedule at 2025-08-01
[sim_takane_6m] open today's live schedule at 2025-08-01
[sim_takane_6m] open today's live schedule at 2025-08-01
[sim_takane_6m] stale buttons Friday, August 1, 2025 19:20 :: [{"text":"Main menu","disabled":false,"id":"btn-main-menu"},{"text":"Save game","disabled":false,"id":"btn-save"},{"text":"Load game","disabled":false,"id":"btn-load"},{"text":"New game","disabled":false,"id":"btn-new"},{"text":"Clear slot","disabled":false,"id":"btn-clear"},{"text":"‹","disabled":false,"id":""},{"text":"›","disabled":true,"id":""},{"text":"Friday, August 1, 2025 19:20","disabled":false,"id":"btn-goto-schedule"},{"text":"Next","disabled":false,"id":"btn-next-day"},{"text":"Inbox","disabled":false,"id":""},{"text":"Idols","disabled":false,"id":""},{"text":"Groups","disabled":false,"id":""},{"text":"Training","disabled":false,"id":""},{"text":"Schedule","disabled":false,"id":""},{"text":"Lives","disabled":false,"id":""},{"text":"Songs","disabled":false,"id":""},{"text":"Making","disabled":false,"id":""},{"text":"Media","disabled":false,"id":""},{"text":"Scout","disabled":false,"id":""},{"text":"Finances","disabled":false,"id":""},{"text":"Mark all read","disabled":true,"id":"btn-inbox-mark-all"},{"text":"* Today's live schedule\n        2025-08-01 - Assistant","disabled":false,"id":""},{"text":"Morning training ended\n        2025-07-31 - Training","disabled":false,"id":""},{"text":"Morning training ended\n        2025-07-30 - Training","disabled":false,"id":""},{"text":"Morning training ended\n        2025-07-29 - Training","disabled":false,"id":""},{"text":"Afternoon training ended\n        2025-07-28 - Training","disabled":false,"id":""},{"text":"Morning training ended\n        2025-07-28 - Training","disabled":false,"id":""},{"text":"Weekly news roundup\n        2025-07-28 - News","disabled":false,"id":""},{"text":"Morning training ended\n        2025-07-25 - Training","disabled":false,"id":""},{"text":"Morning training ended\n        2025-07-24 - Training","disabled":false,"id":""},{"text":"Morning training ended\n        2025-07-23 - Training","disabled":false,"id":""},{"text":"Morning training ended\n        2025-07-22 - Training","disabled":false,"id":""},{"text":"Morning training ended\n        2025-07-21 - Training","disabled":false,"id":""},{"text":"Weekly news roundup\n        2025-07-21 - News","disabled":false,"id":""},{"text":"Morning training ended\n        2025-07-18 - Training","disabled":false,"id":""},{"text":"Morning training ended\n        2025-07-17 - Training","disabled":false,"id":""},{"text":"Morning training ended\n        2025-07-16 - Training","disabled":false,"id":""},{"text":"Morning training ended\n        2025-07-15 - Training","disabled":false,"id":""},{"text":"Morning training ended\n        2025-07-14 - Training","disabled":false,"id":""},{"text":"Weekly news roundup\n        2025-07-14 - News","disabled":false,"id":""}]
[sim_takane_6m] open today's live schedule at 2025-08-01
[sim_takane_6m] open today's live schedule at 2025-08-01
[sim_takane_6m] open today's live schedule at 2025-08-01
[sim_takane_6m] open today's live schedule at 2025-08-01
[sim_takane_6m] open today's live schedule at 2025-08-01
[sim_takane_6m] open today's live schedule at 2025-08-01
[sim_takane_6m] open today's live schedule at 2025-08-01
[sim_takane_6m] open today's live schedule at 2025-08-01
[sim_takane_6m] open today's live schedule at 2025-08-01
